check,source,file,object_id,metric,value
collinear_face,Source A,TheHague3D_batch_01a_Landmark_Attributed_2021-06-29.json,TheHague3D_batch_01a_Landmark_Attributed_2021-06-29.json:bag_0518100000225802,n_vertices,1269
collinear_face,Source A,TheHague3D_batch_01a_part01_attributed_2021-06-29.json,TheHague3D_batch_01a_part01_attributed_2021-06-29.json:bag_0518100000344028,n_vertices,246
collinear_face,Source A,TheHague3D_batch_01a_part01_attributed_2021-06-29.json,TheHague3D_batch_01a_part01_attributed_2021-06-29.json:bag_0518100000339442,n_vertices,205
collinear_face,Source A,TheHague3D_batch_01a_part01_attributed_2021-06-29.json,TheHague3D_batch_01a_part01_attributed_2021-06-29.json:bag_0518100000271256,n_vertices,49
collinear_face,Source A,TheHague3D_batch_01a_part02_attributed_2021-06-29.json,TheHague3D_batch_01a_part02_attributed_2021-06-29.json:bag_0518100000272165,n_vertices,171
collinear_face,Source A,TheHague3D_batch_01a_part02_attributed_2021-06-29.json,TheHague3D_batch_01a_part02_attributed_2021-06-29.json:bag_0518100000287656,n_vertices,68
collinear_face,Source A,TheHague3D_batch_01a_part03_attributed_2021-06-29.json,TheHague3D_batch_01a_part03_attributed_2021-06-29.json:bag_0518100000302884,n_vertices,62
collinear_face,Source A,TheHague3D_batch_02_wijk29_attributed_2021_08_19.json,TheHague3D_batch_02_wijk29_attributed_2021_08_19.json:bag_0518100000203166,n_vertices,58
collinear_face,Source A,TheHague3D_batch_02_wijk29_attributed_2021_08_19.json,TheHague3D_batch_02_wijk29_attributed_2021_08_19.json:bag_0518100000223016,n_vertices,104
collinear_face,Source A,TheHague3D_batch_02_wijk29_attributed_2021_08_19.json,TheHague3D_batch_02_wijk29_attributed_2021_08_19.json:bag_0518100001640172,n_vertices,136
collinear_face,Source A,TheHague3D_batch_02_wijk36_attributed_2021_08_19.json,TheHague3D_batch_02_wijk36_attributed_2021_08_19.json:bag_0518100001629625,n_vertices,98
collinear_face,Source A,TheHague3D_batch_02_wijk36_attributed_2021_08_19.json,TheHague3D_batch_02_wijk36_attributed_2021_08_19.json:bag_0518100000279022,n_vertices,34
collinear_face,Source A,TheHague3D_batch_02_wijk36_attributed_2021_08_19.json,TheHague3D_batch_02_wijk36_attributed_2021_08_19.json:bag_0518100000287734,n_vertices,63
collinear_face,Source A,TheHague3D_batch_05_Wijk 11 Duinoord_2022-06-21.json,TheHague3D_batch_05_Wijk 11 Duinoord_2022-06-21.json:bag_0518100000353889,n_vertices,79
collinear_face,Source A,TheHague3D_batch_05_Wijk 22 Zeeheldenkwartier_2022-06-22.json,TheHague3D_batch_05_Wijk 22 Zeeheldenkwartier_2022-06-22.json:bag_0518100000211455,n_vertices,100
collinear_face,Source A,TheHague3D_batch_06_Wijk 19 Vruchtenbuurt_2022-07-06.json,TheHague3D_batch_06_Wijk 19 Vruchtenbuurt_2022-07-06.json:bag_0518100000279316,n_vertices,74
collinear_face,Source A,TheHague3D_batch_06_Wijk 20 Valkenboskwartier_2022-06-21.json,TheHague3D_batch_06_Wijk 20 Valkenboskwartier_2022-06-21.json:bag_0518100000345063,n_vertices,72
collinear_face,Source A,TheHague3D_Batch_08_Forepark_2022-08-08.json,TheHague3D_Batch_08_Forepark_2022-08-08.json:bag_0518100000273015,n_vertices,1369
collinear_face,Source B,10-232-568.city.json,10-232-568.city.json:NL.IMBAG.Pand.1783100000004137-0,n_vertices,75
collinear_face,Source B,10-232-568.city.json,10-232-568.city.json:NL.IMBAG.Pand.1783100000004151-0,n_vertices,349
collinear_face,Source B,10-232-568.city.json,10-232-568.city.json:NL.IMBAG.Pand.1783100000032041-0,n_vertices,52
collinear_face,Source B,10-232-568.city.json,10-232-568.city.json:NL.IMBAG.Pand.1783100000032085-0,n_vertices,122
collinear_face,Source B,10-232-570.city.json,10-232-570.city.json:NL.IMBAG.Pand.1783100000034904-0,n_vertices,31
collinear_face,Source B,10-234-568.city.json,10-234-568.city.json:NL.IMBAG.Pand.1783100000706723-0,n_vertices,69
collinear_face,Source B,10-250-580.city.json,10-250-580.city.json:NL.IMBAG.Pand.0518100000246659-0,n_vertices,33
collinear_face,Source B,10-250-580.city.json,10-250-580.city.json:NL.IMBAG.Pand.0518100000340301-0,n_vertices,195
collinear_face,Source B,10-250-580.city.json,10-250-580.city.json:NL.IMBAG.Pand.0518100001759291-0,n_vertices,18
collinear_face,Source B,10-250-582.city.json,10-250-582.city.json:NL.IMBAG.Pand.0518100000205804-0,n_vertices,348
collinear_face,Source B,10-250-582.city.json,10-250-582.city.json:NL.IMBAG.Pand.0518100000210350-0,n_vertices,446
collinear_face,Source B,10-250-582.city.json,10-250-582.city.json:NL.IMBAG.Pand.0518100000241031-0,n_vertices,141
collinear_face,Source B,10-250-582.city.json,10-250-582.city.json:NL.IMBAG.Pand.0518100000318516-0,n_vertices,143
collinear_face,Source B,10-256-588.city.json,10-256-588.city.json:NL.IMBAG.Pand.0518100000297722-0,n_vertices,79
collinear_face,Source B,10-256-588.city.json,10-256-588.city.json:NL.IMBAG.Pand.0518100000325639-0,n_vertices,147
collinear_face,Source B,10-256-588.city.json,10-256-588.city.json:NL.IMBAG.Pand.0518100000346280-0,n_vertices,35
collinear_face,Source B,10-256-590.city.json,10-256-590.city.json:NL.IMBAG.Pand.0518100000206702-0,n_vertices,31
collinear_face,Source B,10-256-590.city.json,10-256-590.city.json:NL.IMBAG.Pand.0518100000212009-0,n_vertices,212
collinear_face,Source B,10-256-590.city.json,10-256-590.city.json:NL.IMBAG.Pand.0518100000245183-0,n_vertices,1756
collinear_face,Source B,10-256-590.city.json,10-256-590.city.json:NL.IMBAG.Pand.0518100000299417-0,n_vertices,104
collinear_face,Source B,10-256-590.city.json,10-256-590.city.json:NL.IMBAG.Pand.0518100000309418-0,n_vertices,76
collinear_face,Source B,10-256-598.city.json,10-256-598.city.json:NL.IMBAG.Pand.0518100000277090-0,n_vertices,30
collinear_face,Source B,10-258-588.city.json,10-258-588.city.json:NL.IMBAG.Pand.0518100000317595-0,n_vertices,23
collinear_face,Source B,10-258-590.city.json,10-258-590.city.json:NL.IMBAG.Pand.0518100000269511-0,n_vertices,85
collinear_face,Source B,10-258-590.city.json,10-258-590.city.json:NL.IMBAG.Pand.0518100000283788-0,n_vertices,102
collinear_face,Source B,10-258-590.city.json,10-258-590.city.json:NL.IMBAG.Pand.0518100000355080-0,n_vertices,190
collinear_face,Source B,10-258-590.city.json,10-258-590.city.json:NL.IMBAG.Pand.0518100001754930-0,n_vertices,75
collinear_face,Source B,10-258-596.city.json,10-258-596.city.json:NL.IMBAG.Pand.0518100000354140-0,n_vertices,63
collinear_face,Source B,10-258-598.city.json,10-258-598.city.json:NL.IMBAG.Pand.0518100000205951-0,n_vertices,57
collinear_face,Source B,10-258-598.city.json,10-258-598.city.json:NL.IMBAG.Pand.0518100000206013-0,n_vertices,90
collinear_face,Source B,10-258-598.city.json,10-258-598.city.json:NL.IMBAG.Pand.0518100000207228-0,n_vertices,61
collinear_face,Source B,10-258-598.city.json,10-258-598.city.json:NL.IMBAG.Pand.0518100000218422-0,n_vertices,59
collinear_face,Source B,10-258-598.city.json,10-258-598.city.json:NL.IMBAG.Pand.0518100000221655-0,n_vertices,57
collinear_face,Source B,10-258-598.city.json,10-258-598.city.json:NL.IMBAG.Pand.0518100000222719-0,n_vertices,45
collinear_face,Source B,10-258-598.city.json,10-258-598.city.json:NL.IMBAG.Pand.0518100000224046-0,n_vertices,43
collinear_face,Source B,10-258-598.city.json,10-258-598.city.json:NL.IMBAG.Pand.0518100000229682-0,n_vertices,44
collinear_face,Source B,10-258-598.city.json,10-258-598.city.json:NL.IMBAG.Pand.0518100000236505-0,n_vertices,100
collinear_face,Source B,10-258-598.city.json,10-258-598.city.json:NL.IMBAG.Pand.0518100000240527-0,n_vertices,60
collinear_face,Source B,10-258-598.city.json,10-258-598.city.json:NL.IMBAG.Pand.0518100000242281-0,n_vertices,61
collinear_face,Source B,10-258-598.city.json,10-258-598.city.json:NL.IMBAG.Pand.0518100000245437-0,n_vertices,87
collinear_face,Source B,10-258-598.city.json,10-258-598.city.json:NL.IMBAG.Pand.0518100000275182-0,n_vertices,38
collinear_face,Source B,10-258-598.city.json,10-258-598.city.json:NL.IMBAG.Pand.0518100000277694-0,n_vertices,76
collinear_face,Source B,10-258-598.city.json,10-258-598.city.json:NL.IMBAG.Pand.0518100000278339-0,n_vertices,69
collinear_face,Source B,10-258-598.city.json,10-258-598.city.json:NL.IMBAG.Pand.0518100000287132-0,n_vertices,50
collinear_face,Source B,10-258-598.city.json,10-258-598.city.json:NL.IMBAG.Pand.0518100000288339-0,n_vertices,67
collinear_face,Source B,10-258-598.city.json,10-258-598.city.json:NL.IMBAG.Pand.0518100000288837-0,n_vertices,84
collinear_face,Source B,10-258-598.city.json,10-258-598.city.json:NL.IMBAG.Pand.0518100000297082-0,n_vertices,83
collinear_face,Source B,10-258-598.city.json,10-258-598.city.json:NL.IMBAG.Pand.0518100000301257-0,n_vertices,74
collinear_face,Source B,10-258-598.city.json,10-258-598.city.json:NL.IMBAG.Pand.0518100000305466-0,n_vertices,61
collinear_face,Source B,10-258-598.city.json,10-258-598.city.json:NL.IMBAG.Pand.0518100000317180-0,n_vertices,48
collinear_face,Source B,10-258-598.city.json,10-258-598.city.json:NL.IMBAG.Pand.0518100000333423-0,n_vertices,37
collinear_face,Source B,10-258-598.city.json,10-258-598.city.json:NL.IMBAG.Pand.0518100000338054-0,n_vertices,59
collinear_face,Source B,10-258-598.city.json,10-258-598.city.json:NL.IMBAG.Pand.0518100000340712-0,n_vertices,56
collinear_face,Source B,10-260-568.city.json,10-260-568.city.json:NL.IMBAG.Pand.1783100000000191-0,n_vertices,85
collinear_face,Source B,10-260-568.city.json,10-260-568.city.json:NL.IMBAG.Pand.1783100000014182-0,n_vertices,137
collinear_face,Source B,10-260-568.city.json,10-260-568.city.json:NL.IMBAG.Pand.1783100000607258-0,n_vertices,60
collinear_face,Source B,10-260-570.city.json,10-260-570.city.json:NL.IMBAG.Pand.1783100000070043-0,n_vertices,245
collinear_face,Source B,10-260-570.city.json,10-260-570.city.json:NL.IMBAG.Pand.1783100000605437-0,n_vertices,61
collinear_face,Source B,10-260-570.city.json,10-260-570.city.json:NL.IMBAG.Pand.1783100000605617-0,n_vertices,41
collinear_face,Source B,10-260-570.city.json,10-260-570.city.json:NL.IMBAG.Pand.1783100000606497-0,n_vertices,33
collinear_face,Source B,10-260-570.city.json,10-260-570.city.json:NL.IMBAG.Pand.1783100000700638-0,n_vertices,58
collinear_face,Source B,10-260-570.city.json,10-260-570.city.json:NL.IMBAG.Pand.1783100000705694-0,n_vertices,56
collinear_face,Source B,10-260-570.city.json,10-260-570.city.json:NL.IMBAG.Pand.1783100000712694-0,n_vertices,48
collinear_face,Source B,10-260-584.city.json,10-260-584.city.json:NL.IMBAG.Pand.0518100000215224-0,n_vertices,51
collinear_face,Source B,10-260-584.city.json,10-260-584.city.json:NL.IMBAG.Pand.0518100000342306-0,n_vertices,71
collinear_face,Source B,10-260-586.city.json,10-260-586.city.json:NL.IMBAG.Pand.0518100000314905-0,n_vertices,295
collinear_face,Source B,10-260-588.city.json,10-260-588.city.json:NL.IMBAG.Pand.0518100000227671-0,n_vertices,32
collinear_face,Source B,10-260-588.city.json,10-260-588.city.json:NL.IMBAG.Pand.0518100000295431-0,n_vertices,89
collinear_face,Source B,10-260-588.city.json,10-260-588.city.json:NL.IMBAG.Pand.0518100000337980-0,n_vertices,49
collinear_face,Source B,10-260-590.city.json,10-260-590.city.json:NL.IMBAG.Pand.0518100000206776-0,n_vertices,73
collinear_face,Source B,10-260-590.city.json,10-260-590.city.json:NL.IMBAG.Pand.0518100000214674-0,n_vertices,102
collinear_face,Source B,10-260-590.city.json,10-260-590.city.json:NL.IMBAG.Pand.0518100000236511-0,n_vertices,87
collinear_face,Source B,10-260-590.city.json,10-260-590.city.json:NL.IMBAG.Pand.0518100000277936-0,n_vertices,134
collinear_face,Source B,10-260-590.city.json,10-260-590.city.json:NL.IMBAG.Pand.0518100000285860-0,n_vertices,73
collinear_face,Source B,10-260-590.city.json,10-260-590.city.json:NL.IMBAG.Pand.0518100000286348-0,n_vertices,54
collinear_face,Source B,10-260-590.city.json,10-260-590.city.json:NL.IMBAG.Pand.0518100000286664-0,n_vertices,73
collinear_face,Source B,10-260-590.city.json,10-260-590.city.json:NL.IMBAG.Pand.0518100000322288-0,n_vertices,69
collinear_face,Source B,10-260-590.city.json,10-260-590.city.json:NL.IMBAG.Pand.0518100000322483-0,n_vertices,69
collinear_face,Source B,10-260-590.city.json,10-260-590.city.json:NL.IMBAG.Pand.0518100000323531-0,n_vertices,111
collinear_face,Source B,10-260-590.city.json,10-260-590.city.json:NL.IMBAG.Pand.0518100000338645-0,n_vertices,99
collinear_face,Source B,10-260-590.city.json,10-260-590.city.json:NL.IMBAG.Pand.0518100000339047-0,n_vertices,99
collinear_face,Source B,10-260-590.city.json,10-260-590.city.json:NL.IMBAG.Pand.0518100000339649-0,n_vertices,133
collinear_face,Source B,10-260-590.city.json,10-260-590.city.json:NL.IMBAG.Pand.0518100000352650-0,n_vertices,217
collinear_face,Source B,10-260-596.city.json,10-260-596.city.json:NL.IMBAG.Pand.0518100000210378-0,n_vertices,66
collinear_face,Source B,10-260-596.city.json,10-260-596.city.json:NL.IMBAG.Pand.0518100000236371-0,n_vertices,153
collinear_face,Source B,10-260-596.city.json,10-260-596.city.json:NL.IMBAG.Pand.0518100000237983-0,n_vertices,153
collinear_face,Source B,10-260-596.city.json,10-260-596.city.json:NL.IMBAG.Pand.0518100000274179-0,n_vertices,101
collinear_face,Source B,10-260-596.city.json,10-260-596.city.json:NL.IMBAG.Pand.0518100000283569-0,n_vertices,57
collinear_face,Source B,10-260-596.city.json,10-260-596.city.json:NL.IMBAG.Pand.0518100000302160-0,n_vertices,107
collinear_face,Source B,10-260-596.city.json,10-260-596.city.json:NL.IMBAG.Pand.0518100000341672-0,n_vertices,154
collinear_face,Source B,10-260-598.city.json,10-260-598.city.json:NL.IMBAG.Pand.0518100000210784-0,n_vertices,205
collinear_face,Source B,10-260-598.city.json,10-260-598.city.json:NL.IMBAG.Pand.0518100000214461-0,n_vertices,43
collinear_face,Source B,10-260-598.city.json,10-260-598.city.json:NL.IMBAG.Pand.0518100000217090-0,n_vertices,83
collinear_face,Source B,10-260-598.city.json,10-260-598.city.json:NL.IMBAG.Pand.0518100000219895-0,n_vertices,92
collinear_face,Source B,10-260-598.city.json,10-260-598.city.json:NL.IMBAG.Pand.0518100000224743-0,n_vertices,99
collinear_face,Source B,10-260-598.city.json,10-260-598.city.json:NL.IMBAG.Pand.0518100000242282-0,n_vertices,116
collinear_face,Source B,10-260-598.city.json,10-260-598.city.json:NL.IMBAG.Pand.0518100000286289-0,n_vertices,82
collinear_face,Source B,10-260-598.city.json,10-260-598.city.json:NL.IMBAG.Pand.0518100000308700-0,n_vertices,33
collinear_face,Source B,10-260-598.city.json,10-260-598.city.json:NL.IMBAG.Pand.0518100000315222-0,n_vertices,66
collinear_face,Source B,10-260-598.city.json,10-260-598.city.json:NL.IMBAG.Pand.0518100000323868-0,n_vertices,50
collinear_face,Source B,10-260-598.city.json,10-260-598.city.json:NL.IMBAG.Pand.0518100000328558-0,n_vertices,71
collinear_face,Source B,10-260-600.city.json,10-260-600.city.json:NL.IMBAG.Pand.0518100000207260-0,n_vertices,129
collinear_face,Source B,10-260-600.city.json,10-260-600.city.json:NL.IMBAG.Pand.0518100000228117-0,n_vertices,58
collinear_face,Source B,10-260-600.city.json,10-260-600.city.json:NL.IMBAG.Pand.0518100000245718-0,n_vertices,122
collinear_face,Source B,10-260-600.city.json,10-260-600.city.json:NL.IMBAG.Pand.0518100000300006-0,n_vertices,128
collinear_face,Source B,10-260-600.city.json,10-260-600.city.json:NL.IMBAG.Pand.0518100000301498-0,n_vertices,66
collinear_face,Source B,10-260-600.city.json,10-260-600.city.json:NL.IMBAG.Pand.0518100000315521-0,n_vertices,79
collinear_face,Source B,10-260-600.city.json,10-260-600.city.json:NL.IMBAG.Pand.0518100000320438-0,n_vertices,31
collinear_face,Source B,10-260-600.city.json,10-260-600.city.json:NL.IMBAG.Pand.0518100000321804-0,n_vertices,53
collinear_face,Source B,10-260-600.city.json,10-260-600.city.json:NL.IMBAG.Pand.0518100000339953-0,n_vertices,95
collinear_face,Source B,10-260-600.city.json,10-260-600.city.json:NL.IMBAG.Pand.0518100000347400-0,n_vertices,90
collinear_face,Source B,10-260-602.city.json,10-260-602.city.json:NL.IMBAG.Pand.0518100000219753-0,n_vertices,82
collinear_face,Source B,10-260-602.city.json,10-260-602.city.json:NL.IMBAG.Pand.0518100000230113-0,n_vertices,34
collinear_face,Source B,10-260-602.city.json,10-260-602.city.json:NL.IMBAG.Pand.0518100000273169-0,n_vertices,229
collinear_face,Source B,10-260-602.city.json,10-260-602.city.json:NL.IMBAG.Pand.0518100000273309-0,n_vertices,61
collinear_face,Source B,10-260-602.city.json,10-260-602.city.json:NL.IMBAG.Pand.0518100000273782-0,n_vertices,167
collinear_face,Source B,10-260-602.city.json,10-260-602.city.json:NL.IMBAG.Pand.0518100000275164-0,n_vertices,84
collinear_face,Source B,10-260-602.city.json,10-260-602.city.json:NL.IMBAG.Pand.0518100000278542-0,n_vertices,35
collinear_face,Source B,10-260-602.city.json,10-260-602.city.json:NL.IMBAG.Pand.0518100000282596-0,n_vertices,53
collinear_face,Source B,10-260-602.city.json,10-260-602.city.json:NL.IMBAG.Pand.0518100000282804-0,n_vertices,52
collinear_face,Source B,10-260-602.city.json,10-260-602.city.json:NL.IMBAG.Pand.0518100000284798-0,n_vertices,137
collinear_face,Source B,10-260-602.city.json,10-260-602.city.json:NL.IMBAG.Pand.0518100000288408-0,n_vertices,92
collinear_face,Source B,10-260-602.city.json,10-260-602.city.json:NL.IMBAG.Pand.0518100000297583-0,n_vertices,181
collinear_face,Source B,10-260-602.city.json,10-260-602.city.json:NL.IMBAG.Pand.0518100000306228-0,n_vertices,70
collinear_face,Source B,10-260-602.city.json,10-260-602.city.json:NL.IMBAG.Pand.0518100000307555-0,n_vertices,60
collinear_face,Source B,10-260-602.city.json,10-260-602.city.json:NL.IMBAG.Pand.0518100000308980-0,n_vertices,231
collinear_face,Source B,10-260-602.city.json,10-260-602.city.json:NL.IMBAG.Pand.0518100000335536-0,n_vertices,64
collinear_face,Source B,10-260-602.city.json,10-260-602.city.json:NL.IMBAG.Pand.0518100000336377-0,n_vertices,47
collinear_face,Source B,10-260-602.city.json,10-260-602.city.json:NL.IMBAG.Pand.0518100000337514-0,n_vertices,89
collinear_face,Source B,10-260-602.city.json,10-260-602.city.json:NL.IMBAG.Pand.0518100000338508-0,n_vertices,383
collinear_face,Source B,10-260-604.city.json,10-260-604.city.json:NL.IMBAG.Pand.0518100000206200-0,n_vertices,62
collinear_face,Source B,10-260-604.city.json,10-260-604.city.json:NL.IMBAG.Pand.0518100000212639-0,n_vertices,126
collinear_face,Source B,10-260-604.city.json,10-260-604.city.json:NL.IMBAG.Pand.0518100000214823-0,n_vertices,92
collinear_face,Source B,10-260-604.city.json,10-260-604.city.json:NL.IMBAG.Pand.0518100000225423-0,n_vertices,120
collinear_face,Source B,10-260-604.city.json,10-260-604.city.json:NL.IMBAG.Pand.0518100000233697-0,n_vertices,74
collinear_face,Source B,10-260-604.city.json,10-260-604.city.json:NL.IMBAG.Pand.0518100000242080-0,n_vertices,75
collinear_face,Source B,10-260-604.city.json,10-260-604.city.json:NL.IMBAG.Pand.0518100000286794-0,n_vertices,36
collinear_face,Source B,10-260-604.city.json,10-260-604.city.json:NL.IMBAG.Pand.0518100000296231-0,n_vertices,45
collinear_face,Source B,10-260-604.city.json,10-260-604.city.json:NL.IMBAG.Pand.0518100000316950-0,n_vertices,56
collinear_face,Source B,10-260-604.city.json,10-260-604.city.json:NL.IMBAG.Pand.0518100000316962-0,n_vertices,39
collinear_face,Source B,10-260-606.city.json,10-260-606.city.json:NL.IMBAG.Pand.0518100000251735-0,n_vertices,93
collinear_face,Source B,10-260-606.city.json,10-260-606.city.json:NL.IMBAG.Pand.0518100000323431-0,n_vertices,149
collinear_face,Source B,10-262-568.city.json,10-262-568.city.json:NL.IMBAG.Pand.1783100000062737-0,n_vertices,142
collinear_face,Source B,10-262-570.city.json,10-262-570.city.json:NL.IMBAG.Pand.0518100000251868-0,n_vertices,43
collinear_face,Source B,10-262-570.city.json,10-262-570.city.json:NL.IMBAG.Pand.0518100000310597-0,n_vertices,21
collinear_face,Source B,10-262-570.city.json,10-262-570.city.json:NL.IMBAG.Pand.0518100000326841-0,n_vertices,36
collinear_face,Source B,10-262-570.city.json,10-262-570.city.json:NL.IMBAG.Pand.0518100000347383-0,n_vertices,15
collinear_face,Source B,10-262-586.city.json,10-262-586.city.json:NL.IMBAG.Pand.0518100000240595-0,n_vertices,128
collinear_face,Source B,10-262-586.city.json,10-262-586.city.json:NL.IMBAG.Pand.0518100000269121-0,n_vertices,789
collinear_face,Source B,10-262-586.city.json,10-262-586.city.json:NL.IMBAG.Pand.0518100000341525-0,n_vertices,75
collinear_face,Source B,10-262-586.city.json,10-262-586.city.json:NL.IMBAG.Pand.0518100000354587-0,n_vertices,41
collinear_face,Source B,10-262-588.city.json,10-262-588.city.json:NL.IMBAG.Pand.0518100000223687-0,n_vertices,77
collinear_face,Source B,10-262-588.city.json,10-262-588.city.json:NL.IMBAG.Pand.0518100000245195-0,n_vertices,44
collinear_face,Source B,10-262-588.city.json,10-262-588.city.json:NL.IMBAG.Pand.0518100000279020-0,n_vertices,59
collinear_face,Source B,10-262-588.city.json,10-262-588.city.json:NL.IMBAG.Pand.0518100000296203-0,n_vertices,67
collinear_face,Source B,10-262-588.city.json,10-262-588.city.json:NL.IMBAG.Pand.0518100000307886-0,n_vertices,71
collinear_face,Source B,10-262-590.city.json,10-262-590.city.json:NL.IMBAG.Pand.0518100000208224-0,n_vertices,48
collinear_face,Source B,10-262-590.city.json,10-262-590.city.json:NL.IMBAG.Pand.0518100000218438-0,n_vertices,129
collinear_face,Source B,10-262-590.city.json,10-262-590.city.json:NL.IMBAG.Pand.0518100000220400-0,n_vertices,27
collinear_face,Source B,10-262-590.city.json,10-262-590.city.json:NL.IMBAG.Pand.0518100000230517-0,n_vertices,88
collinear_face,Source B,10-262-590.city.json,10-262-590.city.json:NL.IMBAG.Pand.0518100000235872-0,n_vertices,65
collinear_face,Source B,10-262-590.city.json,10-262-590.city.json:NL.IMBAG.Pand.0518100000273532-0,n_vertices,189
collinear_face,Source B,10-262-590.city.json,10-262-590.city.json:NL.IMBAG.Pand.0518100000279950-0,n_vertices,60
collinear_face,Source B,10-262-590.city.json,10-262-590.city.json:NL.IMBAG.Pand.0518100000281316-0,n_vertices,90
collinear_face,Source B,10-262-590.city.json,10-262-590.city.json:NL.IMBAG.Pand.0518100000281530-0,n_vertices,124
collinear_face,Source B,10-262-590.city.json,10-262-590.city.json:NL.IMBAG.Pand.0518100000290621-0,n_vertices,90
collinear_face,Source B,10-262-590.city.json,10-262-590.city.json:NL.IMBAG.Pand.0518100000303480-0,n_vertices,125
collinear_face,Source B,10-262-590.city.json,10-262-590.city.json:NL.IMBAG.Pand.0518100000324371-0,n_vertices,49
collinear_face,Source B,10-262-590.city.json,10-262-590.city.json:NL.IMBAG.Pand.0518100000338138-0,n_vertices,121
collinear_face,Source B,10-262-590.city.json,10-262-590.city.json:NL.IMBAG.Pand.0518100000338452-0,n_vertices,31
collinear_face,Source B,10-262-590.city.json,10-262-590.city.json:NL.IMBAG.Pand.0518100000338484-0,n_vertices,43
collinear_face,Source B,10-262-596.city.json,10-262-596.city.json:NL.IMBAG.Pand.0518100001640602-0,n_vertices,2403
collinear_face,Source B,10-262-598.city.json,10-262-598.city.json:NL.IMBAG.Pand.0518100000244984-0,n_vertices,494
collinear_face,Source B,10-262-598.city.json,10-262-598.city.json:NL.IMBAG.Pand.0518100000286691-0,n_vertices,810
collinear_face,Source B,10-262-598.city.json,10-262-598.city.json:NL.IMBAG.Pand.0518100000307849-0,n_vertices,212
collinear_face,Source B,10-262-598.city.json,10-262-598.city.json:NL.IMBAG.Pand.0518100000352942-0,n_vertices,197
collinear_face,Source B,10-262-600.city.json,10-262-600.city.json:NL.IMBAG.Pand.0518100000212656-0,n_vertices,59
collinear_face,Source B,10-262-600.city.json,10-262-600.city.json:NL.IMBAG.Pand.0518100000218435-0,n_vertices,148
collinear_face,Source B,10-262-600.city.json,10-262-600.city.json:NL.IMBAG.Pand.0518100000222102-0,n_vertices,110
collinear_face,Source B,10-262-600.city.json,10-262-600.city.json:NL.IMBAG.Pand.0518100000227643-0,n_vertices,190
collinear_face,Source B,10-262-600.city.json,10-262-600.city.json:NL.IMBAG.Pand.0518100000230426-0,n_vertices,62
collinear_face,Source B,10-262-600.city.json,10-262-600.city.json:NL.IMBAG.Pand.0518100000271573-0,n_vertices,79
collinear_face,Source B,10-262-600.city.json,10-262-600.city.json:NL.IMBAG.Pand.0518100000273995-0,n_vertices,373
collinear_face,Source B,10-262-600.city.json,10-262-600.city.json:NL.IMBAG.Pand.0518100000279819-0,n_vertices,144
collinear_face,Source B,10-262-600.city.json,10-262-600.city.json:NL.IMBAG.Pand.0518100000282190-0,n_vertices,40
collinear_face,Source B,10-262-600.city.json,10-262-600.city.json:NL.IMBAG.Pand.0518100000302239-0,n_vertices,116
collinear_face,Source B,10-262-600.city.json,10-262-600.city.json:NL.IMBAG.Pand.0518100000319725-0,n_vertices,31
collinear_face,Source B,10-262-600.city.json,10-262-600.city.json:NL.IMBAG.Pand.0518100000321948-0,n_vertices,204
collinear_face,Source B,10-262-600.city.json,10-262-600.city.json:NL.IMBAG.Pand.0518100000326861-0,n_vertices,189
collinear_face,Source B,10-262-600.city.json,10-262-600.city.json:NL.IMBAG.Pand.0518100000337110-0,n_vertices,73
collinear_face,Source B,10-262-602.city.json,10-262-602.city.json:NL.IMBAG.Pand.0518100000206101-0,n_vertices,69
collinear_face,Source B,10-262-602.city.json,10-262-602.city.json:NL.IMBAG.Pand.0518100000218614-0,n_vertices,116
collinear_face,Source B,10-262-602.city.json,10-262-602.city.json:NL.IMBAG.Pand.0518100000219391-0,n_vertices,200
collinear_face,Source B,10-262-602.city.json,10-262-602.city.json:NL.IMBAG.Pand.0518100000219412-0,n_vertices,42
collinear_face,Source B,10-262-602.city.json,10-262-602.city.json:NL.IMBAG.Pand.0518100000219808-0,n_vertices,81
collinear_face,Source B,10-262-602.city.json,10-262-602.city.json:NL.IMBAG.Pand.0518100000220124-0,n_vertices,43
collinear_face,Source B,10-262-602.city.json,10-262-602.city.json:NL.IMBAG.Pand.0518100000222554-0,n_vertices,196
collinear_face,Source B,10-262-602.city.json,10-262-602.city.json:NL.IMBAG.Pand.0518100000223195-0,n_vertices,82
collinear_face,Source B,10-262-602.city.json,10-262-602.city.json:NL.IMBAG.Pand.0518100000223196-0,n_vertices,73
collinear_face,Source B,10-262-602.city.json,10-262-602.city.json:NL.IMBAG.Pand.0518100000228804-0,n_vertices,211
collinear_face,Source B,10-262-602.city.json,10-262-602.city.json:NL.IMBAG.Pand.0518100000231087-0,n_vertices,57
collinear_face,Source B,10-262-602.city.json,10-262-602.city.json:NL.IMBAG.Pand.0518100000233123-0,n_vertices,45
collinear_face,Source B,10-262-602.city.json,10-262-602.city.json:NL.IMBAG.Pand.0518100000233593-0,n_vertices,88
collinear_face,Source B,10-262-602.city.json,10-262-602.city.json:NL.IMBAG.Pand.0518100000235086-0,n_vertices,20
collinear_face,Source B,10-262-602.city.json,10-262-602.city.json:NL.IMBAG.Pand.0518100000235711-0,n_vertices,60
collinear_face,Source B,10-262-602.city.json,10-262-602.city.json:NL.IMBAG.Pand.0518100000240061-0,n_vertices,40
collinear_face,Source B,10-262-602.city.json,10-262-602.city.json:NL.IMBAG.Pand.0518100000240645-0,n_vertices,36
collinear_face,Source B,10-262-602.city.json,10-262-602.city.json:NL.IMBAG.Pand.0518100000241786-0,n_vertices,56
collinear_face,Source B,10-262-602.city.json,10-262-602.city.json:NL.IMBAG.Pand.0518100000242245-0,n_vertices,49
collinear_face,Source B,10-262-602.city.json,10-262-602.city.json:NL.IMBAG.Pand.0518100000242522-0,n_vertices,35
collinear_face,Source B,10-262-602.city.json,10-262-602.city.json:NL.IMBAG.Pand.0518100000249482-0,n_vertices,223
collinear_face,Source B,10-262-602.city.json,10-262-602.city.json:NL.IMBAG.Pand.0518100000278044-0,n_vertices,46
collinear_face,Source B,10-262-602.city.json,10-262-602.city.json:NL.IMBAG.Pand.0518100000278735-0,n_vertices,38
collinear_face,Source B,10-262-602.city.json,10-262-602.city.json:NL.IMBAG.Pand.0518100000280674-0,n_vertices,66
collinear_face,Source B,10-262-602.city.json,10-262-602.city.json:NL.IMBAG.Pand.0518100000285613-0,n_vertices,61
collinear_face,Source B,10-262-602.city.json,10-262-602.city.json:NL.IMBAG.Pand.0518100000286811-0,n_vertices,44
collinear_face,Source B,10-262-602.city.json,10-262-602.city.json:NL.IMBAG.Pand.0518100000290511-0,n_vertices,119
collinear_face,Source B,10-262-602.city.json,10-262-602.city.json:NL.IMBAG.Pand.0518100000296447-0,n_vertices,48
collinear_face,Source B,10-262-602.city.json,10-262-602.city.json:NL.IMBAG.Pand.0518100000303133-0,n_vertices,149
collinear_face,Source B,10-262-602.city.json,10-262-602.city.json:NL.IMBAG.Pand.0518100000304536-0,n_vertices,82
collinear_face,Source B,10-262-602.city.json,10-262-602.city.json:NL.IMBAG.Pand.0518100000305564-0,n_vertices,34
collinear_face,Source B,10-262-602.city.json,10-262-602.city.json:NL.IMBAG.Pand.0518100000308051-0,n_vertices,196
collinear_face,Source B,10-262-602.city.json,10-262-602.city.json:NL.IMBAG.Pand.0518100000308360-0,n_vertices,87
collinear_face,Source B,10-262-602.city.json,10-262-602.city.json:NL.IMBAG.Pand.0518100000315397-0,n_vertices,159
collinear_face,Source B,10-262-602.city.json,10-262-602.city.json:NL.IMBAG.Pand.0518100000317296-0,n_vertices,168
collinear_face,Source B,10-262-602.city.json,10-262-602.city.json:NL.IMBAG.Pand.0518100000334318-0,n_vertices,336
collinear_face,Source B,10-262-602.city.json,10-262-602.city.json:NL.IMBAG.Pand.0518100000340525-0,n_vertices,87
collinear_face,Source B,10-262-602.city.json,10-262-602.city.json:NL.IMBAG.Pand.0518100000341161-0,n_vertices,119
collinear_face,Source B,10-262-602.city.json,10-262-602.city.json:NL.IMBAG.Pand.0518100000341521-0,n_vertices,399
collinear_face,Source B,10-262-602.city.json,10-262-602.city.json:NL.IMBAG.Pand.0518100000342720-0,n_vertices,85
collinear_face,Source B,10-262-602.city.json,10-262-602.city.json:NL.IMBAG.Pand.0518100000342834-0,n_vertices,302
collinear_face,Source B,10-262-602.city.json,10-262-602.city.json:NL.IMBAG.Pand.0518100001640539-0,n_vertices,182
collinear_face,Source B,10-262-604.city.json,10-262-604.city.json:NL.IMBAG.Pand.0518100000203543-0,n_vertices,166
collinear_face,Source B,10-262-604.city.json,10-262-604.city.json:NL.IMBAG.Pand.0518100000204521-0,n_vertices,50
collinear_face,Source B,10-262-604.city.json,10-262-604.city.json:NL.IMBAG.Pand.0518100000210100-0,n_vertices,98
collinear_face,Source B,10-262-604.city.json,10-262-604.city.json:NL.IMBAG.Pand.0518100000221603-0,n_vertices,62
collinear_face,Source B,10-262-604.city.json,10-262-604.city.json:NL.IMBAG.Pand.0518100000224490-0,n_vertices,47
collinear_face,Source B,10-262-604.city.json,10-262-604.city.json:NL.IMBAG.Pand.0518100000225035-0,n_vertices,100
collinear_face,Source B,10-262-604.city.json,10-262-604.city.json:NL.IMBAG.Pand.0518100000230713-0,n_vertices,102
collinear_face,Source B,10-262-604.city.json,10-262-604.city.json:NL.IMBAG.Pand.0518100000230714-0,n_vertices,67
collinear_face,Source B,10-262-604.city.json,10-262-604.city.json:NL.IMBAG.Pand.0518100000233420-0,n_vertices,98
collinear_face,Source B,10-262-604.city.json,10-262-604.city.json:NL.IMBAG.Pand.0518100000236774-0,n_vertices,29
collinear_face,Source B,10-262-604.city.json,10-262-604.city.json:NL.IMBAG.Pand.0518100000271857-0,n_vertices,92
collinear_face,Source B,10-262-604.city.json,10-262-604.city.json:NL.IMBAG.Pand.0518100000279123-0,n_vertices,31
collinear_face,Source B,10-262-604.city.json,10-262-604.city.json:NL.IMBAG.Pand.0518100000287000-0,n_vertices,35
collinear_face,Source B,10-262-604.city.json,10-262-604.city.json:NL.IMBAG.Pand.0518100000296023-0,n_vertices,68
collinear_face,Source B,10-262-604.city.json,10-262-604.city.json:NL.IMBAG.Pand.0518100000298821-0,n_vertices,53
collinear_face,Source B,10-262-604.city.json,10-262-604.city.json:NL.IMBAG.Pand.0518100000299556-0,n_vertices,45
collinear_face,Source B,10-262-604.city.json,10-262-604.city.json:NL.IMBAG.Pand.0518100000341701-0,n_vertices,69
collinear_face,Source B,10-262-604.city.json,10-262-604.city.json:NL.IMBAG.Pand.0518100000353556-0,n_vertices,86
collinear_face,Source B,10-262-604.city.json,10-262-604.city.json:NL.IMBAG.Pand.0518100000353852-0,n_vertices,93
collinear_face,Source B,10-262-604.city.json,10-262-604.city.json:NL.IMBAG.Pand.0518100000354048-0,n_vertices,68
collinear_face,Source B,10-262-606.city.json,10-262-606.city.json:NL.IMBAG.Pand.0518100000208575-0,n_vertices,107
collinear_face,Source B,10-262-606.city.json,10-262-606.city.json:NL.IMBAG.Pand.0518100000209411-0,n_vertices,76
collinear_face,Source B,10-262-606.city.json,10-262-606.city.json:NL.IMBAG.Pand.0518100000224488-0,n_vertices,59
collinear_face,Source B,10-262-606.city.json,10-262-606.city.json:NL.IMBAG.Pand.0518100000231339-0,n_vertices,26
collinear_face,Source B,10-262-606.city.json,10-262-606.city.json:NL.IMBAG.Pand.0518100000252040-0,n_vertices,86
collinear_face,Source B,10-262-606.city.json,10-262-606.city.json:NL.IMBAG.Pand.0518100000270745-0,n_vertices,110
collinear_face,Source B,10-262-606.city.json,10-262-606.city.json:NL.IMBAG.Pand.0518100000271454-0,n_vertices,56
collinear_face,Source B,10-262-606.city.json,10-262-606.city.json:NL.IMBAG.Pand.0518100000275607-0,n_vertices,88
collinear_face,Source B,10-262-606.city.json,10-262-606.city.json:NL.IMBAG.Pand.0518100000280578-0,n_vertices,81
collinear_face,Source B,10-262-606.city.json,10-262-606.city.json:NL.IMBAG.Pand.0518100000282376-0,n_vertices,92
collinear_face,Source B,10-262-606.city.json,10-262-606.city.json:NL.IMBAG.Pand.0518100000287159-0,n_vertices,52
collinear_face,Source B,10-262-606.city.json,10-262-606.city.json:NL.IMBAG.Pand.0518100000287719-0,n_vertices,29
collinear_face,Source B,10-262-606.city.json,10-262-606.city.json:NL.IMBAG.Pand.0518100000317466-0,n_vertices,32
collinear_face,Source B,10-262-606.city.json,10-262-606.city.json:NL.IMBAG.Pand.0518100000321280-0,n_vertices,55
collinear_face,Source B,10-262-606.city.json,10-262-606.city.json:NL.IMBAG.Pand.0518100000324794-0,n_vertices,189
collinear_face,Source B,10-262-606.city.json,10-262-606.city.json:NL.IMBAG.Pand.0518100000344752-0,n_vertices,51
collinear_face,Source B,10-262-606.city.json,10-262-606.city.json:NL.IMBAG.Pand.0518100000345252-0,n_vertices,106
collinear_face,Source B,10-262-606.city.json,10-262-606.city.json:NL.IMBAG.Pand.0518100000346785-0,n_vertices,33
collinear_face,Source B,10-264-568.city.json,10-264-568.city.json:NL.IMBAG.Pand.0518100000221376-0,n_vertices,56
collinear_face,Source B,10-264-568.city.json,10-264-568.city.json:NL.IMBAG.Pand.0518100000242644-0,n_vertices,73
collinear_face,Source B,10-264-568.city.json,10-264-568.city.json:NL.IMBAG.Pand.0518100000317650-0,n_vertices,75
collinear_face,Source B,10-264-570.city.json,10-264-570.city.json:NL.IMBAG.Pand.0518100000208290-0,n_vertices,80
collinear_face,Source B,10-264-570.city.json,10-264-570.city.json:NL.IMBAG.Pand.0518100000239063-0,n_vertices,65
collinear_face,Source B,10-264-588.city.json,10-264-588.city.json:NL.IMBAG.Pand.0518100000296481-0,n_vertices,339
collinear_face,Source B,10-264-590.city.json,10-264-590.city.json:NL.IMBAG.Pand.0518100000230999-0,n_vertices,1033
collinear_face,Source B,10-264-590.city.json,10-264-590.city.json:NL.IMBAG.Pand.0518100000241790-0,n_vertices,146
collinear_face,Source B,10-264-604.city.json,10-264-604.city.json:NL.IMBAG.Pand.0518100000227087-0,n_vertices,227
collinear_face,Source B,10-264-604.city.json,10-264-604.city.json:NL.IMBAG.Pand.0518100000231243-0,n_vertices,173
collinear_face,Source B,10-264-604.city.json,10-264-604.city.json:NL.IMBAG.Pand.0518100000238066-0,n_vertices,108
collinear_face,Source B,10-264-604.city.json,10-264-604.city.json:NL.IMBAG.Pand.0518100000345153-0,n_vertices,103
collinear_face,Source B,10-264-606.city.json,10-264-606.city.json:NL.IMBAG.Pand.0518100000204156-0,n_vertices,51
collinear_face,Source B,10-264-606.city.json,10-264-606.city.json:NL.IMBAG.Pand.0518100000229738-0,n_vertices,110
collinear_face,Source B,10-264-606.city.json,10-264-606.city.json:NL.IMBAG.Pand.0518100000229982-0,n_vertices,59
collinear_face,Source B,10-264-606.city.json,10-264-606.city.json:NL.IMBAG.Pand.0518100000232463-0,n_vertices,82
collinear_face,Source B,10-264-606.city.json,10-264-606.city.json:NL.IMBAG.Pand.0518100000233017-0,n_vertices,98
collinear_face,Source B,10-264-606.city.json,10-264-606.city.json:NL.IMBAG.Pand.0518100000233372-0,n_vertices,69
collinear_face,Source B,10-264-606.city.json,10-264-606.city.json:NL.IMBAG.Pand.0518100000271618-0,n_vertices,70
collinear_face,Source B,10-264-606.city.json,10-264-606.city.json:NL.IMBAG.Pand.0518100000280685-0,n_vertices,83
collinear_face,Source B,10-264-606.city.json,10-264-606.city.json:NL.IMBAG.Pand.0518100000281856-0,n_vertices,1197
collinear_face,Source B,10-264-606.city.json,10-264-606.city.json:NL.IMBAG.Pand.0518100000287473-0,n_vertices,71
collinear_face,Source B,10-264-606.city.json,10-264-606.city.json:NL.IMBAG.Pand.0518100000307125-0,n_vertices,75
collinear_face,Source B,10-264-606.city.json,10-264-606.city.json:NL.IMBAG.Pand.0518100000326078-0,n_vertices,85
collinear_face,Source B,10-264-606.city.json,10-264-606.city.json:NL.IMBAG.Pand.0518100000333246-0,n_vertices,83
collinear_face,Source B,10-264-606.city.json,10-264-606.city.json:NL.IMBAG.Pand.0518100000336901-0,n_vertices,65
collinear_face,Source B,10-264-606.city.json,10-264-606.city.json:NL.IMBAG.Pand.0518100000337905-0,n_vertices,208
collinear_face,Source B,10-264-606.city.json,10-264-606.city.json:NL.IMBAG.Pand.0518100000345424-0,n_vertices,40
collinear_face,Source B,10-266-568.city.json,10-266-568.city.json:NL.IMBAG.Pand.0518100000302237-0,n_vertices,43
collinear_face,Source B,10-266-570.city.json,10-266-570.city.json:NL.IMBAG.Pand.0518100000210424-0,n_vertices,60
collinear_face,Source B,10-266-570.city.json,10-266-570.city.json:NL.IMBAG.Pand.0603100000018078-0,n_vertices,85
collinear_face,Source B,10-266-570.city.json,10-266-570.city.json:NL.IMBAG.Pand.0603100000018081-0,n_vertices,93
collinear_face,Source B,10-266-570.city.json,10-266-570.city.json:NL.IMBAG.Pand.0603100000019116-0,n_vertices,94
collinear_face,Source B,10-266-570.city.json,10-266-570.city.json:NL.IMBAG.Pand.0603100000019120-0,n_vertices,56
collinear_face,Source B,10-266-584.city.json,10-266-584.city.json:NL.IMBAG.Pand.0518100001756752-0,n_vertices,93
collinear_face,Source B,10-266-588.city.json,10-266-588.city.json:NL.IMBAG.Pand.0518100000206562-0,n_vertices,45
collinear_face,Source B,10-266-588.city.json,10-266-588.city.json:NL.IMBAG.Pand.0518100000213697-0,n_vertices,46
collinear_face,Source B,10-266-588.city.json,10-266-588.city.json:NL.IMBAG.Pand.0518100000221644-0,n_vertices,94
collinear_face,Source B,10-266-588.city.json,10-266-588.city.json:NL.IMBAG.Pand.0518100000224055-0,n_vertices,25
collinear_face,Source B,10-266-588.city.json,10-266-588.city.json:NL.IMBAG.Pand.0518100000234514-0,n_vertices,15
collinear_face,Source B,10-266-588.city.json,10-266-588.city.json:NL.IMBAG.Pand.0518100000245603-0,n_vertices,122
collinear_face,Source B,10-266-588.city.json,10-266-588.city.json:NL.IMBAG.Pand.0518100000278606-0,n_vertices,68
collinear_face,Source B,10-266-590.city.json,10-266-590.city.json:NL.IMBAG.Pand.0518100000288948-0,n_vertices,383
collinear_face,Source B,10-266-590.city.json,10-266-590.city.json:NL.IMBAG.Pand.0518100000304447-0,n_vertices,111
collinear_face,Source B,10-266-590.city.json,10-266-590.city.json:NL.IMBAG.Pand.0518100000324355-0,n_vertices,738
collinear_face,Source B,10-266-590.city.json,10-266-590.city.json:NL.IMBAG.Pand.0518100000326658-0,n_vertices,1519
collinear_face,Source B,10-266-590.city.json,10-266-590.city.json:NL.IMBAG.Pand.0518100001779981-0,n_vertices,28
collinear_face,Source B,10-266-592.city.json,10-266-592.city.json:NL.IMBAG.Pand.0518100000203467-0,n_vertices,21
collinear_face,Source B,10-266-592.city.json,10-266-592.city.json:NL.IMBAG.Pand.0518100000231561-0,n_vertices,51
collinear_face,Source B,10-266-592.city.json,10-266-592.city.json:NL.IMBAG.Pand.0518100000265808-0,n_vertices,38
collinear_face,Source B,10-266-592.city.json,10-266-592.city.json:NL.IMBAG.Pand.0518100000274176-0,n_vertices,21
collinear_face,Source B,10-266-592.city.json,10-266-592.city.json:NL.IMBAG.Pand.0518100000296789-0,n_vertices,199
collinear_face,Source B,10-266-592.city.json,10-266-592.city.json:NL.IMBAG.Pand.0518100000299423-0,n_vertices,87
collinear_face,Source B,10-266-592.city.json,10-266-592.city.json:NL.IMBAG.Pand.0518100000335592-0,n_vertices,81
collinear_face,Source B,10-266-592.city.json,10-266-592.city.json:NL.IMBAG.Pand.0518100000336917-0,n_vertices,34
collinear_face,Source B,10-266-592.city.json,10-266-592.city.json:NL.IMBAG.Pand.0518100001641697-0,n_vertices,101
collinear_face,Source B,10-266-594.city.json,10-266-594.city.json:NL.IMBAG.Pand.0518100000209239-0,n_vertices,98
collinear_face,Source B,10-266-594.city.json,10-266-594.city.json:NL.IMBAG.Pand.0518100000280906-0,n_vertices,74
collinear_face,Source B,10-266-594.city.json,10-266-594.city.json:NL.IMBAG.Pand.0518100000281522-0,n_vertices,133
collinear_face,Source B,10-266-594.city.json,10-266-594.city.json:NL.IMBAG.Pand.0518100000314101-0,n_vertices,282
collinear_face,Source B,10-266-594.city.json,10-266-594.city.json:NL.IMBAG.Pand.0518100000318203-0,n_vertices,68
collinear_face,Source B,10-266-594.city.json,10-266-594.city.json:NL.IMBAG.Pand.0518100000318939-0,n_vertices,482
collinear_face,Source B,10-266-594.city.json,10-266-594.city.json:NL.IMBAG.Pand.0518100000325718-0,n_vertices,50
collinear_face,Source B,10-266-594.city.json,10-266-594.city.json:NL.IMBAG.Pand.0518100000326255-0,n_vertices,94
collinear_face,Source B,10-266-594.city.json,10-266-594.city.json:NL.IMBAG.Pand.0518100000329534-0,n_vertices,95
collinear_face,Source B,10-266-594.city.json,10-266-594.city.json:NL.IMBAG.Pand.0518100000336855-0,n_vertices,101
collinear_face,Source B,10-266-594.city.json,10-266-594.city.json:NL.IMBAG.Pand.0518100000338048-0,n_vertices,186
collinear_face,Source B,10-266-594.city.json,10-266-594.city.json:NL.IMBAG.Pand.0518100001757296-0,n_vertices,53
collinear_face,Source B,10-266-604.city.json,10-266-604.city.json:NL.IMBAG.Pand.0518100000205370-0,n_vertices,387
collinear_face,Source B,10-266-604.city.json,10-266-604.city.json:NL.IMBAG.Pand.0518100000209440-0,n_vertices,115
collinear_face,Source B,10-266-604.city.json,10-266-604.city.json:NL.IMBAG.Pand.0518100000285387-0,n_vertices,92
collinear_face,Source B,10-266-604.city.json,10-266-604.city.json:NL.IMBAG.Pand.0518100000304602-0,n_vertices,52
collinear_face,Source B,10-266-604.city.json,10-266-604.city.json:NL.IMBAG.Pand.0518100000337144-0,n_vertices,115
collinear_face,Source B,10-266-606.city.json,10-266-606.city.json:NL.IMBAG.Pand.0518100000206640-0,n_vertices,91
collinear_face,Source B,10-266-606.city.json,10-266-606.city.json:NL.IMBAG.Pand.0518100000207954-0,n_vertices,66
collinear_face,Source B,10-266-606.city.json,10-266-606.city.json:NL.IMBAG.Pand.0518100000211443-0,n_vertices,79
collinear_face,Source B,10-266-606.city.json,10-266-606.city.json:NL.IMBAG.Pand.0518100000219061-0,n_vertices,66
collinear_face,Source B,10-266-606.city.json,10-266-606.city.json:NL.IMBAG.Pand.0518100000226865-0,n_vertices,38
collinear_face,Source B,10-266-606.city.json,10-266-606.city.json:NL.IMBAG.Pand.0518100000229062-0,n_vertices,45
collinear_face,Source B,10-266-606.city.json,10-266-606.city.json:NL.IMBAG.Pand.0518100000230540-0,n_vertices,55
collinear_face,Source B,10-266-606.city.json,10-266-606.city.json:NL.IMBAG.Pand.0518100000286751-0,n_vertices,31
collinear_face,Source B,10-266-606.city.json,10-266-606.city.json:NL.IMBAG.Pand.0518100000298197-0,n_vertices,62
collinear_face,Source B,10-266-606.city.json,10-266-606.city.json:NL.IMBAG.Pand.0518100000318345-0,n_vertices,64
collinear_face,Source B,10-266-606.city.json,10-266-606.city.json:NL.IMBAG.Pand.0518100000320986-0,n_vertices,35
collinear_face,Source B,10-266-606.city.json,10-266-606.city.json:NL.IMBAG.Pand.0518100000321282-0,n_vertices,78
collinear_face,Source B,10-266-606.city.json,10-266-606.city.json:NL.IMBAG.Pand.0518100000339968-0,n_vertices,68
collinear_face,Source B,10-266-606.city.json,10-266-606.city.json:NL.IMBAG.Pand.0518100000343434-0,n_vertices,78
collinear_face,Source B,10-266-606.city.json,10-266-606.city.json:NL.IMBAG.Pand.0518100000343925-0,n_vertices,81
collinear_face,Source B,10-268-588.city.json,10-268-588.city.json:NL.IMBAG.Pand.0518100000222178-0,n_vertices,47
collinear_face,Source B,10-268-588.city.json,10-268-588.city.json:NL.IMBAG.Pand.0518100000344159-0,n_vertices,52
collinear_face,Source B,10-268-590.city.json,10-268-590.city.json:NL.IMBAG.Pand.0518100000205320-0,n_vertices,98
collinear_face,Source B,10-268-590.city.json,10-268-590.city.json:NL.IMBAG.Pand.0518100000213654-0,n_vertices,179
collinear_face,Source B,10-268-590.city.json,10-268-590.city.json:NL.IMBAG.Pand.0518100000218511-0,n_vertices,254
collinear_face,Source B,10-268-590.city.json,10-268-590.city.json:NL.IMBAG.Pand.0518100000222900-0,n_vertices,88
collinear_face,Source B,10-268-590.city.json,10-268-590.city.json:NL.IMBAG.Pand.0518100000230467-0,n_vertices,37
collinear_face,Source B,10-268-590.city.json,10-268-590.city.json:NL.IMBAG.Pand.0518100000230984-0,n_vertices,91
collinear_face,Source B,10-268-590.city.json,10-268-590.city.json:NL.IMBAG.Pand.0518100000231023-0,n_vertices,77
collinear_face,Source B,10-268-590.city.json,10-268-590.city.json:NL.IMBAG.Pand.0518100000296349-0,n_vertices,75
collinear_face,Source B,10-268-590.city.json,10-268-590.city.json:NL.IMBAG.Pand.0518100000317676-0,n_vertices,138
collinear_face,Source B,10-268-590.city.json,10-268-590.city.json:NL.IMBAG.Pand.0518100000340351-0,n_vertices,134
collinear_face,Source B,10-268-590.city.json,10-268-590.city.json:NL.IMBAG.Pand.0518100000344350-0,n_vertices,151
collinear_face,Source B,10-268-590.city.json,10-268-590.city.json:NL.IMBAG.Pand.0518100000354627-0,n_vertices,393
collinear_face,Source B,10-268-590.city.json,10-268-590.city.json:NL.IMBAG.Pand.0518100000354774-0,n_vertices,155
collinear_face,Source B,10-268-592.city.json,10-268-592.city.json:NL.IMBAG.Pand.0518100000209408-0,n_vertices,271
collinear_face,Source B,10-268-592.city.json,10-268-592.city.json:NL.IMBAG.Pand.0518100000217440-0,n_vertices,274
collinear_face,Source B,10-268-592.city.json,10-268-592.city.json:NL.IMBAG.Pand.0518100000222951-0,n_vertices,127
collinear_face,Source B,10-268-592.city.json,10-268-592.city.json:NL.IMBAG.Pand.0518100000224538-0,n_vertices,553
collinear_face,Source B,10-268-592.city.json,10-268-592.city.json:NL.IMBAG.Pand.0518100000227730-0,n_vertices,43
collinear_face,Source B,10-268-592.city.json,10-268-592.city.json:NL.IMBAG.Pand.0518100000229863-0,n_vertices,217
collinear_face,Source B,10-268-592.city.json,10-268-592.city.json:NL.IMBAG.Pand.0518100000232844-0,n_vertices,57
collinear_face,Source B,10-268-592.city.json,10-268-592.city.json:NL.IMBAG.Pand.0518100000270392-0,n_vertices,248
collinear_face,Source B,10-268-592.city.json,10-268-592.city.json:NL.IMBAG.Pand.0518100000284831-0,n_vertices,270
collinear_face,Source B,10-268-592.city.json,10-268-592.city.json:NL.IMBAG.Pand.0518100000284937-0,n_vertices,478
collinear_face,Source B,10-268-592.city.json,10-268-592.city.json:NL.IMBAG.Pand.0518100000288564-0,n_vertices,140
collinear_face,Source B,10-268-592.city.json,10-268-592.city.json:NL.IMBAG.Pand.0518100000301600-0,n_vertices,98
collinear_face,Source B,10-268-592.city.json,10-268-592.city.json:NL.IMBAG.Pand.0518100000303098-0,n_vertices,45
collinear_face,Source B,10-268-592.city.json,10-268-592.city.json:NL.IMBAG.Pand.0518100000309030-0,n_vertices,283
collinear_face,Source B,10-268-592.city.json,10-268-592.city.json:NL.IMBAG.Pand.0518100000335237-0,n_vertices,791
collinear_face,Source B,10-268-594.city.json,10-268-594.city.json:NL.IMBAG.Pand.0518100000217529-0,n_vertices,55
collinear_face,Source B,10-268-594.city.json,10-268-594.city.json:NL.IMBAG.Pand.0518100000234656-0,n_vertices,129
collinear_face,Source B,10-268-594.city.json,10-268-594.city.json:NL.IMBAG.Pand.0518100000237274-0,n_vertices,72
collinear_face,Source B,10-268-594.city.json,10-268-594.city.json:NL.IMBAG.Pand.0518100000285810-0,n_vertices,154
collinear_face,Source B,10-268-594.city.json,10-268-594.city.json:NL.IMBAG.Pand.0518100000344262-0,n_vertices,266
collinear_face,Source B,10-268-596.city.json,10-268-596.city.json:NL.IMBAG.Pand.0518100000210659-0,n_vertices,149
collinear_face,Source B,10-268-596.city.json,10-268-596.city.json:NL.IMBAG.Pand.0518100000225767-0,n_vertices,167
collinear_face,Source B,10-268-596.city.json,10-268-596.city.json:NL.IMBAG.Pand.0518100000275398-0,n_vertices,48
collinear_face,Source B,10-268-596.city.json,10-268-596.city.json:NL.IMBAG.Pand.0518100000276876-0,n_vertices,50
collinear_face,Source B,10-268-596.city.json,10-268-596.city.json:NL.IMBAG.Pand.0518100000326900-0,n_vertices,33
collinear_face,Source B,10-268-598.city.json,10-268-598.city.json:NL.IMBAG.Pand.0518100000209464-0,n_vertices,71
collinear_face,Source B,10-268-598.city.json,10-268-598.city.json:NL.IMBAG.Pand.0518100000221581-0,n_vertices,50
collinear_face,Source B,10-268-598.city.json,10-268-598.city.json:NL.IMBAG.Pand.0518100000227429-0,n_vertices,74
collinear_face,Source B,10-268-598.city.json,10-268-598.city.json:NL.IMBAG.Pand.0518100000229987-0,n_vertices,92
collinear_face,Source B,10-268-598.city.json,10-268-598.city.json:NL.IMBAG.Pand.0518100000282771-0,n_vertices,65
collinear_face,Source B,10-268-598.city.json,10-268-598.city.json:NL.IMBAG.Pand.0518100000287349-0,n_vertices,116
collinear_face,Source B,10-268-598.city.json,10-268-598.city.json:NL.IMBAG.Pand.0518100000321813-0,n_vertices,133
collinear_face,Source B,10-268-598.city.json,10-268-598.city.json:NL.IMBAG.Pand.0518100000338998-0,n_vertices,123
collinear_face,Source B,10-268-598.city.json,10-268-598.city.json:NL.IMBAG.Pand.0518100001766540-0,n_vertices,102
collinear_face,Source B,10-270-588.city.json,10-270-588.city.json:NL.IMBAG.Pand.0518100000217832-0,n_vertices,19
collinear_face,Source B,10-270-588.city.json,10-270-588.city.json:NL.IMBAG.Pand.0518100000234295-0,n_vertices,60
collinear_face,Source B,10-270-588.city.json,10-270-588.city.json:NL.IMBAG.Pand.0518100000275190-0,n_vertices,355
collinear_face,Source B,10-270-588.city.json,10-270-588.city.json:NL.IMBAG.Pand.0518100000276247-0,n_vertices,71
collinear_face,Source B,10-270-588.city.json,10-270-588.city.json:NL.IMBAG.Pand.0518100000299899-0,n_vertices,34
collinear_face,Source B,10-270-588.city.json,10-270-588.city.json:NL.IMBAG.Pand.0518100000346060-0,n_vertices,60
collinear_face,Source B,10-270-588.city.json,10-270-588.city.json:NL.IMBAG.Pand.0518100000353702-0,n_vertices,1006
collinear_face,Source B,10-270-590.city.json,10-270-590.city.json:NL.IMBAG.Pand.0518100000210147-0,n_vertices,369
collinear_face,Source B,10-270-590.city.json,10-270-590.city.json:NL.IMBAG.Pand.0518100000210649-0,n_vertices,20
collinear_face,Source B,10-270-590.city.json,10-270-590.city.json:NL.IMBAG.Pand.0518100000219107-0,n_vertices,125
collinear_face,Source B,10-270-590.city.json,10-270-590.city.json:NL.IMBAG.Pand.0518100000222688-0,n_vertices,83
collinear_face,Source B,10-270-590.city.json,10-270-590.city.json:NL.IMBAG.Pand.0518100000224754-0,n_vertices,88
collinear_face,Source B,10-270-590.city.json,10-270-590.city.json:NL.IMBAG.Pand.0518100000230538-0,n_vertices,67
collinear_face,Source B,10-270-590.city.json,10-270-590.city.json:NL.IMBAG.Pand.0518100000242301-0,n_vertices,85
collinear_face,Source B,10-270-590.city.json,10-270-590.city.json:NL.IMBAG.Pand.0518100000314916-0,n_vertices,256
collinear_face,Source B,10-270-590.city.json,10-270-590.city.json:NL.IMBAG.Pand.0518100000341426-0,n_vertices,252
collinear_face,Source B,10-270-590.city.json,10-270-590.city.json:NL.IMBAG.Pand.0518100000342066-0,n_vertices,459
collinear_face,Source B,10-270-590.city.json,10-270-590.city.json:NL.IMBAG.Pand.0518100000353786-0,n_vertices,676
collinear_face,Source B,10-270-592.city.json,10-270-592.city.json:NL.IMBAG.Pand.0518100000203709-0,n_vertices,483
collinear_face,Source B,10-270-592.city.json,10-270-592.city.json:NL.IMBAG.Pand.0518100000211472-0,n_vertices,726
collinear_face,Source B,10-270-592.city.json,10-270-592.city.json:NL.IMBAG.Pand.0518100000211721-0,n_vertices,51
collinear_face,Source B,10-270-592.city.json,10-270-592.city.json:NL.IMBAG.Pand.0518100000215794-0,n_vertices,132
collinear_face,Source B,10-270-592.city.json,10-270-592.city.json:NL.IMBAG.Pand.0518100000239356-0,n_vertices,146
collinear_face,Source B,10-270-592.city.json,10-270-592.city.json:NL.IMBAG.Pand.0518100000278039-0,n_vertices,754
collinear_face,Source B,10-270-592.city.json,10-270-592.city.json:NL.IMBAG.Pand.0518100000321717-0,n_vertices,281
collinear_face,Source B,10-270-592.city.json,10-270-592.city.json:NL.IMBAG.Pand.0518100000326407-0,n_vertices,1382
collinear_face,Source B,10-270-594.city.json,10-270-594.city.json:NL.IMBAG.Pand.0518100000215439-0,n_vertices,907
collinear_face,Source B,10-270-594.city.json,10-270-594.city.json:NL.IMBAG.Pand.0518100000219083-0,n_vertices,88
collinear_face,Source B,10-270-594.city.json,10-270-594.city.json:NL.IMBAG.Pand.0518100000270639-0,n_vertices,94
collinear_face,Source B,10-270-594.city.json,10-270-594.city.json:NL.IMBAG.Pand.0518100000339315-0,n_vertices,217
collinear_face,Source B,10-270-594.city.json,10-270-594.city.json:NL.IMBAG.Pand.0518100000345802-0,n_vertices,356
collinear_face,Source B,10-270-596.city.json,10-270-596.city.json:NL.IMBAG.Pand.0518100000225224-0,n_vertices,127
collinear_face,Source B,10-270-596.city.json,10-270-596.city.json:NL.IMBAG.Pand.0518100000232412-0,n_vertices,114
collinear_face,Source B,10-270-596.city.json,10-270-596.city.json:NL.IMBAG.Pand.0518100000234932-0,n_vertices,107
collinear_face,Source B,10-270-596.city.json,10-270-596.city.json:NL.IMBAG.Pand.0518100000239129-0,n_vertices,78
collinear_face,Source B,10-270-596.city.json,10-270-596.city.json:NL.IMBAG.Pand.0518100000276123-0,n_vertices,78
collinear_face,Source B,10-270-596.city.json,10-270-596.city.json:NL.IMBAG.Pand.0518100000288859-0,n_vertices,110
collinear_face,Source B,10-270-596.city.json,10-270-596.city.json:NL.IMBAG.Pand.0518100000299298-0,n_vertices,75
collinear_face,Source B,10-270-596.city.json,10-270-596.city.json:NL.IMBAG.Pand.0518100000320940-0,n_vertices,125
collinear_face,Source B,10-270-596.city.json,10-270-596.city.json:NL.IMBAG.Pand.0518100000336709-0,n_vertices,324
collinear_face,Source B,10-270-596.city.json,10-270-596.city.json:NL.IMBAG.Pand.0518100001640011-0,n_vertices,87
collinear_face,Source B,10-270-598.city.json,10-270-598.city.json:NL.IMBAG.Pand.0518100000226198-0,n_vertices,2961
collinear_face,Source B,10-270-598.city.json,10-270-598.city.json:NL.IMBAG.Pand.0518100000242790-0,n_vertices,679
collinear_face,Source B,10-270-598.city.json,10-270-598.city.json:NL.IMBAG.Pand.0518100000274514-0,n_vertices,127
collinear_face,Source B,10-270-598.city.json,10-270-598.city.json:NL.IMBAG.Pand.0518100000284962-0,n_vertices,17
collinear_face,Source B,10-272-588.city.json,10-272-588.city.json:NL.IMBAG.Pand.0518100000218050-0,n_vertices,55
collinear_face,Source B,10-272-590.city.json,10-272-590.city.json:NL.IMBAG.Pand.0518100000215760-0,n_vertices,121
collinear_face,Source B,10-272-590.city.json,10-272-590.city.json:NL.IMBAG.Pand.0518100000222810-0,n_vertices,45
collinear_face,Source B,10-272-590.city.json,10-272-590.city.json:NL.IMBAG.Pand.0518100000273493-0,n_vertices,84
collinear_face,Source B,10-272-590.city.json,10-272-590.city.json:NL.IMBAG.Pand.0518100000276917-0,n_vertices,73
collinear_face,Source B,10-272-590.city.json,10-272-590.city.json:NL.IMBAG.Pand.0518100000279975-0,n_vertices,48
collinear_face,Source B,10-272-590.city.json,10-272-590.city.json:NL.IMBAG.Pand.0518100000296332-0,n_vertices,170
collinear_face,Source B,10-272-590.city.json,10-272-590.city.json:NL.IMBAG.Pand.0518100001648162-0,n_vertices,370
collinear_face,Source B,10-274-588.city.json,10-274-588.city.json:NL.IMBAG.Pand.0518100000298366-0,n_vertices,168
collinear_face,Source B,10-274-590.city.json,10-274-590.city.json:NL.IMBAG.Pand.0518100000220025-0,n_vertices,120
collinear_face,Source B,10-274-590.city.json,10-274-590.city.json:NL.IMBAG.Pand.0518100000317443-0,n_vertices,61
collinear_face,Source B,10-276-580.city.json,10-276-580.city.json:NL.IMBAG.Pand.0603100000010303-0,n_vertices,23
collinear_face,Source B,10-276-580.city.json,10-276-580.city.json:NL.IMBAG.Pand.0603100000010604-0,n_vertices,62
collinear_face,Source B,10-276-580.city.json,10-276-580.city.json:NL.IMBAG.Pand.0603100000011936-0,n_vertices,84
collinear_face,Source B,10-276-580.city.json,10-276-580.city.json:NL.IMBAG.Pand.0603100000011965-0,n_vertices,37
collinear_face,Source B,10-276-580.city.json,10-276-580.city.json:NL.IMBAG.Pand.0603100000012094-0,n_vertices,28
collinear_face,Source B,10-276-580.city.json,10-276-580.city.json:NL.IMBAG.Pand.0603100000015240-0,n_vertices,56
collinear_face,Source B,10-276-580.city.json,10-276-580.city.json:NL.IMBAG.Pand.0603100000015243-0,n_vertices,41
collinear_face,Source B,10-276-582.city.json,10-276-582.city.json:NL.IMBAG.Pand.0603100000010406-0,n_vertices,509
collinear_face,Source B,10-276-582.city.json,10-276-582.city.json:NL.IMBAG.Pand.0603100000010545-0,n_vertices,108
collinear_face,Source B,10-276-582.city.json,10-276-582.city.json:NL.IMBAG.Pand.0603100000012632-0,n_vertices,95
collinear_face,Source B,10-276-582.city.json,10-276-582.city.json:NL.IMBAG.Pand.0603100000012701-0,n_vertices,71
collinear_face,Source B,10-276-582.city.json,10-276-582.city.json:NL.IMBAG.Pand.0603100000013383-0,n_vertices,63
collinear_face,Source B,10-276-582.city.json,10-276-582.city.json:NL.IMBAG.Pand.0603100000013539-0,n_vertices,41
collinear_face,Source B,10-276-582.city.json,10-276-582.city.json:NL.IMBAG.Pand.0603100000015256-0,n_vertices,75
collinear_face,Source B,10-278-580.city.json,10-278-580.city.json:NL.IMBAG.Pand.0518100000217355-0,n_vertices,95
collinear_face,Source B,10-278-580.city.json,10-278-580.city.json:NL.IMBAG.Pand.0603100000010833-0,n_vertices,60
collinear_face,Source B,10-278-580.city.json,10-278-580.city.json:NL.IMBAG.Pand.0603100000011405-0,n_vertices,89
collinear_face,Source B,10-278-580.city.json,10-278-580.city.json:NL.IMBAG.Pand.0603100000011503-0,n_vertices,53
collinear_face,Source B,10-278-580.city.json,10-278-580.city.json:NL.IMBAG.Pand.0603100000011525-0,n_vertices,47
degenerate_ring,Source A,TheHague3D_batch_01a_part01_attributed_2021-06-29.json,TheHague3D_batch_01a_part01_attributed_2021-06-29.json:bag_0518100000344028,n_vertices,246
degenerate_ring,Source A,TheHague3D_batch_01a_part01_attributed_2021-06-29.json,TheHague3D_batch_01a_part01_attributed_2021-06-29.json:bag_0518100000339442,n_vertices,205
degenerate_ring,Source A,TheHague3D_batch_01a_part01_attributed_2021-06-29.json,TheHague3D_batch_01a_part01_attributed_2021-06-29.json:bag_0518100000271256,n_vertices,49
degenerate_ring,Source A,TheHague3D_batch_01a_part02_attributed_2021-06-29.json,TheHague3D_batch_01a_part02_attributed_2021-06-29.json:bag_0518100000272165,n_vertices,171
degenerate_ring,Source A,TheHague3D_batch_01a_part02_attributed_2021-06-29.json,TheHague3D_batch_01a_part02_attributed_2021-06-29.json:bag_0518100000287656,n_vertices,68
degenerate_ring,Source A,TheHague3D_batch_02_wijk29_attributed_2021_08_19.json,TheHague3D_batch_02_wijk29_attributed_2021_08_19.json:bag_0518100000203166,n_vertices,58
degenerate_ring,Source A,TheHague3D_batch_02_wijk29_attributed_2021_08_19.json,TheHague3D_batch_02_wijk29_attributed_2021_08_19.json:bag_0518100000223016,n_vertices,104
degenerate_ring,Source A,TheHague3D_batch_02_wijk29_attributed_2021_08_19.json,TheHague3D_batch_02_wijk29_attributed_2021_08_19.json:bag_0518100001640172,n_vertices,136
degenerate_ring,Source A,TheHague3D_batch_02_wijk36_attributed_2021_08_19.json,TheHague3D_batch_02_wijk36_attributed_2021_08_19.json:bag_0518100001629625,n_vertices,98
degenerate_ring,Source A,TheHague3D_batch_02_wijk36_attributed_2021_08_19.json,TheHague3D_batch_02_wijk36_attributed_2021_08_19.json:bag_0518100000279022,n_vertices,34
degenerate_ring,Source A,TheHague3D_batch_06_Wijk 20 Valkenboskwartier_2022-06-21.json,TheHague3D_batch_06_Wijk 20 Valkenboskwartier_2022-06-21.json:bag_0518100000345063,n_vertices,72
degenerate_ring,Source A,TheHague3D_Batch_08_Forepark_2022-08-08.json,TheHague3D_Batch_08_Forepark_2022-08-08.json:bag_0518100000273015,n_vertices,1369
degenerate_ring,Source B,7-400-592.city.json,7-400-592.city.json:NL.IMBAG.Pand.0632100000032030-0,n_vertices,142
degenerate_ring,Source B,8-392-568.city.json,8-392-568.city.json:NL.IMBAG.Pand.1901100000021276-0,n_vertices,86
degenerate_ring,Source B,8-416-568.city.json,8-416-568.city.json:NL.IMBAG.Pand.0589100000249531-0,n_vertices,494
disconnected,Source A,Stationsbuurt_2022-04-27.json,Stationsbuurt_2022-04-27.json:bag_0518100000229788,n_vertices,2632
disconnected,Source A,Stationsbuurt_2022-04-27.json,Stationsbuurt_2022-04-27.json:bag_0518100000348044,n_vertices,16
disconnected,Source A,Stationsbuurt_2022-04-27.json,Stationsbuurt_2022-04-27.json:bag_0518100000319561,n_vertices,24
disconnected,Source A,Stationsbuurt_2022-04-27.json,Stationsbuurt_2022-04-27.json:bag_0518100000290928,n_vertices,16
disconnected,Source A,Stationsbuurt_2022-04-27.json,Stationsbuurt_2022-04-27.json:bag_0518100000338696,n_vertices,16
disconnected,Source A,Stationsbuurt_2022-04-27.json,Stationsbuurt_2022-04-27.json:bag_0518100000207959,n_vertices,26
disconnected,Source A,Stationsbuurt_2022-04-27.json,Stationsbuurt_2022-04-27.json:bag_0518100000246156,n_vertices,24
disconnected,Source A,Stationsbuurt_2022-04-27.json,Stationsbuurt_2022-04-27.json:bag_0518100000282612,n_vertices,16
disconnected,Source A,Stationsbuurt_2022-04-27.json,Stationsbuurt_2022-04-27.json:bag_0518100000302617,n_vertices,26
disconnected,Source A,Stationsbuurt_2022-04-27.json,Stationsbuurt_2022-04-27.json:bag_0518100000305404,n_vertices,16
disconnected,Source A,Stationsbuurt_2022-04-27.json,Stationsbuurt_2022-04-27.json:bag_0518100000354517,n_vertices,16
disconnected,Source A,Stationsbuurt_2022-04-27.json,Stationsbuurt_2022-04-27.json:bag_0518100000304381,n_vertices,26
disconnected,Source A,Stationsbuurt_2022-04-27.json,Stationsbuurt_2022-04-27.json:bag_0518100000286226,n_vertices,16
disconnected,Source A,Stationsbuurt_2022-04-27.json,Stationsbuurt_2022-04-27.json:bag_0518100000343382,n_vertices,16
disconnected,Source A,Stationsbuurt_2022-04-27.json,Stationsbuurt_2022-04-27.json:bag_0518100000213536,n_vertices,58
disconnected,Source A,Stationsbuurt_2022-04-27.json,Stationsbuurt_2022-04-27.json:bag_0518100000324285,n_vertices,16
disconnected,Source A,Stationsbuurt_2022-04-27.json,Stationsbuurt_2022-04-27.json:bag_0518100000273931,n_vertices,16
disconnected,Source A,Stationsbuurt_2022-04-27.json,Stationsbuurt_2022-04-27.json:bag_0518100000241287,n_vertices,37
disconnected,Source A,Stationsbuurt_2022-04-27.json,Stationsbuurt_2022-04-27.json:bag_0518100000304744,n_vertices,26
disconnected,Source A,Stationsbuurt_2022-04-27.json,Stationsbuurt_2022-04-27.json:bag_0518100000343385,n_vertices,32
disconnected,Source A,Stationsbuurt_2022-04-27.json,Stationsbuurt_2022-04-27.json:bag_0518100000296246,n_vertices,73
disconnected,Source A,Stationsbuurt_2022-04-27.json,Stationsbuurt_2022-04-27.json:bag_0518100000213537,n_vertices,43
disconnected,Source A,Stationsbuurt_2022-04-27.json,Stationsbuurt_2022-04-27.json:bag_0518100000217858,n_vertices,34
disconnected,Source A,Stationsbuurt_2022-04-27.json,Stationsbuurt_2022-04-27.json:bag_0518100000309875,n_vertices,18
disconnected,Source A,Stationsbuurt_2022-04-27.json,Stationsbuurt_2022-04-27.json:bag_0518100000270418,n_vertices,203
disconnected,Source A,Stationsbuurt_2022-04-27.json,Stationsbuurt_2022-04-27.json:bag_0518100000351822,n_vertices,46
disconnected,Source A,Stationsbuurt_2022-04-27.json,Stationsbuurt_2022-04-27.json:bag_0518100000217201,n_vertices,24
disconnected,Source A,Stationsbuurt_2022-04-27.json,Stationsbuurt_2022-04-27.json:bag_0518100000287972,n_vertices,22
disconnected,Source A,Stationsbuurt_2022-04-27.json,Stationsbuurt_2022-04-27.json:bag_0518100001670731,n_vertices,67
disconnected,Source A,Stationsbuurt_2022-04-27.json,Stationsbuurt_2022-04-27.json:bag_0518100000218789,n_vertices,49
disconnected,Source A,Stationsbuurt_2022-04-27.json,Stationsbuurt_2022-04-27.json:bag_0518100000303546,n_vertices,33
disconnected,Source A,Stationsbuurt_2022-04-27.json,Stationsbuurt_2022-04-27.json:bag_0518100000314704,n_vertices,61
disconnected,Source A,Stationsbuurt_2022-04-27.json,Stationsbuurt_2022-04-27.json:bag_0518100000307141,n_vertices,24
disconnected,Source A,Stationsbuurt_2022-04-27.json,Stationsbuurt_2022-04-27.json:bag_0518100000337908,n_vertices,42
disconnected,Source A,Stationsbuurt_2022-04-27.json,Stationsbuurt_2022-04-27.json:bag_0518100000326925,n_vertices,28
disconnected,Source A,Stationsbuurt_2022-04-27.json,Stationsbuurt_2022-04-27.json:bag_0518100000302056,n_vertices,118
disconnected,Source A,Stationsbuurt_2022-04-27.json,Stationsbuurt_2022-04-27.json:bag_0518100000224589,n_vertices,240
disconnected,Source A,Stationsbuurt_2022-04-27.json,Stationsbuurt_2022-04-27.json:bag_0518100000317196,n_vertices,587
disconnected,Source A,Stationsbuurt_2022-04-27.json,Stationsbuurt_2022-04-27.json:bag_0518100000244821,n_vertices,81
disconnected,Source A,Stationsbuurt_2022-04-27.json,Stationsbuurt_2022-04-27.json:bag_0518100000282200,n_vertices,56
disconnected,Source A,Stationsbuurt_2022-04-27.json,Stationsbuurt_2022-04-27.json:bag_0518100000206553,n_vertices,48
disconnected,Source A,Stationsbuurt_2022-04-27.json,Stationsbuurt_2022-04-27.json:bag_0518100000210275,n_vertices,51
disconnected,Source A,Stationsbuurt_2022-04-27.json,Stationsbuurt_2022-04-27.json:bag_0518100000341043,n_vertices,24
disconnected,Source A,Stationsbuurt_2022-04-27.json,Stationsbuurt_2022-04-27.json:bag_0518100000280134,n_vertices,738
disconnected,Source A,Stationsbuurt_2022-04-27.json,Stationsbuurt_2022-04-27.json:bag_0518100000204626,n_vertices,65
disconnected,Source A,Stationsbuurt_2022-04-27.json,Stationsbuurt_2022-04-27.json:bag_0518100000303826,n_vertices,56
disconnected,Source A,Stationsbuurt_2022-04-27.json,Stationsbuurt_2022-04-27.json:bag_0518100000233204,n_vertices,105
disconnected,Source A,Stationsbuurt_2022-04-27.json,Stationsbuurt_2022-04-27.json:bag_0518100000302462,n_vertices,79
disconnected,Source A,Stationsbuurt_2022-04-27.json,Stationsbuurt_2022-04-27.json:bag_0518100000322414,n_vertices,197
disconnected,Source A,Stationsbuurt_2022-04-27.json,Stationsbuurt_2022-04-27.json:bag_0518100000315272,n_vertices,46
disconnected,Source A,Stationsbuurt_2022-04-27.json,Stationsbuurt_2022-04-27.json:bag_0518100000326663,n_vertices,66
disconnected,Source A,Stationsbuurt_2022-04-27.json,Stationsbuurt_2022-04-27.json:bag_0518100000337722,n_vertices,53
disconnected,Source A,Stationsbuurt_2022-04-27.json,Stationsbuurt_2022-04-27.json:bag_0518100000277289,n_vertices,33
disconnected,Source A,Stationsbuurt_2022-04-27.json,Stationsbuurt_2022-04-27.json:bag_0518100000232523,n_vertices,66
disconnected,Source A,Stationsbuurt_2022-04-27.json,Stationsbuurt_2022-04-27.json:bag_0518100000216312,n_vertices,56
disconnected,Source A,Stationsbuurt_2022-04-27.json,Stationsbuurt_2022-04-27.json:bag_0518100000298495,n_vertices,53
disconnected,Source A,Stationsbuurt_2022-04-27.json,Stationsbuurt_2022-04-27.json:bag_0518100000276917,n_vertices,40
disconnected,Source A,Stationsbuurt_2022-04-27.json,Stationsbuurt_2022-04-27.json:bag_0518100000216332,n_vertices,58
disconnected,Source A,Stationsbuurt_2022-04-27.json,Stationsbuurt_2022-04-27.json:bag_0518100000272338,n_vertices,54
disconnected,Source A,Stationsbuurt_2022-04-27.json,Stationsbuurt_2022-04-27.json:bag_0518100000216932,n_vertices,21
disconnected,Source A,Stationsbuurt_2022-04-27.json,Stationsbuurt_2022-04-27.json:bag_0518100000341044,n_vertices,26
disconnected,Source A,Stationsbuurt_2022-04-27.json,Stationsbuurt_2022-04-27.json:bag_0518100000223202,n_vertices,43
disconnected,Source A,Stationsbuurt_2022-04-27.json,Stationsbuurt_2022-04-27.json:bag_0518100000220392,n_vertices,43
disconnected,Source A,Stationsbuurt_2022-04-27.json,Stationsbuurt_2022-04-27.json:bag_0518100000205382,n_vertices,332
disconnected,Source A,Stationsbuurt_2022-04-27.json,Stationsbuurt_2022-04-27.json:bag_0518100001650839,n_vertices,28
disconnected,Source A,Stationsbuurt_2022-04-27.json,Stationsbuurt_2022-04-27.json:bag_0518100000210197,n_vertices,45
disconnected,Source A,Stationsbuurt_2022-04-27.json,Stationsbuurt_2022-04-27.json:bag_0518100000245922,n_vertices,78
disconnected,Source A,Stationsbuurt_2022-04-27.json,Stationsbuurt_2022-04-27.json:bag_0518100000270058,n_vertices,46
disconnected,Source A,Stationsbuurt_2022-04-27.json,Stationsbuurt_2022-04-27.json:bag_0518100000302401,n_vertices,257
disconnected,Source A,Stationsbuurt_2022-04-27.json,Stationsbuurt_2022-04-27.json:bag_0518100000216855,n_vertices,31
disconnected,Source A,Stationsbuurt_2022-04-27.json,Stationsbuurt_2022-04-27.json:bag_0518100000349606,n_vertices,21
disconnected,Source A,Stationsbuurt_2022-04-27.json,Stationsbuurt_2022-04-27.json:bag_0518100000334230,n_vertices,45
disconnected,Source A,Stationsbuurt_2022-04-27.json,Stationsbuurt_2022-04-27.json:bag_0518100000319016,n_vertices,47
disconnected,Source A,Stationsbuurt_2022-04-27.json,Stationsbuurt_2022-04-27.json:bag_0518100000216773,n_vertices,52
disconnected,Source A,Stationsbuurt_2022-04-27.json,Stationsbuurt_2022-04-27.json:bag_0518100000207963,n_vertices,29
disconnected,Source A,Stationsbuurt_2022-04-27.json,Stationsbuurt_2022-04-27.json:bag_0518100000315223,n_vertices,63
disconnected,Source A,Stationsbuurt_2022-04-27.json,Stationsbuurt_2022-04-27.json:bag_0518100000303820,n_vertices,45
disconnected,Source A,Stationsbuurt_2022-04-27.json,Stationsbuurt_2022-04-27.json:bag_0518100000215067,n_vertices,20
disconnected,Source A,Stationsbuurt_2022-04-27.json,Stationsbuurt_2022-04-27.json:bag_0518100000268748,n_vertices,335
disconnected,Source A,Stationsbuurt_2022-04-27.json,Stationsbuurt_2022-04-27.json:bag_0518100000214781,n_vertices,32
disconnected,Source A,Stationsbuurt_2022-04-27.json,Stationsbuurt_2022-04-27.json:bag_0518100000340865,n_vertices,314
disconnected,Source A,Stationsbuurt_2022-04-27.json,Stationsbuurt_2022-04-27.json:bag_0518100000338401,n_vertices,65
disconnected,Source A,Stationsbuurt_2022-04-27.json,Stationsbuurt_2022-04-27.json:bag_0518100000322192,n_vertices,40
disconnected,Source A,Stationsbuurt_2022-04-27.json,Stationsbuurt_2022-04-27.json:bag_0518100000226836,n_vertices,39
disconnected,Source A,Stationsbuurt_2022-04-27.json,Stationsbuurt_2022-04-27.json:bag_0518100000279157,n_vertices,80
disconnected,Source A,Stationsbuurt_2022-04-27.json,Stationsbuurt_2022-04-27.json:bag_0518100000299899,n_vertices,48
disconnected,Source A,Stationsbuurt_2022-04-27.json,Stationsbuurt_2022-04-27.json:bag_0518100000304349,n_vertices,26
disconnected,Source A,Stationsbuurt_2022-04-27.json,Stationsbuurt_2022-04-27.json:bag_0518100000204743,n_vertices,35
disconnected,Source A,Stationsbuurt_2022-04-27.json,Stationsbuurt_2022-04-27.json:bag_0518100000221185,n_vertices,36
disconnected,Source A,Stationsbuurt_2022-04-27.json,Stationsbuurt_2022-04-27.json:bag_0518100000221877,n_vertices,78
disconnected,Source A,Stationsbuurt_2022-04-27.json,Stationsbuurt_2022-04-27.json:bag_0518100000278611,n_vertices,36
disconnected,Source A,Stationsbuurt_2022-04-27.json,Stationsbuurt_2022-04-27.json:bag_0518100000296631,n_vertices,60
disconnected,Source A,Stationsbuurt_2022-04-27.json,Stationsbuurt_2022-04-27.json:bag_0518100000280778,n_vertices,49
disconnected,Source A,Stationsbuurt_2022-04-27.json,Stationsbuurt_2022-04-27.json:bag_0518100000300254,n_vertices,72
disconnected,Source A,Stationsbuurt_2022-04-27.json,Stationsbuurt_2022-04-27.json:bag_0518100000218810,n_vertices,24
disconnected,Source A,Stationsbuurt_2022-04-27.json,Stationsbuurt_2022-04-27.json:bag_0518100000353782,n_vertices,111
disconnected,Source A,Stationsbuurt_2022-04-27.json,Stationsbuurt_2022-04-27.json:bag_0518100000211537,n_vertices,240
disconnected,Source A,Stationsbuurt_2022-04-27.json,Stationsbuurt_2022-04-27.json:bag_0518100000342089,n_vertices,24
disconnected,Source A,Stationsbuurt_2022-04-27.json,Stationsbuurt_2022-04-27.json:bag_0518100000303593,n_vertices,24
disconnected,Source A,Stationsbuurt_2022-04-27.json,Stationsbuurt_2022-04-27.json:bag_0518100000215873,n_vertices,82
disconnected,Source A,Stationsbuurt_2022-04-27.json,Stationsbuurt_2022-04-27.json:bag_0518100000230549,n_vertices,44
disconnected,Source A,Stationsbuurt_2022-04-27.json,Stationsbuurt_2022-04-27.json:bag_0518100000243826,n_vertices,54
disconnected,Source A,Stationsbuurt_2022-04-27.json,Stationsbuurt_2022-04-27.json:bag_0518100000232247,n_vertices,92
disconnected,Source A,Stationsbuurt_2022-04-27.json,Stationsbuurt_2022-04-27.json:bag_0518100000287973,n_vertices,22
disconnected,Source A,Stationsbuurt_2022-04-27.json,Stationsbuurt_2022-04-27.json:bag_0518100000210585,n_vertices,191
disconnected,Source A,Stationsbuurt_2022-04-27.json,Stationsbuurt_2022-04-27.json:bag_0518100000310601,n_vertices,34
disconnected,Source A,Stationsbuurt_2022-04-27.json,Stationsbuurt_2022-04-27.json:bag_0518100000282964,n_vertices,45
disconnected,Source A,Stationsbuurt_2022-04-27.json,Stationsbuurt_2022-04-27.json:bag_0518100000319285,n_vertices,99
disconnected,Source A,Stationsbuurt_2022-04-27.json,Stationsbuurt_2022-04-27.json:bag_0518100001649070,n_vertices,498
disconnected,Source A,Stationsbuurt_2022-04-27.json,Stationsbuurt_2022-04-27.json:bag_0518100000354122,n_vertices,94
disconnected,Source A,Stationsbuurt_2022-04-27.json,Stationsbuurt_2022-04-27.json:bag_0518100000333979,n_vertices,70
disconnected,Source A,Stationsbuurt_2022-04-27.json,Stationsbuurt_2022-04-27.json:bag_0518100000272133,n_vertices,84
disconnected,Source A,Stationsbuurt_2022-04-27.json,Stationsbuurt_2022-04-27.json:bag_0518100000300631,n_vertices,35
disconnected,Source A,Stationsbuurt_2022-04-27.json,Stationsbuurt_2022-04-27.json:bag_0518100000223596,n_vertices,28
disconnected,Source A,Stationsbuurt_2022-04-27.json,Stationsbuurt_2022-04-27.json:bag_0518100000290635,n_vertices,74
disconnected,Source A,Stationsbuurt_2022-04-27.json,Stationsbuurt_2022-04-27.json:bag_0518100000221176,n_vertices,44
disconnected,Source A,Stationsbuurt_2022-04-27.json,Stationsbuurt_2022-04-27.json:bag_0518100000298496,n_vertices,521
disconnected,Source A,Stationsbuurt_2022-04-27.json,Stationsbuurt_2022-04-27.json:bag_0518100000302943,n_vertices,320
disconnected,Source A,Stationsbuurt_2022-04-27.json,Stationsbuurt_2022-04-27.json:bag_0518100000231739,n_vertices,217
disconnected,Source A,Stationsbuurt_2022-04-27.json,Stationsbuurt_2022-04-27.json:bag_0518100000314527,n_vertices,110
disconnected,Source A,Stationsbuurt_2022-04-27.json,Stationsbuurt_2022-04-27.json:bag_0518100000336537,n_vertices,18
disconnected,Source A,Stationsbuurt_2022-04-27.json,Stationsbuurt_2022-04-27.json:bag_0518100000224386,n_vertices,111
disconnected,Source A,Stationsbuurt_2022-04-27.json,Stationsbuurt_2022-04-27.json:bag_0518100000283421,n_vertices,43
disconnected,Source A,Stationsbuurt_2022-04-27.json,Stationsbuurt_2022-04-27.json:bag_0518100000225439,n_vertices,248
disconnected,Source A,Stationsbuurt_2022-04-27.json,Stationsbuurt_2022-04-27.json:bag_0518100000315096,n_vertices,44
disconnected,Source A,Stationsbuurt_2022-04-27.json,Stationsbuurt_2022-04-27.json:bag_0518100000315514,n_vertices,181
disconnected,Source A,Stationsbuurt_2022-04-27.json,Stationsbuurt_2022-04-27.json:bag_0518100000269149,n_vertices,134
disconnected,Source A,Stationsbuurt_2022-04-27.json,Stationsbuurt_2022-04-27.json:bag_0518100000204643,n_vertices,92
disconnected,Source A,Stationsbuurt_2022-04-27.json,Stationsbuurt_2022-04-27.json:bag_0518100000237257,n_vertices,467
disconnected,Source A,Stationsbuurt_2022-04-27.json,Stationsbuurt_2022-04-27.json:bag_0518100001625661,n_vertices,20
disconnected,Source A,Stationsbuurt_2022-04-27.json,Stationsbuurt_2022-04-27.json:bag_0518100000216854,n_vertices,44
disconnected,Source A,Stationsbuurt_2022-04-27.json,Stationsbuurt_2022-04-27.json:bag_0518100000310270,n_vertices,50
disconnected,Source A,Stationsbuurt_2022-04-27.json,Stationsbuurt_2022-04-27.json:bag_0518100000323297,n_vertices,22
disconnected,Source A,Stationsbuurt_2022-04-27.json,Stationsbuurt_2022-04-27.json:bag_0518100000352331,n_vertices,97
disconnected,Source A,Stationsbuurt_2022-04-27.json,Stationsbuurt_2022-04-27.json:bag_0518100000238445,n_vertices,127
disconnected,Source A,Stationsbuurt_2022-04-27.json,Stationsbuurt_2022-04-27.json:bag_0518100001754658,n_vertices,1482
disconnected,Source A,Stationsbuurt_2022-04-27.json,Stationsbuurt_2022-04-27.json:bag_0518100000341794,n_vertices,212
disconnected,Source A,Stationsbuurt_2022-04-27.json,Stationsbuurt_2022-04-27.json:bag_0518100001625111,n_vertices,20
disconnected,Source A,Stationsbuurt_2022-04-27.json,Stationsbuurt_2022-04-27.json:bag_0518100000217200,n_vertices,46
disconnected,Source A,Stationsbuurt_2022-04-27.json,Stationsbuurt_2022-04-27.json:bag_0518100000304822,n_vertices,309
disconnected,Source A,Stationsbuurt_2022-04-27.json,Stationsbuurt_2022-04-27.json:bag_0518100000223901,n_vertices,44
disconnected,Source A,Stationsbuurt_2022-04-27.json,Stationsbuurt_2022-04-27.json:bag_0518100000336262,n_vertices,168
disconnected,Source A,Stationsbuurt_2022-04-27.json,Stationsbuurt_2022-04-27.json:bag_0518100000302247,n_vertices,37
disconnected,Source A,Stationsbuurt_2022-04-27.json,Stationsbuurt_2022-04-27.json:bag_0518100000318872,n_vertices,215
disconnected,Source A,Stationsbuurt_2022-04-27.json,Stationsbuurt_2022-04-27.json:bag_0518100000295953,n_vertices,276
disconnected,Source A,Stationsbuurt_2022-04-27.json,Stationsbuurt_2022-04-27.json:bag_0518100000298988,n_vertices,28
disconnected,Source A,Stationsbuurt_2022-04-27.json,Stationsbuurt_2022-04-27.json:bag_0518100000245923,n_vertices,64
disconnected,Source A,Stationsbuurt_2022-04-27.json,Stationsbuurt_2022-04-27.json:bag_0518100000301168,n_vertices,160
disconnected,Source A,Stationsbuurt_2022-04-27.json,Stationsbuurt_2022-04-27.json:bag_0518100000305697,n_vertices,45
disconnected,Source A,Stationsbuurt_2022-04-27.json,Stationsbuurt_2022-04-27.json:bag_0518100000273094,n_vertices,85
disconnected,Source A,Stationsbuurt_2022-04-27.json,Stationsbuurt_2022-04-27.json:bag_0518100000271819,n_vertices,131
disconnected,Source A,Stationsbuurt_2022-04-27.json,Stationsbuurt_2022-04-27.json:bag_0518100000286856,n_vertices,56
disconnected,Source A,Stationsbuurt_2022-04-27.json,Stationsbuurt_2022-04-27.json:bag_0518100000346894,n_vertices,50
disconnected,Source A,Stationsbuurt_2022-04-27.json,Stationsbuurt_2022-04-27.json:bag_0518100000342607,n_vertices,75
disconnected,Source A,Stationsbuurt_2022-04-27.json,Stationsbuurt_2022-04-27.json:bag_0518100000305423,n_vertices,111
disconnected,Source A,Stationsbuurt_2022-04-27.json,Stationsbuurt_2022-04-27.json:bag_0518100000353649,n_vertices,292
disconnected,Source A,Stationsbuurt_2022-04-27.json,Stationsbuurt_2022-04-27.json:bag_0518100000274290,n_vertices,1687
disconnected,Source A,Stationsbuurt_2022-04-27.json,Stationsbuurt_2022-04-27.json:bag_0518100000288876,n_vertices,121
disconnected,Source A,Stationsbuurt_2022-04-27.json,Stationsbuurt_2022-04-27.json:bag_0518100000343296,n_vertices,56
disconnected,Source A,Stationsbuurt_2022-04-27.json,Stationsbuurt_2022-04-27.json:bag_0518100000204737,n_vertices,36
disconnected,Source A,Stationsbuurt_2022-04-27.json,Stationsbuurt_2022-04-27.json:bag_0518100000336605,n_vertices,39
disconnected,Source A,Stationsbuurt_2022-04-27.json,Stationsbuurt_2022-04-27.json:bag_0518100000217923,n_vertices,67
disconnected,Source A,Stationsbuurt_2022-04-27.json,Stationsbuurt_2022-04-27.json:bag_0518100000273311,n_vertices,121
disconnected,Source A,Stationsbuurt_2022-04-27.json,Stationsbuurt_2022-04-27.json:bag_0518100000205394,n_vertices,653
disconnected,Source A,Stationsbuurt_2022-04-27.json,Stationsbuurt_2022-04-27.json:bag_0518100000352766,n_vertices,830
disconnected,Source A,Stationsbuurt_2022-04-27.json,Stationsbuurt_2022-04-27.json:bag_0518100000271232,n_vertices,94
disconnected,Source A,Stationsbuurt_2022-04-27.json,Stationsbuurt_2022-04-27.json:bag_0518100000282482,n_vertices,70
disconnected,Source A,Stationsbuurt_2022-04-27.json,Stationsbuurt_2022-04-27.json:bag_0518100000219333,n_vertices,34
disconnected,Source A,Stationsbuurt_2022-04-27.json,Stationsbuurt_2022-04-27.json:bag_0518100000307966,n_vertices,64
disconnected,Source A,Stationsbuurt_2022-04-27.json,Stationsbuurt_2022-04-27.json:bag_0518100000275075,n_vertices,62
disconnected,Source A,Stationsbuurt_2022-04-27.json,Stationsbuurt_2022-04-27.json:bag_0518100001629120,n_vertices,259
disconnected,Source A,Stationsbuurt_2022-04-27.json,Stationsbuurt_2022-04-27.json:bag_0518100000298364,n_vertices,227
disconnected,Source A,Stationsbuurt_2022-04-27.json,Stationsbuurt_2022-04-27.json:bag_0518100000315657,n_vertices,427
disconnected,Source A,TheHague3D_batch_01a_Landmark_Attributed_2021-06-29.json,TheHague3D_batch_01a_Landmark_Attributed_2021-06-29.json:bag_0518100000317226,n_vertices,1290
disconnected,Source A,TheHague3D_batch_01a_Landmark_Attributed_2021-06-29.json,TheHague3D_batch_01a_Landmark_Attributed_2021-06-29.json:bag_0518100000269743,n_vertices,2109
disconnected,Source A,TheHague3D_batch_01a_Landmark_Attributed_2021-06-29.json,TheHague3D_batch_01a_Landmark_Attributed_2021-06-29.json:bag_0518100000276567,n_vertices,309
disconnected,Source A,TheHague3D_batch_01a_Landmark_Attributed_2021-06-29.json,TheHague3D_batch_01a_Landmark_Attributed_2021-06-29.json:bag_0518100000340680,n_vertices,2009
disconnected,Source A,TheHague3D_batch_01a_Landmark_Attributed_2021-06-29.json,TheHague3D_batch_01a_Landmark_Attributed_2021-06-29.json:bag_0518100001642535,n_vertices,902
disconnected,Source A,TheHague3D_batch_01a_Landmark_Attributed_2021-06-29.json,TheHague3D_batch_01a_Landmark_Attributed_2021-06-29.json:bag_0518100000333957,n_vertices,276
disconnected,Source A,TheHague3D_batch_01a_Landmark_Attributed_2021-06-29.json,TheHague3D_batch_01a_Landmark_Attributed_2021-06-29.json:bag_0518100000275247,n_vertices,2351
disconnected,Source A,TheHague3D_batch_01a_Landmark_Attributed_2021-06-29.json,TheHague3D_batch_01a_Landmark_Attributed_2021-06-29.json:bag_0518100000225802,n_vertices,1269
disconnected,Source A,TheHague3D_batch_01a_Landmark_Attributed_2021-06-29.json,TheHague3D_batch_01a_Landmark_Attributed_2021-06-29.json:bag_0518100000211472,n_vertices,1823
disconnected,Source A,TheHague3D_batch_01a_Landmark_Attributed_2021-06-29.json,TheHague3D_batch_01a_Landmark_Attributed_2021-06-29.json:bag_0518100000230102,n_vertices,3694
disconnected,Source A,TheHague3D_batch_01a_Landmark_Attributed_2021-06-29.json,TheHague3D_batch_01a_Landmark_Attributed_2021-06-29.json:bag_0518100001635181,n_vertices,1110
disconnected,Source A,TheHague3D_batch_01a_Landmark_Attributed_2021-06-29.json,TheHague3D_batch_01a_Landmark_Attributed_2021-06-29.json:bag_0518100000269561,n_vertices,628
disconnected,Source A,TheHague3D_batch_01a_Landmark_Attributed_2021-06-29.json,TheHague3D_batch_01a_Landmark_Attributed_2021-06-29.json:bag_0518100000203597,n_vertices,3553
disconnected,Source A,TheHague3D_batch_01a_Landmark_Attributed_2021-06-29.json,TheHague3D_batch_01a_Landmark_Attributed_2021-06-29.json:bag_0518100000269583,n_vertices,1044
disconnected,Source A,TheHague3D_batch_01a_Landmark_Attributed_2021-06-29.json,TheHague3D_batch_01a_Landmark_Attributed_2021-06-29.json:bag_0518100000234102,n_vertices,935
disconnected,Source A,TheHague3D_batch_01a_Landmark_Attributed_2021-06-29.json,TheHague3D_batch_01a_Landmark_Attributed_2021-06-29.json:bag_0518100000288113,n_vertices,885
disconnected,Source A,TheHague3D_batch_01a_Landmark_Attributed_2021-06-29.json,TheHague3D_batch_01a_Landmark_Attributed_2021-06-29.json:bag_0518100000326407,n_vertices,2375
disconnected,Source A,TheHague3D_batch_01a_Landmark_Attributed_2021-06-29.json,TheHague3D_batch_01a_Landmark_Attributed_2021-06-29.json:bag_0518100001649617,n_vertices,234
disconnected,Source A,TheHague3D_batch_01a_part01_attributed_2021-06-29.json,TheHague3D_batch_01a_part01_attributed_2021-06-29.json:bag_0518100000308140,n_vertices,93
disconnected,Source A,TheHague3D_batch_01a_part01_attributed_2021-06-29.json,TheHague3D_batch_01a_part01_attributed_2021-06-29.json:bag_0518100000271864,n_vertices,73
disconnected,Source A,TheHague3D_batch_01a_part01_attributed_2021-06-29.json,TheHague3D_batch_01a_part01_attributed_2021-06-29.json:bag_0518100000333448,n_vertices,31
disconnected,Source A,TheHague3D_batch_01a_part01_attributed_2021-06-29.json,TheHague3D_batch_01a_part01_attributed_2021-06-29.json:bag_0518100000231050,n_vertices,28
disconnected,Source A,TheHague3D_batch_01a_part01_attributed_2021-06-29.json,TheHague3D_batch_01a_part01_attributed_2021-06-29.json:bag_0518100000241262,n_vertices,36
disconnected,Source A,TheHague3D_batch_01a_part01_attributed_2021-06-29.json,TheHague3D_batch_01a_part01_attributed_2021-06-29.json:bag_0518100000204411,n_vertices,182
disconnected,Source A,TheHague3D_batch_01a_part01_attributed_2021-06-29.json,TheHague3D_batch_01a_part01_attributed_2021-06-29.json:bag_0518100000232165,n_vertices,443
disconnected,Source A,TheHague3D_batch_01a_part01_attributed_2021-06-29.json,TheHague3D_batch_01a_part01_attributed_2021-06-29.json:bag_0518100000343254,n_vertices,303
disconnected,Source A,TheHague3D_batch_01a_part01_attributed_2021-06-29.json,TheHague3D_batch_01a_part01_attributed_2021-06-29.json:bag_0518100000217915,n_vertices,42
disconnected,Source A,TheHague3D_batch_01a_part01_attributed_2021-06-29.json,TheHague3D_batch_01a_part01_attributed_2021-06-29.json:bag_0518100000341591,n_vertices,78
disconnected,Source A,TheHague3D_batch_01a_part01_attributed_2021-06-29.json,TheHague3D_batch_01a_part01_attributed_2021-06-29.json:bag_0518100000275557,n_vertices,62
disconnected,Source A,TheHague3D_batch_01a_part01_attributed_2021-06-29.json,TheHague3D_batch_01a_part01_attributed_2021-06-29.json:bag_0518100000345833,n_vertices,57
disconnected,Source A,TheHague3D_batch_01a_part01_attributed_2021-06-29.json,TheHague3D_batch_01a_part01_attributed_2021-06-29.json:bag_0518100000287638,n_vertices,49
disconnected,Source A,TheHague3D_batch_01a_part01_attributed_2021-06-29.json,TheHague3D_batch_01a_part01_attributed_2021-06-29.json:bag_0518100000319229,n_vertices,67
disconnected,Source A,TheHague3D_batch_01a_part01_attributed_2021-06-29.json,TheHague3D_batch_01a_part01_attributed_2021-06-29.json:bag_0518100000208016,n_vertices,170
disconnected,Source A,TheHague3D_batch_01a_part01_attributed_2021-06-29.json,TheHague3D_batch_01a_part01_attributed_2021-06-29.json:bag_0518100000232200,n_vertices,84
disconnected,Source A,TheHague3D_batch_01a_part01_attributed_2021-06-29.json,TheHague3D_batch_01a_part01_attributed_2021-06-29.json:bag_0518100000334784,n_vertices,22
disconnected,Source A,TheHague3D_batch_01a_part01_attributed_2021-06-29.json,TheHague3D_batch_01a_part01_attributed_2021-06-29.json:bag_0518100000300240,n_vertices,120
disconnected,Source A,TheHague3D_batch_01a_part01_attributed_2021-06-29.json,TheHague3D_batch_01a_part01_attributed_2021-06-29.json:bag_0518100000268734,n_vertices,36
disconnected,Source A,TheHague3D_batch_01a_part01_attributed_2021-06-29.json,TheHague3D_batch_01a_part01_attributed_2021-06-29.json:bag_0518100000304326,n_vertices,34
disconnected,Source A,TheHague3D_batch_01a_part01_attributed_2021-06-29.json,TheHague3D_batch_01a_part01_attributed_2021-06-29.json:bag_0518100000218155,n_vertices,121
disconnected,Source A,TheHague3D_batch_01a_part01_attributed_2021-06-29.json,TheHague3D_batch_01a_part01_attributed_2021-06-29.json:bag_0518100001674065,n_vertices,68
disconnected,Source A,TheHague3D_batch_01a_part01_attributed_2021-06-29.json,TheHague3D_batch_01a_part01_attributed_2021-06-29.json:bag_0518100000230981,n_vertices,38
disconnected,Source A,TheHague3D_batch_01a_part01_attributed_2021-06-29.json,TheHague3D_batch_01a_part01_attributed_2021-06-29.json:bag_0518100000230791,n_vertices,66
disconnected,Source A,TheHague3D_batch_01a_part01_attributed_2021-06-29.json,TheHague3D_batch_01a_part01_attributed_2021-06-29.json:bag_0518100000305270,n_vertices,101
disconnected,Source A,TheHague3D_batch_01a_part01_attributed_2021-06-29.json,TheHague3D_batch_01a_part01_attributed_2021-06-29.json:bag_0518100000343176,n_vertices,348
disconnected,Source A,TheHague3D_batch_01a_part01_attributed_2021-06-29.json,TheHague3D_batch_01a_part01_attributed_2021-06-29.json:bag_0518100000273640,n_vertices,226
disconnected,Source A,TheHague3D_batch_01a_part01_attributed_2021-06-29.json,TheHague3D_batch_01a_part01_attributed_2021-06-29.json:bag_0518100000232442,n_vertices,67
disconnected,Source A,TheHague3D_batch_01a_part01_attributed_2021-06-29.json,TheHague3D_batch_01a_part01_attributed_2021-06-29.json:bag_0518100000285079,n_vertices,26
disconnected,Source A,TheHague3D_batch_01a_part01_attributed_2021-06-29.json,TheHague3D_batch_01a_part01_attributed_2021-06-29.json:bag_0518100000233155,n_vertices,21
disconnected,Source A,TheHague3D_batch_01a_part01_attributed_2021-06-29.json,TheHague3D_batch_01a_part01_attributed_2021-06-29.json:bag_0518100000209917,n_vertices,85
disconnected,Source A,TheHague3D_batch_01a_part01_attributed_2021-06-29.json,TheHague3D_batch_01a_part01_attributed_2021-06-29.json:bag_0518100000225068,n_vertices,77
disconnected,Source A,TheHague3D_batch_01a_part01_attributed_2021-06-29.json,TheHague3D_batch_01a_part01_attributed_2021-06-29.json:bag_0518100000283144,n_vertices,83
disconnected,Source A,TheHague3D_batch_01a_part01_attributed_2021-06-29.json,TheHague3D_batch_01a_part01_attributed_2021-06-29.json:bag_0518100000338821,n_vertices,40
disconnected,Source A,TheHague3D_batch_01a_part01_attributed_2021-06-29.json,TheHague3D_batch_01a_part01_attributed_2021-06-29.json:bag_0518100000271544,n_vertices,56
disconnected,Source A,TheHague3D_batch_01a_part01_attributed_2021-06-29.json,TheHague3D_batch_01a_part01_attributed_2021-06-29.json:bag_0518100000287222,n_vertices,31
disconnected,Source A,TheHague3D_batch_01a_part01_attributed_2021-06-29.json,TheHague3D_batch_01a_part01_attributed_2021-06-29.json:bag_0518100000237243,n_vertices,49
disconnected,Source A,TheHague3D_batch_01a_part01_attributed_2021-06-29.json,TheHague3D_batch_01a_part01_attributed_2021-06-29.json:bag_0518100000224172,n_vertices,108
disconnected,Source A,TheHague3D_batch_01a_part01_attributed_2021-06-29.json,TheHague3D_batch_01a_part01_attributed_2021-06-29.json:bag_0518100000230982,n_vertices,24
disconnected,Source A,TheHague3D_batch_01a_part01_attributed_2021-06-29.json,TheHague3D_batch_01a_part01_attributed_2021-06-29.json:bag_0518100000246005,n_vertices,138
disconnected,Source A,TheHague3D_batch_01a_part01_attributed_2021-06-29.json,TheHague3D_batch_01a_part01_attributed_2021-06-29.json:bag_0518100000207499,n_vertices,49
disconnected,Source A,TheHague3D_batch_01a_part01_attributed_2021-06-29.json,TheHague3D_batch_01a_part01_attributed_2021-06-29.json:bag_0518100000336427,n_vertices,29
disconnected,Source A,TheHague3D_batch_01a_part01_attributed_2021-06-29.json,TheHague3D_batch_01a_part01_attributed_2021-06-29.json:bag_0518100000319752,n_vertices,67
disconnected,Source A,TheHague3D_batch_01a_part01_attributed_2021-06-29.json,TheHague3D_batch_01a_part01_attributed_2021-06-29.json:bag_0518100000244634,n_vertices,65
disconnected,Source A,TheHague3D_batch_01a_part01_attributed_2021-06-29.json,TheHague3D_batch_01a_part01_attributed_2021-06-29.json:bag_0518100000244304,n_vertices,23
disconnected,Source A,TheHague3D_batch_01a_part01_attributed_2021-06-29.json,TheHague3D_batch_01a_part01_attributed_2021-06-29.json:bag_0518100000276983,n_vertices,89
disconnected,Source A,TheHague3D_batch_01a_part01_attributed_2021-06-29.json,TheHague3D_batch_01a_part01_attributed_2021-06-29.json:bag_0518100000319917,n_vertices,20
disconnected,Source A,TheHague3D_batch_01a_part01_attributed_2021-06-29.json,TheHague3D_batch_01a_part01_attributed_2021-06-29.json:bag_0518100000234922,n_vertices,85
disconnected,Source A,TheHague3D_batch_01a_part01_attributed_2021-06-29.json,TheHague3D_batch_01a_part01_attributed_2021-06-29.json:bag_0518100000229038,n_vertices,173
disconnected,Source A,TheHague3D_batch_01a_part01_attributed_2021-06-29.json,TheHague3D_batch_01a_part01_attributed_2021-06-29.json:bag_0518100000220781,n_vertices,120
disconnected,Source A,TheHague3D_batch_01a_part01_attributed_2021-06-29.json,TheHague3D_batch_01a_part01_attributed_2021-06-29.json:bag_0518100000287934,n_vertices,163
disconnected,Source A,TheHague3D_batch_01a_part01_attributed_2021-06-29.json,TheHague3D_batch_01a_part01_attributed_2021-06-29.json:bag_0518100000249243,n_vertices,153
disconnected,Source A,TheHague3D_batch_01a_part01_attributed_2021-06-29.json,TheHague3D_batch_01a_part01_attributed_2021-06-29.json:bag_0518100000344421,n_vertices,75
disconnected,Source A,TheHague3D_batch_01a_part01_attributed_2021-06-29.json,TheHague3D_batch_01a_part01_attributed_2021-06-29.json:bag_0518100000353484,n_vertices,48
disconnected,Source A,TheHague3D_batch_01a_part01_attributed_2021-06-29.json,TheHague3D_batch_01a_part01_attributed_2021-06-29.json:bag_0518100000236843,n_vertices,302
disconnected,Source A,TheHague3D_batch_01a_part01_attributed_2021-06-29.json,TheHague3D_batch_01a_part01_attributed_2021-06-29.json:bag_0518100000271183,n_vertices,373
disconnected,Source A,TheHague3D_batch_01a_part01_attributed_2021-06-29.json,TheHague3D_batch_01a_part01_attributed_2021-06-29.json:bag_0518100000323971,n_vertices,169
disconnected,Source A,TheHague3D_batch_01a_part01_attributed_2021-06-29.json,TheHague3D_batch_01a_part01_attributed_2021-06-29.json:bag_0518100000344958,n_vertices,309
disconnected,Source A,TheHague3D_batch_01a_part01_attributed_2021-06-29.json,TheHague3D_batch_01a_part01_attributed_2021-06-29.json:bag_0518100000233647,n_vertices,227
disconnected,Source A,TheHague3D_batch_01a_part01_attributed_2021-06-29.json,TheHague3D_batch_01a_part01_attributed_2021-06-29.json:bag_0518100000229039,n_vertices,345
disconnected,Source A,TheHague3D_batch_01a_part01_attributed_2021-06-29.json,TheHague3D_batch_01a_part01_attributed_2021-06-29.json:bag_0518100000297971,n_vertices,216
disconnected,Source A,TheHague3D_batch_01a_part01_attributed_2021-06-29.json,TheHague3D_batch_01a_part01_attributed_2021-06-29.json:bag_0518100000281612,n_vertices,326
disconnected,Source A,TheHague3D_batch_01a_part01_attributed_2021-06-29.json,TheHague3D_batch_01a_part01_attributed_2021-06-29.json:bag_0518100000319961,n_vertices,69
disconnected,Source A,TheHague3D_batch_01a_part01_attributed_2021-06-29.json,TheHague3D_batch_01a_part01_attributed_2021-06-29.json:bag_0518100000222417,n_vertices,40
disconnected,Source A,TheHague3D_batch_01a_part01_attributed_2021-06-29.json,TheHague3D_batch_01a_part01_attributed_2021-06-29.json:bag_0518100001752879,n_vertices,66
disconnected,Source A,TheHague3D_batch_01a_part01_attributed_2021-06-29.json,TheHague3D_batch_01a_part01_attributed_2021-06-29.json:bag_0518100000225003,n_vertices,37
disconnected,Source A,TheHague3D_batch_01a_part01_attributed_2021-06-29.json,TheHague3D_batch_01a_part01_attributed_2021-06-29.json:bag_0518100000214362,n_vertices,282
disconnected,Source A,TheHague3D_batch_01a_part01_attributed_2021-06-29.json,TheHague3D_batch_01a_part01_attributed_2021-06-29.json:bag_0518100000275262,n_vertices,200
disconnected,Source A,TheHague3D_batch_01a_part01_attributed_2021-06-29.json,TheHague3D_batch_01a_part01_attributed_2021-06-29.json:bag_0518100000220220,n_vertices,18
disconnected,Source A,TheHague3D_batch_01a_part01_attributed_2021-06-29.json,TheHague3D_batch_01a_part01_attributed_2021-06-29.json:bag_0518100000277047,n_vertices,193
disconnected,Source A,TheHague3D_batch_01a_part01_attributed_2021-06-29.json,TheHague3D_batch_01a_part01_attributed_2021-06-29.json:bag_0518100000215071,n_vertices,59
disconnected,Source A,TheHague3D_batch_01a_part01_attributed_2021-06-29.json,TheHague3D_batch_01a_part01_attributed_2021-06-29.json:bag_0518100000288948,n_vertices,370
disconnected,Source A,TheHague3D_batch_01a_part01_attributed_2021-06-29.json,TheHague3D_batch_01a_part01_attributed_2021-06-29.json:bag_0518100000354834,n_vertices,160
disconnected,Source A,TheHague3D_batch_01a_part01_attributed_2021-06-29.json,TheHague3D_batch_01a_part01_attributed_2021-06-29.json:bag_0518100000335371,n_vertices,351
disconnected,Source A,TheHague3D_batch_01a_part01_attributed_2021-06-29.json,TheHague3D_batch_01a_part01_attributed_2021-06-29.json:bag_0518100000238035,n_vertices,213
disconnected,Source A,TheHague3D_batch_01a_part01_attributed_2021-06-29.json,TheHague3D_batch_01a_part01_attributed_2021-06-29.json:bag_0518100000274664,n_vertices,109
disconnected,Source A,TheHague3D_batch_01a_part01_attributed_2021-06-29.json,TheHague3D_batch_01a_part01_attributed_2021-06-29.json:bag_0518100000219420,n_vertices,250
disconnected,Source A,TheHague3D_batch_01a_part01_attributed_2021-06-29.json,TheHague3D_batch_01a_part01_attributed_2021-06-29.json:bag_0518100000297969,n_vertices,135
disconnected,Source A,TheHague3D_batch_01a_part01_attributed_2021-06-29.json,TheHague3D_batch_01a_part01_attributed_2021-06-29.json:bag_0518100000241920,n_vertices,150
disconnected,Source A,TheHague3D_batch_01a_part01_attributed_2021-06-29.json,TheHague3D_batch_01a_part01_attributed_2021-06-29.json:bag_0518100000237240,n_vertices,174
disconnected,Source A,TheHague3D_batch_01a_part01_attributed_2021-06-29.json,TheHague3D_batch_01a_part01_attributed_2021-06-29.json:bag_0518100000296718,n_vertices,342
disconnected,Source A,TheHague3D_batch_01a_part01_attributed_2021-06-29.json,TheHague3D_batch_01a_part01_attributed_2021-06-29.json:bag_0518100000278581,n_vertices,76
disconnected,Source A,TheHague3D_batch_01a_part01_attributed_2021-06-29.json,TheHague3D_batch_01a_part01_attributed_2021-06-29.json:bag_0518100001647213,n_vertices,237
disconnected,Source A,TheHague3D_batch_01a_part01_attributed_2021-06-29.json,TheHague3D_batch_01a_part01_attributed_2021-06-29.json:bag_0518100000269100,n_vertices,590
disconnected,Source A,TheHague3D_batch_01a_part01_attributed_2021-06-29.json,TheHague3D_batch_01a_part01_attributed_2021-06-29.json:bag_0518100000324976,n_vertices,337
disconnected,Source A,TheHague3D_batch_01a_part01_attributed_2021-06-29.json,TheHague3D_batch_01a_part01_attributed_2021-06-29.json:bag_0518100000334377,n_vertices,36
disconnected,Source A,TheHague3D_batch_01a_part01_attributed_2021-06-29.json,TheHague3D_batch_01a_part01_attributed_2021-06-29.json:bag_0518100000268168,n_vertices,66
disconnected,Source A,TheHague3D_batch_01a_part01_attributed_2021-06-29.json,TheHague3D_batch_01a_part01_attributed_2021-06-29.json:bag_0518100000351859,n_vertices,348
disconnected,Source A,TheHague3D_batch_01a_part01_attributed_2021-06-29.json,TheHague3D_batch_01a_part01_attributed_2021-06-29.json:bag_0518100000326658,n_vertices,762
disconnected,Source A,TheHague3D_batch_01a_part01_attributed_2021-06-29.json,TheHague3D_batch_01a_part01_attributed_2021-06-29.json:bag_0518100000333280,n_vertices,759
disconnected,Source A,TheHague3D_batch_01a_part01_attributed_2021-06-29.json,TheHague3D_batch_01a_part01_attributed_2021-06-29.json:bag_0518100000270449,n_vertices,166
disconnected,Source A,TheHague3D_batch_01a_part01_attributed_2021-06-29.json,TheHague3D_batch_01a_part01_attributed_2021-06-29.json:bag_0518100000229955,n_vertices,610
disconnected,Source A,TheHague3D_batch_01a_part01_attributed_2021-06-29.json,TheHague3D_batch_01a_part01_attributed_2021-06-29.json:bag_0518100000318653,n_vertices,364
disconnected,Source A,TheHague3D_batch_01a_part01_attributed_2021-06-29.json,TheHague3D_batch_01a_part01_attributed_2021-06-29.json:bag_0518100001752070,n_vertices,173
disconnected,Source A,TheHague3D_batch_01a_part01_attributed_2021-06-29.json,TheHague3D_batch_01a_part01_attributed_2021-06-29.json:bag_0518100000337168,n_vertices,358
disconnected,Source A,TheHague3D_batch_01a_part01_attributed_2021-06-29.json,TheHague3D_batch_01a_part01_attributed_2021-06-29.json:bag_0518100000287878,n_vertices,453
disconnected,Source A,TheHague3D_batch_01a_part01_attributed_2021-06-29.json,TheHague3D_batch_01a_part01_attributed_2021-06-29.json:bag_0518100000335217,n_vertices,227
disconnected,Source A,TheHague3D_batch_01a_part01_attributed_2021-06-29.json,TheHague3D_batch_01a_part01_attributed_2021-06-29.json:bag_0518100000304913,n_vertices,192
disconnected,Source A,TheHague3D_batch_01a_part01_attributed_2021-06-29.json,TheHague3D_batch_01a_part01_attributed_2021-06-29.json:bag_0518100000276475,n_vertices,288
disconnected,Source A,TheHague3D_batch_01a_part01_attributed_2021-06-29.json,TheHague3D_batch_01a_part01_attributed_2021-06-29.json:bag_0518100000282739,n_vertices,27
disconnected,Source A,TheHague3D_batch_01a_part01_attributed_2021-06-29.json,TheHague3D_batch_01a_part01_attributed_2021-06-29.json:bag_0518100000325087,n_vertices,298
disconnected,Source A,TheHague3D_batch_01a_part01_attributed_2021-06-29.json,TheHague3D_batch_01a_part01_attributed_2021-06-29.json:bag_0518100000278631,n_vertices,104
disconnected,Source A,TheHague3D_batch_01a_part01_attributed_2021-06-29.json,TheHague3D_batch_01a_part01_attributed_2021-06-29.json:bag_0518100001655337,n_vertices,84
disconnected,Source A,TheHague3D_batch_01a_part01_attributed_2021-06-29.json,TheHague3D_batch_01a_part01_attributed_2021-06-29.json:bag_0518100000274389,n_vertices,110
disconnected,Source A,TheHague3D_batch_01a_part01_attributed_2021-06-29.json,TheHague3D_batch_01a_part01_attributed_2021-06-29.json:bag_0518100000277063,n_vertices,319
disconnected,Source A,TheHague3D_batch_01a_part01_attributed_2021-06-29.json,TheHague3D_batch_01a_part01_attributed_2021-06-29.json:bag_0518100000225755,n_vertices,185
disconnected,Source A,TheHague3D_batch_01a_part01_attributed_2021-06-29.json,TheHague3D_batch_01a_part01_attributed_2021-06-29.json:bag_0518100000344296,n_vertices,341
disconnected,Source A,TheHague3D_batch_01a_part01_attributed_2021-06-29.json,TheHague3D_batch_01a_part01_attributed_2021-06-29.json:bag_0518100000342244,n_vertices,37
disconnected,Source A,TheHague3D_batch_01a_part01_attributed_2021-06-29.json,TheHague3D_batch_01a_part01_attributed_2021-06-29.json:bag_0518100000222250,n_vertices,220
disconnected,Source A,TheHague3D_batch_01a_part01_attributed_2021-06-29.json,TheHague3D_batch_01a_part01_attributed_2021-06-29.json:bag_0518100000274795,n_vertices,208
disconnected,Source A,TheHague3D_batch_01a_part01_attributed_2021-06-29.json,TheHague3D_batch_01a_part01_attributed_2021-06-29.json:bag_0518100000243923,n_vertices,342
disconnected,Source A,TheHague3D_batch_01a_part01_attributed_2021-06-29.json,TheHague3D_batch_01a_part01_attributed_2021-06-29.json:bag_0518100000213654,n_vertices,153
disconnected,Source A,TheHague3D_batch_01a_part01_attributed_2021-06-29.json,TheHague3D_batch_01a_part01_attributed_2021-06-29.json:bag_0518100000321857,n_vertices,56
disconnected,Source A,TheHague3D_batch_01a_part01_attributed_2021-06-29.json,TheHague3D_batch_01a_part01_attributed_2021-06-29.json:bag_0518100000231316,n_vertices,99
disconnected,Source A,TheHague3D_batch_01a_part01_attributed_2021-06-29.json,TheHague3D_batch_01a_part01_attributed_2021-06-29.json:bag_0518100001644858 ,n_vertices,20
disconnected,Source A,TheHague3D_batch_01a_part02_attributed_2021-06-29.json,TheHague3D_batch_01a_part02_attributed_2021-06-29.json:bag_0518100000340450,n_vertices,41
disconnected,Source A,TheHague3D_batch_01a_part02_attributed_2021-06-29.json,TheHague3D_batch_01a_part02_attributed_2021-06-29.json:bag_0518100000211580,n_vertices,233
disconnected,Source A,TheHague3D_batch_01a_part02_attributed_2021-06-29.json,TheHague3D_batch_01a_part02_attributed_2021-06-29.json:bag_0518100000227128,n_vertices,42
disconnected,Source A,TheHague3D_batch_01a_part02_attributed_2021-06-29.json,TheHague3D_batch_01a_part02_attributed_2021-06-29.json:bag_0518100000215281,n_vertices,38
disconnected,Source A,TheHague3D_batch_01a_part02_attributed_2021-06-29.json,TheHague3D_batch_01a_part02_attributed_2021-06-29.json:bag_0518100000309078,n_vertices,218
disconnected,Source A,TheHague3D_batch_01a_part02_attributed_2021-06-29.json,TheHague3D_batch_01a_part02_attributed_2021-06-29.json:bag_0518100000213749,n_vertices,128
disconnected,Source A,TheHague3D_batch_01a_part02_attributed_2021-06-29.json,TheHague3D_batch_01a_part02_attributed_2021-06-29.json:bag_0518100000290920,n_vertices,211
disconnected,Source A,TheHague3D_batch_01a_part02_attributed_2021-06-29.json,TheHague3D_batch_01a_part02_attributed_2021-06-29.json:bag_0518100000203266,n_vertices,69
disconnected,Source A,TheHague3D_batch_01a_part02_attributed_2021-06-29.json,TheHague3D_batch_01a_part02_attributed_2021-06-29.json:bag_0518100000215302,n_vertices,541
disconnected,Source A,TheHague3D_batch_01a_part02_attributed_2021-06-29.json,TheHague3D_batch_01a_part02_attributed_2021-06-29.json:bag_0518100000208392,n_vertices,149
disconnected,Source A,TheHague3D_batch_01a_part02_attributed_2021-06-29.json,TheHague3D_batch_01a_part02_attributed_2021-06-29.json:bag_0518100000336003,n_vertices,166
disconnected,Source A,TheHague3D_batch_01a_part02_attributed_2021-06-29.json,TheHague3D_batch_01a_part02_attributed_2021-06-29.json:bag_0518100000231933,n_vertices,661
disconnected,Source A,TheHague3D_batch_01a_part02_attributed_2021-06-29.json,TheHague3D_batch_01a_part02_attributed_2021-06-29.json:bag_0518100000300401,n_vertices,225
disconnected,Source A,TheHague3D_batch_01a_part02_attributed_2021-06-29.json,TheHague3D_batch_01a_part02_attributed_2021-06-29.json:bag_0518100000353648,n_vertices,276
disconnected,Source A,TheHague3D_batch_01a_part02_attributed_2021-06-29.json,TheHague3D_batch_01a_part02_attributed_2021-06-29.json:bag_0518100000253486,n_vertices,24
disconnected,Source A,TheHague3D_batch_01a_part02_attributed_2021-06-29.json,TheHague3D_batch_01a_part02_attributed_2021-06-29.json:bag_0518100000240683,n_vertices,240
disconnected,Source A,TheHague3D_batch_01a_part02_attributed_2021-06-29.json,TheHague3D_batch_01a_part02_attributed_2021-06-29.json:bag_0518100001629505,n_vertices,20
disconnected,Source A,TheHague3D_batch_01a_part02_attributed_2021-06-29.json,TheHague3D_batch_01a_part02_attributed_2021-06-29.json:bag_0518100000272473,n_vertices,131
disconnected,Source A,TheHague3D_batch_01a_part02_attributed_2021-06-29.json,TheHague3D_batch_01a_part02_attributed_2021-06-29.json:bag_0518100000317596,n_vertices,75
disconnected,Source A,TheHague3D_batch_01a_part02_attributed_2021-06-29.json,TheHague3D_batch_01a_part02_attributed_2021-06-29.json:bag_0518100001757712,n_vertices,122
disconnected,Source A,TheHague3D_batch_01a_part02_attributed_2021-06-29.json,TheHague3D_batch_01a_part02_attributed_2021-06-29.json:bag_0518100000302701,n_vertices,392
disconnected,Source A,TheHague3D_batch_01a_part02_attributed_2021-06-29.json,TheHague3D_batch_01a_part02_attributed_2021-06-29.json:bag_0518100000347250,n_vertices,74
disconnected,Source A,TheHague3D_batch_01a_part02_attributed_2021-06-29.json,TheHague3D_batch_01a_part02_attributed_2021-06-29.json:bag_0518100000288179,n_vertices,154
disconnected,Source A,TheHague3D_batch_01a_part02_attributed_2021-06-29.json,TheHague3D_batch_01a_part02_attributed_2021-06-29.json:bag_0518100000329735,n_vertices,41
disconnected,Source A,TheHague3D_batch_01a_part02_attributed_2021-06-29.json,TheHague3D_batch_01a_part02_attributed_2021-06-29.json:bag_0518100000319351,n_vertices,80
disconnected,Source A,TheHague3D_batch_01a_part02_attributed_2021-06-29.json,TheHague3D_batch_01a_part02_attributed_2021-06-29.json:bag_0518100000317859,n_vertices,495
disconnected,Source A,TheHague3D_batch_01a_part02_attributed_2021-06-29.json,TheHague3D_batch_01a_part02_attributed_2021-06-29.json:bag_0518100000322591,n_vertices,41
disconnected,Source A,TheHague3D_batch_01a_part02_attributed_2021-06-29.json,TheHague3D_batch_01a_part02_attributed_2021-06-29.json:bag_0518100000288888,n_vertices,102
disconnected,Source A,TheHague3D_batch_01a_part02_attributed_2021-06-29.json,TheHague3D_batch_01a_part02_attributed_2021-06-29.json:bag_0518100000283821,n_vertices,20
disconnected,Source A,TheHague3D_batch_01a_part02_attributed_2021-06-29.json,TheHague3D_batch_01a_part02_attributed_2021-06-29.json:bag_0518100000208002,n_vertices,42
disconnected,Source A,TheHague3D_batch_01a_part02_attributed_2021-06-29.json,TheHague3D_batch_01a_part02_attributed_2021-06-29.json:bag_0518100000275191,n_vertices,110
disconnected,Source A,TheHague3D_batch_01a_part02_attributed_2021-06-29.json,TheHague3D_batch_01a_part02_attributed_2021-06-29.json:bag_0518100000281634,n_vertices,189
disconnected,Source A,TheHague3D_batch_01a_part02_attributed_2021-06-29.json,TheHague3D_batch_01a_part02_attributed_2021-06-29.json:bag_0518100000226775,n_vertices,164
disconnected,Source A,TheHague3D_batch_01a_part02_attributed_2021-06-29.json,TheHague3D_batch_01a_part02_attributed_2021-06-29.json:bag_0518100000225107,n_vertices,81
disconnected,Source A,TheHague3D_batch_01a_part02_attributed_2021-06-29.json,TheHague3D_batch_01a_part02_attributed_2021-06-29.json:bag_0518100000302641,n_vertices,200
disconnected,Source A,TheHague3D_batch_01a_part02_attributed_2021-06-29.json,TheHague3D_batch_01a_part02_attributed_2021-06-29.json:bag_0518100000241468,n_vertices,162
disconnected,Source A,TheHague3D_batch_01a_part02_attributed_2021-06-29.json,TheHague3D_batch_01a_part02_attributed_2021-06-29.json:bag_0518100000269182,n_vertices,116
disconnected,Source A,TheHague3D_batch_01a_part02_attributed_2021-06-29.json,TheHague3D_batch_01a_part02_attributed_2021-06-29.json:bag_0518100000342624,n_vertices,276
disconnected,Source A,TheHague3D_batch_01a_part02_attributed_2021-06-29.json,TheHague3D_batch_01a_part02_attributed_2021-06-29.json:bag_0518100000339315,n_vertices,152
disconnected,Source A,TheHague3D_batch_01a_part02_attributed_2021-06-29.json,TheHague3D_batch_01a_part02_attributed_2021-06-29.json:bag_0518100000295815,n_vertices,276
disconnected,Source A,TheHague3D_batch_01a_part02_attributed_2021-06-29.json,TheHague3D_batch_01a_part02_attributed_2021-06-29.json:bag_0518100000234354,n_vertices,38
disconnected,Source A,TheHague3D_batch_01a_part02_attributed_2021-06-29.json,TheHague3D_batch_01a_part02_attributed_2021-06-29.json:bag_0518100000279145,n_vertices,534
disconnected,Source A,TheHague3D_batch_01a_part02_attributed_2021-06-29.json,TheHague3D_batch_01a_part02_attributed_2021-06-29.json:bag_0518100000323151,n_vertices,20
disconnected,Source A,TheHague3D_batch_01a_part02_attributed_2021-06-29.json,TheHague3D_batch_01a_part02_attributed_2021-06-29.json:bag_0518100000301705,n_vertices,45
disconnected,Source A,TheHague3D_batch_01a_part02_attributed_2021-06-29.json,TheHague3D_batch_01a_part02_attributed_2021-06-29.json:bag_0518100000208391,n_vertices,213
disconnected,Source A,TheHague3D_batch_01a_part02_attributed_2021-06-29.json,TheHague3D_batch_01a_part02_attributed_2021-06-29.json:bag_0518100000281295,n_vertices,34
disconnected,Source A,TheHague3D_batch_01a_part02_attributed_2021-06-29.json,TheHague3D_batch_01a_part02_attributed_2021-06-29.json:bag_0518100000253487,n_vertices,24
disconnected,Source A,TheHague3D_batch_01a_part02_attributed_2021-06-29.json,TheHague3D_batch_01a_part02_attributed_2021-06-29.json:bag_0518100000268700,n_vertices,74
disconnected,Source A,TheHague3D_batch_01a_part02_attributed_2021-06-29.json,TheHague3D_batch_01a_part02_attributed_2021-06-29.json:bag_0518100000315530,n_vertices,44
disconnected,Source A,TheHague3D_batch_01a_part02_attributed_2021-06-29.json,TheHague3D_batch_01a_part02_attributed_2021-06-29.json:bag_0518100000339312,n_vertices,205
disconnected,Source A,TheHague3D_batch_01a_part02_attributed_2021-06-29.json,TheHague3D_batch_01a_part02_attributed_2021-06-29.json:bag_0518100000255421,n_vertices,28
disconnected,Source A,TheHague3D_batch_01a_part02_attributed_2021-06-29.json,TheHague3D_batch_01a_part02_attributed_2021-06-29.json:bag_0518100000317182,n_vertices,684
disconnected,Source A,TheHague3D_batch_01a_part02_attributed_2021-06-29.json,TheHague3D_batch_01a_part02_attributed_2021-06-29.json:bag_0518100000339785,n_vertices,189
disconnected,Source A,TheHague3D_batch_01a_part02_attributed_2021-06-29.json,TheHague3D_batch_01a_part02_attributed_2021-06-29.json:bag_0518100000209947,n_vertices,192
disconnected,Source A,TheHague3D_batch_01a_part02_attributed_2021-06-29.json,TheHague3D_batch_01a_part02_attributed_2021-06-29.json:bag_0518100000344841,n_vertices,74
disconnected,Source A,TheHague3D_batch_01a_part02_attributed_2021-06-29.json,TheHague3D_batch_01a_part02_attributed_2021-06-29.json:bag_0518100000270248,n_vertices,77
disconnected,Source A,TheHague3D_batch_01a_part02_attributed_2021-06-29.json,TheHague3D_batch_01a_part02_attributed_2021-06-29.json:bag_0518100000228618,n_vertices,123
disconnected,Source A,TheHague3D_batch_01a_part02_attributed_2021-06-29.json,TheHague3D_batch_01a_part02_attributed_2021-06-29.json:bag_0518100000353183,n_vertices,182
disconnected,Source A,TheHague3D_batch_01a_part02_attributed_2021-06-29.json,TheHague3D_batch_01a_part02_attributed_2021-06-29.json:bag_0518100000245573,n_vertices,100
disconnected,Source A,TheHague3D_batch_01a_part02_attributed_2021-06-29.json,TheHague3D_batch_01a_part02_attributed_2021-06-29.json:bag_0518100000243636,n_vertices,113
disconnected,Source A,TheHague3D_batch_01a_part02_attributed_2021-06-29.json,TheHague3D_batch_01a_part02_attributed_2021-06-29.json:bag_0518100000296441,n_vertices,287
disconnected,Source A,TheHague3D_batch_01a_part02_attributed_2021-06-29.json,TheHague3D_batch_01a_part02_attributed_2021-06-29.json:bag_0518100000314989,n_vertices,78
disconnected,Source A,TheHague3D_batch_01a_part02_attributed_2021-06-29.json,TheHague3D_batch_01a_part02_attributed_2021-06-29.json:bag_0518100000344869,n_vertices,32
disconnected,Source A,TheHague3D_batch_01a_part02_attributed_2021-06-29.json,TheHague3D_batch_01a_part02_attributed_2021-06-29.json:bag_0518100000223048,n_vertices,91
disconnected,Source A,TheHague3D_batch_01a_part02_attributed_2021-06-29.json,TheHague3D_batch_01a_part02_attributed_2021-06-29.json:bag_0518100000304637,n_vertices,172
disconnected,Source A,TheHague3D_batch_01a_part02_attributed_2021-06-29.json,TheHague3D_batch_01a_part02_attributed_2021-06-29.json:bag_0518100000296353,n_vertices,263
disconnected,Source A,TheHague3D_batch_01a_part02_attributed_2021-06-29.json,TheHague3D_batch_01a_part02_attributed_2021-06-29.json:bag_0518100000279133,n_vertices,147
disconnected,Source A,TheHague3D_batch_01a_part02_attributed_2021-06-29.json,TheHague3D_batch_01a_part02_attributed_2021-06-29.json:bag_0518100000208287,n_vertices,128
disconnected,Source A,TheHague3D_batch_01a_part02_attributed_2021-06-29.json,TheHague3D_batch_01a_part02_attributed_2021-06-29.json:bag_0518100000218823,n_vertices,132
disconnected,Source A,TheHague3D_batch_01a_part02_attributed_2021-06-29.json,TheHague3D_batch_01a_part02_attributed_2021-06-29.json:bag_0518100000252038,n_vertices,47
disconnected,Source A,TheHague3D_batch_01a_part02_attributed_2021-06-29.json,TheHague3D_batch_01a_part02_attributed_2021-06-29.json:bag_0518100000285688,n_vertices,57
disconnected,Source A,TheHague3D_batch_01a_part02_attributed_2021-06-29.json,TheHague3D_batch_01a_part02_attributed_2021-06-29.json:bag_0518100000321246,n_vertices,56
disconnected,Source A,TheHague3D_batch_01a_part02_attributed_2021-06-29.json,TheHague3D_batch_01a_part02_attributed_2021-06-29.json:bag_0518100000268764,n_vertices,172
disconnected,Source A,TheHague3D_batch_01a_part02_attributed_2021-06-29.json,TheHague3D_batch_01a_part02_attributed_2021-06-29.json:bag_0518100000334591,n_vertices,57
disconnected,Source A,TheHague3D_batch_01a_part02_attributed_2021-06-29.json,TheHague3D_batch_01a_part02_attributed_2021-06-29.json:bag_0518100000281633,n_vertices,142
disconnected,Source A,TheHague3D_batch_01a_part02_attributed_2021-06-29.json,TheHague3D_batch_01a_part02_attributed_2021-06-29.json:bag_0518100000226620,n_vertices,81
disconnected,Source A,TheHague3D_batch_01a_part02_attributed_2021-06-29.json,TheHague3D_batch_01a_part02_attributed_2021-06-29.json:bag_0518100000287535,n_vertices,117
disconnected,Source A,TheHague3D_batch_01a_part02_attributed_2021-06-29.json,TheHague3D_batch_01a_part02_attributed_2021-06-29.json:bag_0518100000237271,n_vertices,55
disconnected,Source A,TheHague3D_batch_01a_part02_attributed_2021-06-29.json,TheHague3D_batch_01a_part02_attributed_2021-06-29.json:bag_0518100000228012,n_vertices,432
disconnected,Source A,TheHague3D_batch_01a_part02_attributed_2021-06-29.json,TheHague3D_batch_01a_part02_attributed_2021-06-29.json:bag_0518100000245572,n_vertices,64
disconnected,Source A,TheHague3D_batch_01a_part02_attributed_2021-06-29.json,TheHague3D_batch_01a_part02_attributed_2021-06-29.json:bag_0518100000272938,n_vertices,117
disconnected,Source A,TheHague3D_batch_01a_part02_attributed_2021-06-29.json,TheHague3D_batch_01a_part02_attributed_2021-06-29.json:bag_0518100001746027,n_vertices,162
disconnected,Source A,TheHague3D_batch_01a_part02_attributed_2021-06-29.json,TheHague3D_batch_01a_part02_attributed_2021-06-29.json:bag_0518100000324105,n_vertices,64
disconnected,Source A,TheHague3D_batch_01a_part02_attributed_2021-06-29.json,TheHague3D_batch_01a_part02_attributed_2021-06-29.json:bag_0518100000288048,n_vertices,63
disconnected,Source A,TheHague3D_batch_01a_part02_attributed_2021-06-29.json,TheHague3D_batch_01a_part02_attributed_2021-06-29.json:bag_0518100000284831,n_vertices,178
disconnected,Source A,TheHague3D_batch_01a_part02_attributed_2021-06-29.json,TheHague3D_batch_01a_part02_attributed_2021-06-29.json:bag_0518100000325816,n_vertices,20
disconnected,Source A,TheHague3D_batch_01a_part02_attributed_2021-06-29.json,TheHague3D_batch_01a_part02_attributed_2021-06-29.json:bag_0518100001754656,n_vertices,425
disconnected,Source A,TheHague3D_batch_01a_part02_attributed_2021-06-29.json,TheHague3D_batch_01a_part02_attributed_2021-06-29.json:bag_0518100000220333,n_vertices,39
disconnected,Source A,TheHague3D_batch_01a_part02_attributed_2021-06-29.json,TheHague3D_batch_01a_part02_attributed_2021-06-29.json:bag_0518100000288068,n_vertices,77
disconnected,Source A,TheHague3D_batch_01a_part02_attributed_2021-06-29.json,TheHague3D_batch_01a_part02_attributed_2021-06-29.json:bag_0518100000298423,n_vertices,761
disconnected,Source A,TheHague3D_batch_01a_part02_attributed_2021-06-29.json,TheHague3D_batch_01a_part02_attributed_2021-06-29.json:bag_0518100001757307,n_vertices,231
disconnected,Source A,TheHague3D_batch_01a_part02_attributed_2021-06-29.json,TheHague3D_batch_01a_part02_attributed_2021-06-29.json:bag_0518100001677434,n_vertices,103
disconnected,Source A,TheHague3D_batch_01a_part02_attributed_2021-06-29.json,TheHague3D_batch_01a_part02_attributed_2021-06-29.json:bag_0518100000228617,n_vertices,192
disconnected,Source A,TheHague3D_batch_01a_part02_attributed_2021-06-29.json,TheHague3D_batch_01a_part02_attributed_2021-06-29.json:bag_0518100000226515,n_vertices,115
disconnected,Source A,TheHague3D_batch_01a_part02_attributed_2021-06-29.json,TheHague3D_batch_01a_part02_attributed_2021-06-29.json:bag_0518100000335237,n_vertices,503
disconnected,Source A,TheHague3D_batch_01a_part02_attributed_2021-06-29.json,TheHague3D_batch_01a_part02_attributed_2021-06-29.json:bag_0518100000354570,n_vertices,370
disconnected,Source A,TheHague3D_batch_01a_part02_attributed_2021-06-29.json,TheHague3D_batch_01a_part02_attributed_2021-06-29.json:bag_0518100000300400,n_vertices,173
disconnected,Source A,TheHague3D_batch_01a_part02_attributed_2021-06-29.json,TheHague3D_batch_01a_part02_attributed_2021-06-29.json:bag_0518100000273510,n_vertices,175
disconnected,Source A,TheHague3D_batch_01a_part02_attributed_2021-06-29.json,TheHague3D_batch_01a_part02_attributed_2021-06-29.json:bag_0518100000341589,n_vertices,187
disconnected,Source A,TheHague3D_batch_01a_part02_attributed_2021-06-29.json,TheHague3D_batch_01a_part02_attributed_2021-06-29.json:bag_0518100000322135,n_vertices,137
disconnected,Source A,TheHague3D_batch_01a_part02_attributed_2021-06-29.json,TheHague3D_batch_01a_part02_attributed_2021-06-29.json:bag_0518100000274235,n_vertices,516
disconnected,Source A,TheHague3D_batch_01a_part02_attributed_2021-06-29.json,TheHague3D_batch_01a_part02_attributed_2021-06-29.json:bag_0518100000287933,n_vertices,137
disconnected,Source A,TheHague3D_batch_01a_part02_attributed_2021-06-29.json,TheHague3D_batch_01a_part02_attributed_2021-06-29.json:bag_0518100001665713,n_vertices,50
disconnected,Source A,TheHague3D_batch_01a_part02_attributed_2021-06-29.json,TheHague3D_batch_01a_part02_attributed_2021-06-29.json:bag_0518100000236893,n_vertices,242
disconnected,Source A,TheHague3D_batch_01a_part02_attributed_2021-06-29.json,TheHague3D_batch_01a_part02_attributed_2021-06-29.json:bag_0518100000338523,n_vertices,842
disconnected,Source A,TheHague3D_batch_01a_part02_attributed_2021-06-29.json,TheHague3D_batch_01a_part02_attributed_2021-06-29.json:bag_0518100000218964,n_vertices,351
disconnected,Source A,TheHague3D_batch_01a_part02_attributed_2021-06-29.json,TheHague3D_batch_01a_part02_attributed_2021-06-29.json:bag_0518100001754926,n_vertices,549
disconnected,Source A,TheHague3D_batch_01a_part02_attributed_2021-06-29.json,TheHague3D_batch_01a_part02_attributed_2021-06-29.json:bag_0518100000215461,n_vertices,68
disconnected,Source A,TheHague3D_batch_01a_part02_attributed_2021-06-29.json,TheHague3D_batch_01a_part02_attributed_2021-06-29.json:bag_0518100000354142,n_vertices,169
disconnected,Source A,TheHague3D_batch_01a_part02_attributed_2021-06-29.json,TheHague3D_batch_01a_part02_attributed_2021-06-29.json:bag_0518100000306013,n_vertices,150
disconnected,Source A,TheHague3D_batch_01a_part02_attributed_2021-06-29.json,TheHague3D_batch_01a_part02_attributed_2021-06-29.json:bag_0518100000324741,n_vertices,180
disconnected,Source A,TheHague3D_batch_01a_part02_attributed_2021-06-29.json,TheHague3D_batch_01a_part02_attributed_2021-06-29.json:bag_0518100000334333,n_vertices,120
disconnected,Source A,TheHague3D_batch_01a_part02_attributed_2021-06-29.json,TheHague3D_batch_01a_part02_attributed_2021-06-29.json:bag_0518100000273492,n_vertices,202
disconnected,Source A,TheHague3D_batch_01a_part02_attributed_2021-06-29.json,TheHague3D_batch_01a_part02_attributed_2021-06-29.json:bag_0518100001765115,n_vertices,493
disconnected,Source A,TheHague3D_batch_01a_part02_attributed_2021-06-29.json,TheHague3D_batch_01a_part02_attributed_2021-06-29.json:bag_0518100001640441,n_vertices,187
disconnected,Source A,TheHague3D_batch_01a_part02_attributed_2021-06-29.json,TheHague3D_batch_01a_part02_attributed_2021-06-29.json:bag_0518100000216546,n_vertices,280
disconnected,Source A,TheHague3D_batch_01a_part02_attributed_2021-06-29.json,TheHague3D_batch_01a_part02_attributed_2021-06-29.json:bag_0518100000219932,n_vertices,242
disconnected,Source A,TheHague3D_batch_01a_part02_attributed_2021-06-29.json,TheHague3D_batch_01a_part02_attributed_2021-06-29.json:bag_0518100000271980,n_vertices,677
disconnected,Source A,TheHague3D_batch_01a_part02_attributed_2021-06-29.json,TheHague3D_batch_01a_part02_attributed_2021-06-29.json:bag_0518100000270444,n_vertices,212
disconnected,Source A,TheHague3D_batch_01a_part02_attributed_2021-06-29.json,TheHague3D_batch_01a_part02_attributed_2021-06-29.json:bag_0518100000355132,n_vertices,157
disconnected,Source A,TheHague3D_batch_01a_part02_attributed_2021-06-29.json,TheHague3D_batch_01a_part02_attributed_2021-06-29.json:bag_0518100000209408,n_vertices,310
disconnected,Source A,TheHague3D_batch_01a_part02_attributed_2021-06-29.json,TheHague3D_batch_01a_part02_attributed_2021-06-29.json:bag_0518100000342971,n_vertices,70
disconnected,Source A,TheHague3D_batch_01a_part02_attributed_2021-06-29.json,TheHague3D_batch_01a_part02_attributed_2021-06-29.json:bag_0518100000324421,n_vertices,156
disconnected,Source A,TheHague3D_batch_01a_part02_attributed_2021-06-29.json,TheHague3D_batch_01a_part02_attributed_2021-06-29.json:bag_0518100000353176,n_vertices,398
disconnected,Source A,TheHague3D_batch_01a_part02_attributed_2021-06-29.json,TheHague3D_batch_01a_part02_attributed_2021-06-29.json:bag_0518100000305540,n_vertices,76
disconnected,Source A,TheHague3D_batch_01a_part02_attributed_2021-06-29.json,TheHague3D_batch_01a_part02_attributed_2021-06-29.json:bag_0518100000206818,n_vertices,159
disconnected,Source A,TheHague3D_batch_01a_part02_attributed_2021-06-29.json,TheHague3D_batch_01a_part02_attributed_2021-06-29.json:bag_0518100000203710,n_vertices,565
disconnected,Source A,TheHague3D_batch_01a_part02_attributed_2021-06-29.json,TheHague3D_batch_01a_part02_attributed_2021-06-29.json:bag_0518100000284937,n_vertices,503
disconnected,Source A,TheHague3D_batch_01a_part02_attributed_2021-06-29.json,TheHague3D_batch_01a_part02_attributed_2021-06-29.json:bag_0518100000226834,n_vertices,291
disconnected,Source A,TheHague3D_batch_01a_part02_attributed_2021-06-29.json,TheHague3D_batch_01a_part02_attributed_2021-06-29.json:bag_0518100001746028,n_vertices,168
disconnected,Source A,TheHague3D_batch_01a_part02_attributed_2021-06-29.json,TheHague3D_batch_01a_part02_attributed_2021-06-29.json:bag_0518100000298980,n_vertices,96
disconnected,Source A,TheHague3D_batch_01a_part02_attributed_2021-06-29.json,TheHague3D_batch_01a_part02_attributed_2021-06-29.json:bag_0518100000210947,n_vertices,72
disconnected,Source A,TheHague3D_batch_01a_part02_attributed_2021-06-29.json,TheHague3D_batch_01a_part02_attributed_2021-06-29.json:bag_0518100001639998,n_vertices,395
disconnected,Source A,TheHague3D_batch_01a_part02_attributed_2021-06-29.json,TheHague3D_batch_01a_part02_attributed_2021-06-29.json:bag_0518100000222550,n_vertices,196
disconnected,Source A,TheHague3D_batch_01a_part02_attributed_2021-06-29.json,TheHague3D_batch_01a_part02_attributed_2021-06-29.json:bag_0518100000206625,n_vertices,635
disconnected,Source A,TheHague3D_batch_01a_part02_attributed_2021-06-29.json,TheHague3D_batch_01a_part02_attributed_2021-06-29.json:bag_0518100000286206,n_vertices,120
disconnected,Source A,TheHague3D_batch_01a_part02_attributed_2021-06-29.json,TheHague3D_batch_01a_part02_attributed_2021-06-29.json:bag_0518100000296534,n_vertices,506
disconnected,Source A,TheHague3D_batch_01a_part02_attributed_2021-06-29.json,TheHague3D_batch_01a_part02_attributed_2021-06-29.json:bag_0518100001641329,n_vertices,109
disconnected,Source A,TheHague3D_batch_01a_part02_attributed_2021-06-29.json,TheHague3D_batch_01a_part02_attributed_2021-06-29.json:bag_0518100000282471,n_vertices,106
disconnected,Source A,TheHague3D_batch_01a_part02_attributed_2021-06-29.json,TheHague3D_batch_01a_part02_attributed_2021-06-29.json:bag_0518100000313749,n_vertices,165
disconnected,Source A,TheHague3D_batch_01a_part02_attributed_2021-06-29.json,TheHague3D_batch_01a_part02_attributed_2021-06-29.json:bag_0518100000324019,n_vertices,86
disconnected,Source A,TheHague3D_batch_01a_part02_attributed_2021-06-29.json,TheHague3D_batch_01a_part02_attributed_2021-06-29.json:bag_0518100000203709,n_vertices,493
disconnected,Source A,TheHague3D_batch_01a_part02_attributed_2021-06-29.json,TheHague3D_batch_01a_part02_attributed_2021-06-29.json:bag_0518100001640137,n_vertices,260
disconnected,Source A,TheHague3D_batch_01a_part02_attributed_2021-06-29.json,TheHague3D_batch_01a_part02_attributed_2021-06-29.json:bag_0518100000271038,n_vertices,126
disconnected,Source A,TheHague3D_batch_01a_part02_attributed_2021-06-29.json,TheHague3D_batch_01a_part02_attributed_2021-06-29.json:bag_0518100000353587,n_vertices,741
disconnected,Source A,TheHague3D_batch_01a_part02_attributed_2021-06-29.json,TheHague3D_batch_01a_part02_attributed_2021-06-29.json:bag_0518100000315046,n_vertices,335
disconnected,Source A,TheHague3D_batch_01a_part02_attributed_2021-06-29.json,TheHague3D_batch_01a_part02_attributed_2021-06-29.json:bag_0518100000345802,n_vertices,277
disconnected,Source A,TheHague3D_batch_01a_part02_attributed_2021-06-29.json,TheHague3D_batch_01a_part02_attributed_2021-06-29.json:bag_0518100000229863,n_vertices,188
disconnected,Source A,TheHague3D_batch_01a_part02_attributed_2021-06-29.json,TheHague3D_batch_01a_part02_attributed_2021-06-29.json:bag_0518100000339027,n_vertices,132
disconnected,Source A,TheHague3D_batch_01a_part02_attributed_2021-06-29.json,TheHague3D_batch_01a_part02_attributed_2021-06-29.json:bag_0518100000270454,n_vertices,291
disconnected,Source A,TheHague3D_batch_01a_part02_attributed_2021-06-29.json,TheHague3D_batch_01a_part02_attributed_2021-06-29.json:bag_0518100000212527,n_vertices,119
disconnected,Source A,TheHague3D_batch_01a_part02_attributed_2021-06-29.json,TheHague3D_batch_01a_part02_attributed_2021-06-29.json:bag_0518100000219513,n_vertices,97
disconnected,Source A,TheHague3D_batch_01a_part02_attributed_2021-06-29.json,TheHague3D_batch_01a_part02_attributed_2021-06-29.json:bag_0518100000237582,n_vertices,57
disconnected,Source A,TheHague3D_batch_01a_part02_attributed_2021-06-29.json,TheHague3D_batch_01a_part02_attributed_2021-06-29.json:bag_0518100000271185,n_vertices,340
disconnected,Source A,TheHague3D_batch_01a_part02_attributed_2021-06-29.json,TheHague3D_batch_01a_part02_attributed_2021-06-29.json:bag_0518100000213098,n_vertices,144
disconnected,Source A,TheHague3D_batch_01a_part02_attributed_2021-06-29.json,TheHague3D_batch_01a_part02_attributed_2021-06-29.json:bag_0518100000301471,n_vertices,188
disconnected,Source A,TheHague3D_batch_01a_part02_attributed_2021-06-29.json,TheHague3D_batch_01a_part02_attributed_2021-06-29.json:bag_0518100000340608,n_vertices,97
disconnected,Source A,TheHague3D_batch_01a_part02_attributed_2021-06-29.json,TheHague3D_batch_01a_part02_attributed_2021-06-29.json:bag_0518100000215303,n_vertices,605
disconnected,Source A,TheHague3D_batch_01a_part02_attributed_2021-06-29.json,TheHague3D_batch_01a_part02_attributed_2021-06-29.json:bag_0518100000265952,n_vertices,178
disconnected,Source A,TheHague3D_batch_01a_part02_attributed_2021-06-29.json,TheHague3D_batch_01a_part02_attributed_2021-06-29.json:bag_0518100000317685 ,n_vertices,528
disconnected,Source A,TheHague3D_batch_01a_part03_attributed_2021-06-29.json,TheHague3D_batch_01a_part03_attributed_2021-06-29.json:bag_0518100000235692,n_vertices,72
disconnected,Source A,TheHague3D_batch_01a_part03_attributed_2021-06-29.json,TheHague3D_batch_01a_part03_attributed_2021-06-29.json:bag_0518100000301462,n_vertices,40
disconnected,Source A,TheHague3D_batch_01a_part03_attributed_2021-06-29.json,TheHague3D_batch_01a_part03_attributed_2021-06-29.json:bag_0518100000221055,n_vertices,59
disconnected,Source A,TheHague3D_batch_01a_part03_attributed_2021-06-29.json,TheHague3D_batch_01a_part03_attributed_2021-06-29.json:bag_0518100000234991,n_vertices,74
disconnected,Source A,TheHague3D_batch_01a_part03_attributed_2021-06-29.json,TheHague3D_batch_01a_part03_attributed_2021-06-29.json:bag_0518100000270326,n_vertices,79
disconnected,Source A,TheHague3D_batch_01a_part03_attributed_2021-06-29.json,TheHague3D_batch_01a_part03_attributed_2021-06-29.json:bag_0518100000344476,n_vertices,62
disconnected,Source A,TheHague3D_batch_01a_part03_attributed_2021-06-29.json,TheHague3D_batch_01a_part03_attributed_2021-06-29.json:bag_0518100000288818,n_vertices,73
disconnected,Source A,TheHague3D_batch_01a_part03_attributed_2021-06-29.json,TheHague3D_batch_01a_part03_attributed_2021-06-29.json:bag_0518100000305348,n_vertices,114
disconnected,Source A,TheHague3D_batch_01a_part03_attributed_2021-06-29.json,TheHague3D_batch_01a_part03_attributed_2021-06-29.json:bag_0518100001756022,n_vertices,282
disconnected,Source A,TheHague3D_batch_01a_part03_attributed_2021-06-29.json,TheHague3D_batch_01a_part03_attributed_2021-06-29.json:bag_0518100000207240,n_vertices,97
disconnected,Source A,TheHague3D_batch_01a_part03_attributed_2021-06-29.json,TheHague3D_batch_01a_part03_attributed_2021-06-29.json:bag_0518100000235928,n_vertices,58
disconnected,Source A,TheHague3D_batch_01a_part03_attributed_2021-06-29.json,TheHague3D_batch_01a_part03_attributed_2021-06-29.json:bag_0518100000234295,n_vertices,85
disconnected,Source A,TheHague3D_batch_01a_part03_attributed_2021-06-29.json,TheHague3D_batch_01a_part03_attributed_2021-06-29.json:bag_0518100001748938,n_vertices,24
disconnected,Source A,TheHague3D_batch_01a_part03_attributed_2021-06-29.json,TheHague3D_batch_01a_part03_attributed_2021-06-29.json:bag_0518100000342868,n_vertices,112
disconnected,Source A,TheHague3D_batch_01a_part03_attributed_2021-06-29.json,TheHague3D_batch_01a_part03_attributed_2021-06-29.json:bag_0518100000207080,n_vertices,96
disconnected,Source A,TheHague3D_batch_01a_part03_attributed_2021-06-29.json,TheHague3D_batch_01a_part03_attributed_2021-06-29.json:bag_0518100000321311,n_vertices,63
disconnected,Source A,TheHague3D_batch_01a_part03_attributed_2021-06-29.json,TheHague3D_batch_01a_part03_attributed_2021-06-29.json:bag_0518100001651250,n_vertices,16
disconnected,Source A,TheHague3D_batch_01a_part03_attributed_2021-06-29.json,TheHague3D_batch_01a_part03_attributed_2021-06-29.json:bag_0518100000211150,n_vertices,94
disconnected,Source A,TheHague3D_batch_01a_part03_attributed_2021-06-29.json,TheHague3D_batch_01a_part03_attributed_2021-06-29.json:bag_0518100000214895,n_vertices,50
disconnected,Source A,TheHague3D_batch_01a_part03_attributed_2021-06-29.json,TheHague3D_batch_01a_part03_attributed_2021-06-29.json:bag_0518100000270554,n_vertices,66
disconnected,Source A,TheHague3D_batch_01a_part03_attributed_2021-06-29.json,TheHague3D_batch_01a_part03_attributed_2021-06-29.json:bag_0518100000225921,n_vertices,43
disconnected,Source A,TheHague3D_batch_01a_part03_attributed_2021-06-29.json,TheHague3D_batch_01a_part03_attributed_2021-06-29.json:bag_0518100000352526,n_vertices,123
disconnected,Source A,TheHague3D_batch_01a_part03_attributed_2021-06-29.json,TheHague3D_batch_01a_part03_attributed_2021-06-29.json:bag_0518100000241849,n_vertices,95
disconnected,Source A,TheHague3D_batch_01a_part03_attributed_2021-06-29.json,TheHague3D_batch_01a_part03_attributed_2021-06-29.json:bag_0518100000244170,n_vertices,43
disconnected,Source A,TheHague3D_batch_01a_part03_attributed_2021-06-29.json,TheHague3D_batch_01a_part03_attributed_2021-06-29.json:bag_0518100000327361,n_vertices,56
disconnected,Source A,TheHague3D_batch_01a_part03_attributed_2021-06-29.json,TheHague3D_batch_01a_part03_attributed_2021-06-29.json:bag_0518100000277513,n_vertices,224
disconnected,Source A,TheHague3D_batch_01a_part03_attributed_2021-06-29.json,TheHague3D_batch_01a_part03_attributed_2021-06-29.json:bag_0518100000222073,n_vertices,192
disconnected,Source A,TheHague3D_batch_01a_part03_attributed_2021-06-29.json,TheHague3D_batch_01a_part03_attributed_2021-06-29.json:bag_0518100000308549,n_vertices,54
disconnected,Source A,TheHague3D_batch_01a_part03_attributed_2021-06-29.json,TheHague3D_batch_01a_part03_attributed_2021-06-29.json:bag_0518100000343950,n_vertices,229
disconnected,Source A,TheHague3D_batch_01a_part03_attributed_2021-06-29.json,TheHague3D_batch_01a_part03_attributed_2021-06-29.json:bag_0518100000328412,n_vertices,26
disconnected,Source A,TheHague3D_batch_01a_part03_attributed_2021-06-29.json,TheHague3D_batch_01a_part03_attributed_2021-06-29.json:bag_0518100000271230,n_vertices,914
disconnected,Source A,TheHague3D_batch_01a_part03_attributed_2021-06-29.json,TheHague3D_batch_01a_part03_attributed_2021-06-29.json:bag_0518100000207465,n_vertices,108
disconnected,Source A,TheHague3D_batch_01a_part03_attributed_2021-06-29.json,TheHague3D_batch_01a_part03_attributed_2021-06-29.json:bag_0518100000353472,n_vertices,50
disconnected,Source A,TheHague3D_batch_01a_part03_attributed_2021-06-29.json,TheHague3D_batch_01a_part03_attributed_2021-06-29.json:bag_0518100000344880,n_vertices,102
ground_normal_up,Source A,TheHague3D_batch_02_wijk29_attributed_2021_08_19.json,TheHague3D_batch_02_wijk29_attributed_2021_08_19.json:bag_0518100000288567,n_vertices,132
ground_normal_up,Source A,TheHague3D_batch_05_Wijk 11 Duinoord_2022-06-21.json,TheHague3D_batch_05_Wijk 11 Duinoord_2022-06-21.json:bag_0518100000237706,n_vertices,87
ground_normal_up,Source A,TheHague3D_batch_05_Wijk 4 Benoordenhout_2022-06-21.json,TheHague3D_batch_05_Wijk 4 Benoordenhout_2022-06-21.json:bag_0518100000234926,n_vertices,222
ground_normal_up,Source A,TheHague3D_batch_05_Wijk 5 Archipelbuurt_2022-06-21.json,TheHague3D_batch_05_Wijk 5 Archipelbuurt_2022-06-21.json:bag_0518100000223030,n_vertices,1580
ground_normal_up,Source A,TheHague3D_batch_06_Wijk 20 Valkenboskwartier_2022-06-21.json,TheHague3D_batch_06_Wijk 20 Valkenboskwartier_2022-06-21.json:bag_0518100000286020,n_vertices,67
ground_normal_up,Source A,TheHague3D_Batch_08_Forepark_2022-08-08.json,TheHague3D_Batch_08_Forepark_2022-08-08.json:bag_0518100000273015,n_vertices,1369
ground_normal_up,Source A,TheHague3D_Batch_08_Leidschenveen_2022-08-08.json,TheHague3D_Batch_08_Leidschenveen_2022-08-08.json:bag_0518100000219826,n_vertices,54
missing_ground,Source B,10-258-588.city.json,10-258-588.city.json:NL.IMBAG.Pand.0518100000280429-0,n_vertices,48
missing_ground,Source B,10-262-588.city.json,10-262-588.city.json:NL.IMBAG.Pand.0518100000215093-0,n_vertices,35
missing_ground,Source B,10-262-590.city.json,10-262-590.city.json:NL.IMBAG.Pand.0518100000323835-0,n_vertices,32
missing_ground,Source B,7-400-560.city.json,7-400-560.city.json:NL.IMBAG.Pand.1901100000024737-0,n_vertices,45
missing_ground,Source B,8-352-600.city.json,8-352-600.city.json:NL.IMBAG.Pand.0484100000044455-3,n_vertices,23
missing_ground,Source B,8-352-616.city.json,8-352-616.city.json:NL.IMBAG.Pand.0484100000045655-0,n_vertices,9
missing_ground,Source B,8-424-584.city.json,8-424-584.city.json:NL.IMBAG.Pand.0632100000001929-0,n_vertices,76
missing_ground,Source B,9-236-568.city.json,9-236-568.city.json:NL.IMBAG.Pand.1783100000034100-0,n_vertices,124
missing_ground,Source B,9-240-568.city.json,9-240-568.city.json:NL.IMBAG.Pand.1783100000034255-0,n_vertices,167
missing_ground,Source B,9-256-564.city.json,9-256-564.city.json:NL.IMBAG.Pand.1783100000041423-0,n_vertices,8
missing_ground,Source B,9-256-600.city.json,9-256-600.city.json:NL.IMBAG.Pand.0518100001771568-0,n_vertices,165
missing_ground,Source B,9-264-560.city.json,9-264-560.city.json:NL.IMBAG.Pand.1842100000015480-1,n_vertices,9
missing_ground,Source B,9-272-580.city.json,9-272-580.city.json:NL.IMBAG.Pand.0518100000351857-0,n_vertices,15
missing_ground,Source B,9-284-596.city.json,9-284-596.city.json:NL.IMBAG.Pand.0518100000231026-0,n_vertices,17
missing_ground,Source B,9-284-596.city.json,9-284-596.city.json:NL.IMBAG.Pand.0518100000354186-0,n_vertices,84
missing_ground,Source B,9-288-596.city.json,9-288-596.city.json:NL.IMBAG.Pand.1916100000115284-1,n_vertices,10
missing_ground,Source B,9-292-588.city.json,9-292-588.city.json:NL.IMBAG.Pand.0518100000274311-0,n_vertices,17
missing_ground,Source B,9-312-588.city.json,9-312-588.city.json:NL.IMBAG.Pand.0637100000166039-1,n_vertices,14
missing_ground,Source B,9-396-620.city.json,9-396-620.city.json:NL.IMBAG.Pand.0569100000022412-0,n_vertices,702
missing_roof,Source A,TheHague3D_batch_01a_part01_attributed_2021-06-29.json,TheHague3D_batch_01a_part01_attributed_2021-06-29.json:bag_0518100000337218,n_vertices,8
missing_roof,Source A,TheHague3D_batch_01a_part01_attributed_2021-06-29.json,TheHague3D_batch_01a_part01_attributed_2021-06-29.json:bag_0518100000344286,n_vertices,19
missing_roof,Source A,TheHague3D_batch_01a_part01_attributed_2021-06-29.json,TheHague3D_batch_01a_part01_attributed_2021-06-29.json:bag_0518100001759499,n_vertices,24
missing_roof,Source A,TheHague3D_batch_01a_part02_attributed_2021-06-29.json,TheHague3D_batch_01a_part02_attributed_2021-06-29.json:bag_0518100000252810,n_vertices,10
missing_roof,Source A,TheHague3D_batch_01a_part02_attributed_2021-06-29.json,TheHague3D_batch_01a_part02_attributed_2021-06-29.json:bag_0518100001755027,n_vertices,16
missing_roof,Source A,TheHague3D_batch_01a_part03_attributed_2021-06-29.json,TheHague3D_batch_01a_part03_attributed_2021-06-29.json:bag_0518100000297441,n_vertices,12
missing_roof,Source A,TheHague3D_batch_01a_part03_attributed_2021-06-29.json,TheHague3D_batch_01a_part03_attributed_2021-06-29.json:bag_0518100000217797,n_vertices,8
missing_roof,Source A,TheHague3D_batch_01a_part03_attributed_2021-06-29.json,TheHague3D_batch_01a_part03_attributed_2021-06-29.json:bag_0518100000233000,n_vertices,10
missing_roof,Source A,TheHague3D_batch_01a_part03_attributed_2021-06-29.json,TheHague3D_batch_01a_part03_attributed_2021-06-29.json:bag_0518100000328015,n_vertices,22
missing_roof,Source A,TheHague3D_batch_01a_part03_attributed_2021-06-29.json,TheHague3D_batch_01a_part03_attributed_2021-06-29.json:bag_0518100000226458,n_vertices,12
missing_roof,Source A,TheHague3D_batch_01a_part03_attributed_2021-06-29.json,TheHague3D_batch_01a_part03_attributed_2021-06-29.json:bag_0518100000217169,n_vertices,8
missing_roof,Source A,TheHague3D_batch_01a_part03_attributed_2021-06-29.json,TheHague3D_batch_01a_part03_attributed_2021-06-29.json:bag_0518100000213689,n_vertices,25
missing_roof,Source A,TheHague3D_batch_02_wijk29_attributed_2021_08_19.json,TheHague3D_batch_02_wijk29_attributed_2021_08_19.json:bag_0518100000304959,n_vertices,8
missing_roof,Source A,TheHague3D_batch_02_wijk29_attributed_2021_08_19.json,TheHague3D_batch_02_wijk29_attributed_2021_08_19.json:bag_0518100001640129,n_vertices,8
missing_roof,Source A,TheHague3D_batch_02_wijk29_attributed_2021_08_19.json,TheHague3D_batch_02_wijk29_attributed_2021_08_19.json:bag_0518100001640170,n_vertices,8
missing_roof,Source A,TheHague3D_batch_02_wijk29_attributed_2021_08_19.json,TheHague3D_batch_02_wijk29_attributed_2021_08_19.json:bag_0518100000228133,n_vertices,8
missing_roof,Source A,TheHague3D_batch_02_wijk29_attributed_2021_08_19.json,TheHague3D_batch_02_wijk29_attributed_2021_08_19.json:bag_0518100000203203,n_vertices,8
missing_roof,Source A,TheHague3D_batch_02_wijk29_attributed_2021_08_19.json,TheHague3D_batch_02_wijk29_attributed_2021_08_19.json:bag_0518100001759016,n_vertices,8
missing_roof,Source A,TheHague3D_batch_02_wijk29_attributed_2021_08_19.json,TheHague3D_batch_02_wijk29_attributed_2021_08_19.json:bag_0518100000296775,n_vertices,12
missing_roof,Source A,TheHague3D_batch_02_wijk29_attributed_2021_08_19.json,TheHague3D_batch_02_wijk29_attributed_2021_08_19.json:bag_0518100001759015,n_vertices,8
missing_roof,Source A,TheHague3D_batch_02_wijk29_attributed_2021_08_19.json,TheHague3D_batch_02_wijk29_attributed_2021_08_19.json:bag_0518100001640165,n_vertices,16
missing_roof,Source A,TheHague3D_batch_02_wijk29_attributed_2021_08_19.json,TheHague3D_batch_02_wijk29_attributed_2021_08_19.json:bag_0518100000221963,n_vertices,10
missing_roof,Source A,TheHague3D_batch_02_wijk29_attributed_2021_08_19.json,TheHague3D_batch_02_wijk29_attributed_2021_08_19.json:bag_0518100000221964,n_vertices,10
missing_roof,Source A,TheHague3D_batch_02_wijk29_attributed_2021_08_19.json,TheHague3D_batch_02_wijk29_attributed_2021_08_19.json:bag_0518100000286714,n_vertices,10
missing_roof,Source A,TheHague3D_batch_02_wijk29_attributed_2021_08_19.json,TheHague3D_batch_02_wijk29_attributed_2021_08_19.json:bag_0518100001640123,n_vertices,12
missing_roof,Source A,TheHague3D_batch_02_wijk29_attributed_2021_08_19.json,TheHague3D_batch_02_wijk29_attributed_2021_08_19.json:bag_0518100000334061,n_vertices,8
missing_roof,Source A,TheHague3D_batch_02_wijk29_attributed_2021_08_19.json,TheHague3D_batch_02_wijk29_attributed_2021_08_19.json:bag_0518100000233279,n_vertices,10
missing_roof,Source A,TheHague3D_batch_02_wijk29_attributed_2021_08_19.json,TheHague3D_batch_02_wijk29_attributed_2021_08_19.json:bag_0518100000223148,n_vertices,8
missing_roof,Source A,TheHague3D_batch_02_wijk29_attributed_2021_08_19.json,TheHague3D_batch_02_wijk29_attributed_2021_08_19.json:bag_0518100001640169,n_vertices,10
missing_roof,Source A,TheHague3D_batch_02_wijk29_attributed_2021_08_19.json,TheHague3D_batch_02_wijk29_attributed_2021_08_19.json:bag_0518100000222445,n_vertices,8
missing_roof,Source A,TheHague3D_batch_02_wijk29_attributed_2021_08_19.json,TheHague3D_batch_02_wijk29_attributed_2021_08_19.json:bag_0518100001640128,n_vertices,18
missing_roof,Source A,TheHague3D_batch_02_wijk29_attributed_2021_08_19.json,TheHague3D_batch_02_wijk29_attributed_2021_08_19.json:bag_0518100000222446,n_vertices,8
missing_roof,Source A,TheHague3D_batch_02_wijk29_attributed_2021_08_19.json,TheHague3D_batch_02_wijk29_attributed_2021_08_19.json:bag_0518100001640127,n_vertices,12
missing_roof,Source A,TheHague3D_batch_02_wijk29_attributed_2021_08_19.json,TheHague3D_batch_02_wijk29_attributed_2021_08_19.json:bag_0518100001640120,n_vertices,10
missing_roof,Source A,TheHague3D_batch_02_wijk29_attributed_2021_08_19.json,TheHague3D_batch_02_wijk29_attributed_2021_08_19.json:bag_0518100001640125,n_vertices,18
missing_roof,Source A,TheHague3D_batch_02_wijk29_attributed_2021_08_19.json,TheHague3D_batch_02_wijk29_attributed_2021_08_19.json:bag_0518100001640164,n_vertices,12
missing_roof,Source A,TheHague3D_batch_02_wijk29_attributed_2021_08_19.json,TheHague3D_batch_02_wijk29_attributed_2021_08_19.json:bag_0518100001640121,n_vertices,12
missing_roof,Source A,TheHague3D_batch_02_wijk29_attributed_2021_08_19.json,TheHague3D_batch_02_wijk29_attributed_2021_08_19.json:bag_0518100000322084,n_vertices,10
missing_roof,Source A,TheHague3D_batch_02_wijk29_attributed_2021_08_19.json,TheHague3D_batch_02_wijk29_attributed_2021_08_19.json:bag_0518100000232333,n_vertices,10
missing_roof,Source A,TheHague3D_batch_02_wijk29_attributed_2021_08_19.json,TheHague3D_batch_02_wijk29_attributed_2021_08_19.json:bag_0518100000304327,n_vertices,8
missing_roof,Source A,TheHague3D_batch_02_wijk29_attributed_2021_08_19.json,TheHague3D_batch_02_wijk29_attributed_2021_08_19.json:bag_0518100000309414,n_vertices,8
missing_roof,Source A,TheHague3D_batch_02_wijk29_attributed_2021_08_19.json,TheHague3D_batch_02_wijk29_attributed_2021_08_19.json:bag_0518100000223147,n_vertices,14
missing_roof,Source A,TheHague3D_batch_02_wijk29_attributed_2021_08_19.json,TheHague3D_batch_02_wijk29_attributed_2021_08_19.json:bag_0518100000204072,n_vertices,8
missing_roof,Source A,TheHague3D_batch_02_wijk29_attributed_2021_08_19.json,TheHague3D_batch_02_wijk29_attributed_2021_08_19.json:bag_0518100001640124,n_vertices,8
missing_roof,Source A,TheHague3D_batch_02_wijk29_attributed_2021_08_19.json,TheHague3D_batch_02_wijk29_attributed_2021_08_19.json:bag_0518100001640122,n_vertices,8
missing_roof,Source A,TheHague3D_batch_02_wijk29_attributed_2021_08_19.json,TheHague3D_batch_02_wijk29_attributed_2021_08_19.json:bag_0518100000341332,n_vertices,22
missing_roof,Source A,TheHague3D_batch_02_wijk33_attributed_2021_08_19.json,TheHague3D_batch_02_wijk33_attributed_2021_08_19.json:bag_0518100000305045,n_vertices,10
missing_roof,Source A,TheHague3D_batch_02_wijk33_attributed_2021_08_19.json,TheHague3D_batch_02_wijk33_attributed_2021_08_19.json:bag_0518100000217880,n_vertices,16
missing_roof,Source A,TheHague3D_batch_02_wijk34_attributed_2021_08_19.json,TheHague3D_batch_02_wijk34_attributed_2021_08_19.json:bag_0518100000329021,n_vertices,18
missing_roof,Source A,TheHague3D_batch_02_wijk34_attributed_2021_08_19.json,TheHague3D_batch_02_wijk34_attributed_2021_08_19.json:bag_0518100000242963,n_vertices,12
missing_roof,Source A,TheHague3D_batch_02_wijk34_attributed_2021_08_19.json,TheHague3D_batch_02_wijk34_attributed_2021_08_19.json:bag_0518100001640329,n_vertices,8
missing_roof,Source A,TheHague3D_batch_04_Wijk 2 BelgischPark_attributed_2022-03-28.json,TheHague3D_batch_04_Wijk 2 BelgischPark_attributed_2022-03-28.json:bag_0518100000283537,n_vertices,26
missing_roof,Source A,TheHague3D_batch_04_Wijk 2 BelgischPark_attributed_2022-03-28.json,TheHague3D_batch_04_Wijk 2 BelgischPark_attributed_2022-03-28.json:bag_0518100000257222,n_vertices,8
missing_roof,Source A,TheHague3D_batch_05_Wijk 11 Duinoord_2022-06-21.json,TheHague3D_batch_05_Wijk 11 Duinoord_2022-06-21.json:bag_0518100000237354,n_vertices,10
missing_roof,Source A,TheHague3D_batch_05_Wijk 11 Duinoord_2022-06-21.json,TheHague3D_batch_05_Wijk 11 Duinoord_2022-06-21.json:bag_0518100000347927,n_vertices,25
missing_roof,Source A,TheHague3D_batch_05_Wijk 22 Zeeheldenkwartier_2022-06-22.json,TheHague3D_batch_05_Wijk 22 Zeeheldenkwartier_2022-06-22.json:bag_0518100000263462,n_vertices,14
missing_roof,Source A,TheHague3D_batch_05_Wijk 22 Zeeheldenkwartier_2022-06-22.json,TheHague3D_batch_05_Wijk 22 Zeeheldenkwartier_2022-06-22.json:bag_0518100000317183,n_vertices,43
missing_roof,Source A,TheHague3D_batch_05_Wijk 22 Zeeheldenkwartier_2022-06-22.json,TheHague3D_batch_05_Wijk 22 Zeeheldenkwartier_2022-06-22.json:bag_0518100000291051,n_vertices,22
missing_roof,Source A,TheHague3D_batch_05_Wijk 22 Zeeheldenkwartier_2022-06-22.json,TheHague3D_batch_05_Wijk 22 Zeeheldenkwartier_2022-06-22.json:bag_0518100000249675,n_vertices,14
missing_roof,Source A,TheHague3D_batch_05_Wijk 23 Willemspark_2022-06-21.json,TheHague3D_batch_05_Wijk 23 Willemspark_2022-06-21.json:bag_0518100000327464,n_vertices,35
missing_roof,Source A,TheHague3D_batch_05_Wijk 3 Westbroekpark en Dut_2022-06-21.json,TheHague3D_batch_05_Wijk 3 Westbroekpark en Dut_2022-06-21.json:bag_0518100000349452,n_vertices,10
missing_roof,Source A,TheHague3D_batch_05_Wijk 3 Westbroekpark en Dut_2022-06-21.json,TheHague3D_batch_05_Wijk 3 Westbroekpark en Dut_2022-06-21.json:bag_0518100000331621,n_vertices,8
missing_roof,Source A,TheHague3D_batch_05_Wijk 3 Westbroekpark en Dut_2022-06-21.json,TheHague3D_batch_05_Wijk 3 Westbroekpark en Dut_2022-06-21.json:bag_0518100000344677,n_vertices,10
missing_roof,Source A,TheHague3D_batch_05_Wijk 3 Westbroekpark en Dut_2022-06-21.json,TheHague3D_batch_05_Wijk 3 Westbroekpark en Dut_2022-06-21.json:bag_0518100001770752,n_vertices,12
missing_roof,Source A,TheHague3D_batch_05_Wijk 3 Westbroekpark en Dut_2022-06-21.json,TheHague3D_batch_05_Wijk 3 Westbroekpark en Dut_2022-06-21.json:bag_0518100000273154,n_vertices,12
missing_roof,Source A,TheHague3D_batch_05_Wijk 4 Benoordenhout_2022-06-21.json,TheHague3D_batch_05_Wijk 4 Benoordenhout_2022-06-21.json:bag_0518100000311951,n_vertices,8
missing_roof,Source A,TheHague3D_batch_05_Wijk 4 Benoordenhout_2022-06-21.json,TheHague3D_batch_05_Wijk 4 Benoordenhout_2022-06-21.json:bag_0518100000351228,n_vertices,8
missing_roof,Source A,TheHague3D_batch_05_Wijk 4 Benoordenhout_2022-06-21.json,TheHague3D_batch_05_Wijk 4 Benoordenhout_2022-06-21.json:bag_0518100000278992,n_vertices,38
missing_roof,Source A,TheHague3D_batch_05_Wijk 4 Benoordenhout_2022-06-21.json,TheHague3D_batch_05_Wijk 4 Benoordenhout_2022-06-21.json:bag_0518100000338916,n_vertices,24
missing_roof,Source A,TheHague3D_batch_05_Wijk 6 Van Stolkpark en Sch_2022-06-21.json,TheHague3D_batch_05_Wijk 6 Van Stolkpark en Sch_2022-06-21.json:bag_0518100000336023,n_vertices,19
missing_roof,Source A,TheHague3D_batch_05_Wijk 6 Van Stolkpark en Sch_2022-06-21.json,TheHague3D_batch_05_Wijk 6 Van Stolkpark en Sch_2022-06-21.json:bag_0518100000341546,n_vertices,16
missing_roof,Source A,TheHague3D_batch_05_Wijk 6 Van Stolkpark en Sch_2022-06-21.json,TheHague3D_batch_05_Wijk 6 Van Stolkpark en Sch_2022-06-21.json:bag_0518100000211061,n_vertices,16
missing_roof,Source A,TheHague3D_batch_05_Wijk 6 Van Stolkpark en Sch_2022-06-21.json,TheHague3D_batch_05_Wijk 6 Van Stolkpark en Sch_2022-06-21.json:bag_0518100000226981,n_vertices,16
missing_roof,Source A,TheHague3D_batch_05_Wijk 6 Van Stolkpark en Sch_2022-06-21.json,TheHague3D_batch_05_Wijk 6 Van Stolkpark en Sch_2022-06-21.json:bag_0518100000322406,n_vertices,16
missing_roof,Source A,TheHague3D_batch_05_Wijk 6 Van Stolkpark en Sch_2022-06-21.json,TheHague3D_batch_05_Wijk 6 Van Stolkpark en Sch_2022-06-21.json:bag_0518100000299238,n_vertices,16
missing_roof,Source A,TheHague3D_batch_05_Wijk 6 Van Stolkpark en Sch_2022-06-21.json,TheHague3D_batch_05_Wijk 6 Van Stolkpark en Sch_2022-06-21.json:bag_0518100000354136,n_vertices,18
missing_roof,Source A,TheHague3D_batch_05_Wijk 6 Van Stolkpark en Sch_2022-06-21.json,TheHague3D_batch_05_Wijk 6 Van Stolkpark en Sch_2022-06-21.json:bag_0518100000236777,n_vertices,18
missing_roof,Source A,TheHague3D_batch_05_Wijk 9 Geuzen- en Statenkwa_2022-06-21.json,TheHague3D_batch_05_Wijk 9 Geuzen- en Statenkwa_2022-06-21.json:bag_0518100001640586,n_vertices,14
missing_roof,Source A,TheHague3D_batch_05_Wijk 9 Geuzen- en Statenkwa_2022-06-21.json,TheHague3D_batch_05_Wijk 9 Geuzen- en Statenkwa_2022-06-21.json:bag_0518100001770808,n_vertices,8
missing_roof,Source A,TheHague3D_batch_06_Wijk 12 Bomen- en Bloemenbuu_2022-06-21.json,TheHague3D_batch_06_Wijk 12 Bomen- en Bloemenbuu_2022-06-21.json:bag_0518100000324951,n_vertices,10
missing_roof,Source A,TheHague3D_batch_06_Wijk 21 Regentessekwartier_2022-06-21.json,TheHague3D_batch_06_Wijk 21 Regentessekwartier_2022-06-21.json:bag_0518100000346536,n_vertices,22
missing_roof,Source A,TheHague3D_batch_06_Wijk 21 Regentessekwartier_2022-06-21.json,TheHague3D_batch_06_Wijk 21 Regentessekwartier_2022-06-21.json:bag_0518100000300595,n_vertices,16
missing_roof,Source A,TheHague3D_batch_06_Wijk 31 Rustenburg en Oostbr_2022-06-21.json,TheHague3D_batch_06_Wijk 31 Rustenburg en Oostbr_2022-06-21.json:bag_0518100000299587,n_vertices,10
missing_roof,Source A,TheHague3D_batch_06_Wijk 31 Rustenburg en Oostbr_2022-06-21.json,TheHague3D_batch_06_Wijk 31 Rustenburg en Oostbr_2022-06-21.json:bag_0518100000281477,n_vertices,12
missing_roof,Source A,TheHague3D_batch_06_Wijk 32 Leyenburg_2022-06-21.json,TheHague3D_batch_06_Wijk 32 Leyenburg_2022-06-21.json:bag_0518100000226124,n_vertices,12
missing_roof,Source A,TheHague3D_Batch_07_Bohemen en Meer en Bos_2022-08-08.json,TheHague3D_Batch_07_Bohemen en Meer en Bos_2022-08-08.json:bag_0518100000215003,n_vertices,18
missing_roof,Source A,TheHague3D_Batch_07_Kraayenstein en de Uithof_2022-08-08.json,TheHague3D_Batch_07_Kraayenstein en de Uithof_2022-08-08.json:bag_0518100000222397,n_vertices,313
missing_roof,Source A,TheHague3D_Batch_07_Loosduinen_2022-08-08.json,TheHague3D_Batch_07_Loosduinen_2022-08-08.json:bag_0518100000215403,n_vertices,14
missing_roof,Source A,TheHague3D_Batch_07_Loosduinen_2022-08-08.json,TheHague3D_Batch_07_Loosduinen_2022-08-08.json:bag_0518100000354509,n_vertices,14
missing_roof,Source A,TheHague3D_Batch_07_Loosduinen_2022-08-08.json,TheHague3D_Batch_07_Loosduinen_2022-08-08.json:bag_0518100000325320,n_vertices,8
missing_roof,Source A,TheHague3D_Batch_07_Loosduinen_2022-08-08.json,TheHague3D_Batch_07_Loosduinen_2022-08-08.json:bag_0518100000229673,n_vertices,44
missing_roof,Source A,TheHague3D_Batch_07_Loosduinen_2022-08-08.json,TheHague3D_Batch_07_Loosduinen_2022-08-08.json:bag_0518100001663831,n_vertices,8
missing_roof,Source A,TheHague3D_Batch_07_Waldeck_2022-08-08.json,TheHague3D_Batch_07_Waldeck_2022-08-08.json:bag_0518100000298905,n_vertices,20
missing_roof,Source A,TheHague3D_Batch_07_Waldeck_2022-08-08.json,TheHague3D_Batch_07_Waldeck_2022-08-08.json:bag_0518100000342517,n_vertices,10
missing_roof,Source A,TheHague3D_Batch_07_Waldeck_2022-08-08.json,TheHague3D_Batch_07_Waldeck_2022-08-08.json:bag_0518100000235139,n_vertices,10
missing_roof,Source A,TheHague3D_Batch_07_Waldeck_2022-08-08.json,TheHague3D_Batch_07_Waldeck_2022-08-08.json:bag_0518100000245280,n_vertices,16
missing_roof,Source A,TheHague3D_Batch_07_Wateringse_Veld_2022-08-08.json,TheHague3D_Batch_07_Wateringse_Veld_2022-08-08.json:bag_0518100000288252,n_vertices,12
missing_roof,Source A,TheHague3D_Batch_07_Wateringse_Veld_2022-08-08.json,TheHague3D_Batch_07_Wateringse_Veld_2022-08-08.json:bag_0518100000217337,n_vertices,12
missing_roof,Source A,TheHague3D_Batch_07_Wateringse_Veld_2022-08-08.json,TheHague3D_Batch_07_Wateringse_Veld_2022-08-08.json:bag_0518100000244956,n_vertices,14
missing_roof,Source A,TheHague3D_Batch_07_Wateringse_Veld_2022-08-08.json,TheHague3D_Batch_07_Wateringse_Veld_2022-08-08.json:bag_0518100000227620,n_vertices,10
missing_roof,Source A,TheHague3D_Batch_07_Wateringse_Veld_2022-08-08.json,TheHague3D_Batch_07_Wateringse_Veld_2022-08-08.json:bag_0518100000227621,n_vertices,10
missing_roof,Source A,TheHague3D_Batch_07_Wateringse_Veld_2022-08-08.json,TheHague3D_Batch_07_Wateringse_Veld_2022-08-08.json:bag_0518100000342130,n_vertices,12
missing_roof,Source A,TheHague3D_Batch_07_Wateringse_Veld_2022-08-08.json,TheHague3D_Batch_07_Wateringse_Veld_2022-08-08.json:bag_0518100001640494,n_vertices,16
missing_roof,Source A,TheHague3D_Batch_07_Wateringse_Veld_2022-08-08.json,TheHague3D_Batch_07_Wateringse_Veld_2022-08-08.json:bag_0518100000338740,n_vertices,18
missing_roof,Source B,10-262-588.city.json,10-262-588.city.json:NL.IMBAG.Pand.0518100000215093--1,n_vertices,11
missing_roof,Source B,10-262-590.city.json,10-262-590.city.json:NL.IMBAG.Pand.0518100000323835--1,n_vertices,15
missing_wall,Source B,10-262-588.city.json,10-262-588.city.json:NL.IMBAG.Pand.0518100000215093--1,n_vertices,11
missing_wall,Source B,10-262-590.city.json,10-262-590.city.json:NL.IMBAG.Pand.0518100000323835--1,n_vertices,15
non_planar_face,Source A,Stationsbuurt_2022-04-27.json,Stationsbuurt_2022-04-27.json:bag_0518100000324957,n_vertices,268
non_planar_face,Source A,TheHague3D_batch_01a_part01_attributed_2021-06-29.json,TheHague3D_batch_01a_part01_attributed_2021-06-29.json:bag_0518100000203498,n_vertices,167
non_planar_face,Source A,TheHague3D_batch_01a_part01_attributed_2021-06-29.json,TheHague3D_batch_01a_part01_attributed_2021-06-29.json:bag_0518100000283439,n_vertices,124
non_planar_face,Source A,TheHague3D_batch_02_wijk29_attributed_2021_08_19.json,TheHague3D_batch_02_wijk29_attributed_2021_08_19.json:bag_0518100000306078,n_vertices,50
non_planar_face,Source A,TheHague3D_batch_02_wijk29_attributed_2021_08_19.json,TheHague3D_batch_02_wijk29_attributed_2021_08_19.json:bag_0518100000317814,n_vertices,61
non_planar_face,Source A,TheHague3D_batch_02_wijk29_attributed_2021_08_19.json,TheHague3D_batch_02_wijk29_attributed_2021_08_19.json:bag_0518100000277549,n_vertices,103
non_planar_face,Source A,TheHague3D_batch_02_wijk29_attributed_2021_08_19.json,TheHague3D_batch_02_wijk29_attributed_2021_08_19.json:bag_0518100000223851,n_vertices,182
non_planar_face,Source A,TheHague3D_batch_02_wijk33_attributed_2021_08_19.json,TheHague3D_batch_02_wijk33_attributed_2021_08_19.json:bag_0518100001750435,n_vertices,195
non_planar_face,Source A,TheHague3D_batch_02_wijk33_attributed_2021_08_19.json,TheHague3D_batch_02_wijk33_attributed_2021_08_19.json:bag_0518100000315916,n_vertices,501
non_planar_face,Source A,TheHague3D_batch_02_wijk33_attributed_2021_08_19.json,TheHague3D_batch_02_wijk33_attributed_2021_08_19.json:bag_0518100001637506,n_vertices,437
non_planar_face,Source A,TheHague3D_batch_02_wijk34_attributed_2021_08_19.json,TheHague3D_batch_02_wijk34_attributed_2021_08_19.json:bag_0518100000345072,n_vertices,359
non_planar_face,Source A,TheHague3D_batch_02_wijk34_attributed_2021_08_19.json,TheHague3D_batch_02_wijk34_attributed_2021_08_19.json:bag_0518100001749928,n_vertices,375
non_planar_face,Source A,TheHague3D_batch_03_Binckhorst_attributed_2022-03-01.json,TheHague3D_batch_03_Binckhorst_attributed_2022-03-01.json:bag_0518100000255156,n_vertices,169
non_planar_face,Source A,TheHague3D_batch_04_Wijk 1 Oostduinen_attributed_2022-03-28.json,TheHague3D_batch_04_Wijk 1 Oostduinen_attributed_2022-03-28.json:bag_0518100001644821,n_vertices,400
non_planar_face,Source A,TheHague3D_batch_05_Wijk 11 Duinoord_2022-06-21.json,TheHague3D_batch_05_Wijk 11 Duinoord_2022-06-21.json:bag_0518100000231341,n_vertices,175
non_planar_face,Source A,TheHague3D_batch_05_Wijk 22 Zeeheldenkwartier_2022-06-22.json,TheHague3D_batch_05_Wijk 22 Zeeheldenkwartier_2022-06-22.json:bag_0518100000210611,n_vertices,1442
non_planar_face,Source A,TheHague3D_batch_05_Wijk 23 Willemspark_2022-06-21.json,TheHague3D_batch_05_Wijk 23 Willemspark_2022-06-21.json:bag_0518100000218230,n_vertices,93
non_planar_face,Source A,TheHague3D_batch_05_Wijk 3 Westbroekpark en Dut_2022-06-21.json,TheHague3D_batch_05_Wijk 3 Westbroekpark en Dut_2022-06-21.json:bag_0518100000325625,n_vertices,425
non_planar_face,Source A,TheHague3D_batch_05_Wijk 3 Westbroekpark en Dut_2022-06-21.json,TheHague3D_batch_05_Wijk 3 Westbroekpark en Dut_2022-06-21.json:bag_0518100000232101,n_vertices,626
non_planar_face,Source A,TheHague3D_batch_05_Wijk 3 Westbroekpark en Dut_2022-06-21.json,TheHague3D_batch_05_Wijk 3 Westbroekpark en Dut_2022-06-21.json:bag_0518100000286183,n_vertices,361
non_planar_face,Source A,TheHague3D_batch_05_Wijk 4 Benoordenhout_2022-06-21.json,TheHague3D_batch_05_Wijk 4 Benoordenhout_2022-06-21.json:bag_0518100000304797,n_vertices,105
non_planar_face,Source A,TheHague3D_batch_05_Wijk 5 Archipelbuurt_2022-06-21.json,TheHague3D_batch_05_Wijk 5 Archipelbuurt_2022-06-21.json:bag_0518100000316217,n_vertices,82
non_planar_face,Source A,TheHague3D_batch_05_Wijk 5 Archipelbuurt_2022-06-21.json,TheHague3D_batch_05_Wijk 5 Archipelbuurt_2022-06-21.json:bag_0518100000203584,n_vertices,306
non_planar_face,Source A,TheHague3D_batch_05_Wijk 5 Archipelbuurt_2022-06-21.json,TheHague3D_batch_05_Wijk 5 Archipelbuurt_2022-06-21.json:bag_0518100000219648,n_vertices,1057
non_planar_face,Source A,TheHague3D_batch_05_Wijk 5 Archipelbuurt_2022-06-21.json,TheHague3D_batch_05_Wijk 5 Archipelbuurt_2022-06-21.json:bag_0518100000346773,n_vertices,287
non_planar_face,Source A,TheHague3D_batch_05_Wijk 5 Archipelbuurt_2022-06-21.json,TheHague3D_batch_05_Wijk 5 Archipelbuurt_2022-06-21.json:bag_0518100000222025,n_vertices,180
non_planar_face,Source A,TheHague3D_batch_05_Wijk 5 Archipelbuurt_2022-06-21.json,TheHague3D_batch_05_Wijk 5 Archipelbuurt_2022-06-21.json:bag_0518100000207729,n_vertices,207
non_planar_face,Source A,TheHague3D_batch_05_Wijk 6 Van Stolkpark en Sch_2022-06-21.json,TheHague3D_batch_05_Wijk 6 Van Stolkpark en Sch_2022-06-21.json:bag_0518100000299158,n_vertices,244
non_planar_face,Source A,TheHague3D_batch_05_Wijk 9 Geuzen- en Statenkwa_2022-06-21.json,TheHague3D_batch_05_Wijk 9 Geuzen- en Statenkwa_2022-06-21.json:bag_0518100000252510,n_vertices,123
non_planar_face,Source A,TheHague3D_batch_05_Wijk 9 Geuzen- en Statenkwa_2022-06-21.json,TheHague3D_batch_05_Wijk 9 Geuzen- en Statenkwa_2022-06-21.json:bag_0518100000233527,n_vertices,694
non_planar_face,Source A,TheHague3D_batch_05_Wijk 9 Geuzen- en Statenkwa_2022-06-21.json,TheHague3D_batch_05_Wijk 9 Geuzen- en Statenkwa_2022-06-21.json:bag_0518100000204189,n_vertices,125
non_planar_face,Source A,TheHague3D_batch_05_Wijk 9 Geuzen- en Statenkwa_2022-06-21.json,TheHague3D_batch_05_Wijk 9 Geuzen- en Statenkwa_2022-06-21.json:bag_0518100000346771,n_vertices,129
non_planar_face,Source A,TheHague3D_batch_05_Wijk 9 Geuzen- en Statenkwa_2022-06-21.json,TheHague3D_batch_05_Wijk 9 Geuzen- en Statenkwa_2022-06-21.json:bag_0518100000339568,n_vertices,90
non_planar_face,Source A,TheHague3D_batch_05_Wijk 9 Geuzen- en Statenkwa_2022-06-21.json,TheHague3D_batch_05_Wijk 9 Geuzen- en Statenkwa_2022-06-21.json:bag_0518100000322220,n_vertices,494
non_planar_face,Source A,TheHague3D_batch_06_Wijk 19 Vruchtenbuurt_2022-07-06.json,TheHague3D_batch_06_Wijk 19 Vruchtenbuurt_2022-07-06.json:bag_0518100000352989,n_vertices,153
non_planar_face,Source A,TheHague3D_batch_06_Wijk 19 Vruchtenbuurt_2022-07-06.json,TheHague3D_batch_06_Wijk 19 Vruchtenbuurt_2022-07-06.json:bag_0518100000268101,n_vertices,149
non_planar_face,Source A,TheHague3D_batch_06_Wijk 20 Valkenboskwartier_2022-06-21.json,TheHague3D_batch_06_Wijk 20 Valkenboskwartier_2022-06-21.json:bag_0518100000322460,n_vertices,67
non_planar_face,Source A,TheHague3D_batch_06_Wijk 20 Valkenboskwartier_2022-06-21.json,TheHague3D_batch_06_Wijk 20 Valkenboskwartier_2022-06-21.json:bag_0518100000317218,n_vertices,426
non_planar_face,Source A,TheHague3D_batch_06_Wijk 21 Regentessekwartier_2022-06-21.json,TheHague3D_batch_06_Wijk 21 Regentessekwartier_2022-06-21.json:bag_0518100000220104,n_vertices,64
non_planar_face,Source A,TheHague3D_batch_06_Wijk 21 Regentessekwartier_2022-06-21.json,TheHague3D_batch_06_Wijk 21 Regentessekwartier_2022-06-21.json:bag_0518100000324304,n_vertices,356
non_planar_face,Source A,TheHague3D_batch_06_Wijk 21 Regentessekwartier_2022-06-21.json,TheHague3D_batch_06_Wijk 21 Regentessekwartier_2022-06-21.json:bag_0518100000231338,n_vertices,101
non_planar_face,Source A,TheHague3D_batch_06_Wijk 21 Regentessekwartier_2022-06-21.json,TheHague3D_batch_06_Wijk 21 Regentessekwartier_2022-06-21.json:bag_0518100000232573,n_vertices,52
non_planar_face,Source A,TheHague3D_batch_06_Wijk 21 Regentessekwartier_2022-06-21.json,TheHague3D_batch_06_Wijk 21 Regentessekwartier_2022-06-21.json:bag_0518100000218171,n_vertices,132
non_planar_face,Source A,TheHague3D_batch_06_Wijk 21 Regentessekwartier_2022-06-21.json,TheHague3D_batch_06_Wijk 21 Regentessekwartier_2022-06-21.json:bag_0518100000242240,n_vertices,93
non_planar_face,Source A,TheHague3D_batch_06_Wijk 21 Regentessekwartier_2022-06-21.json,TheHague3D_batch_06_Wijk 21 Regentessekwartier_2022-06-21.json:bag_0518100000298466,n_vertices,171
non_planar_face,Source A,TheHague3D_batch_06_Wijk 21 Regentessekwartier_2022-06-21.json,TheHague3D_batch_06_Wijk 21 Regentessekwartier_2022-06-21.json:bag_0518100001644867,n_vertices,236
non_planar_face,Source A,TheHague3D_batch_06_Wijk 21 Regentessekwartier_2022-06-21.json,TheHague3D_batch_06_Wijk 21 Regentessekwartier_2022-06-21.json:bag_0518100001640495,n_vertices,499
non_planar_face,Source A,TheHague3D_batch_06_Wijk 21 Regentessekwartier_2022-06-21.json,TheHague3D_batch_06_Wijk 21 Regentessekwartier_2022-06-21.json:bag_0518100000275273,n_vertices,147
non_planar_face,Source A,TheHague3D_batch_06_Wijk 21 Regentessekwartier_2022-06-21.json,TheHague3D_batch_06_Wijk 21 Regentessekwartier_2022-06-21.json:bag_0518100000302680,n_vertices,690
non_planar_face,Source A,TheHague3D_batch_06_Wijk 25 Mariahoeve en Marlot_2022-06-21.json,TheHague3D_batch_06_Wijk 25 Mariahoeve en Marlot_2022-06-21.json:bag_0518100000243120,n_vertices,46
non_planar_face,Source A,TheHague3D_batch_06_Wijk 31 Rustenburg en Oostbr_2022-06-21.json,TheHague3D_batch_06_Wijk 31 Rustenburg en Oostbr_2022-06-21.json:bag_0518100000270608,n_vertices,65
non_planar_face,Source A,TheHague3D_batch_06_Wijk 35 Zuiderpark_2022-06-21.json,TheHague3D_batch_06_Wijk 35 Zuiderpark_2022-06-21.json:bag_0518100000207021,n_vertices,974
non_planar_face,Source A,TheHague3D_batch_06_Wijk 35 Zuiderpark_2022-06-21.json,TheHague3D_batch_06_Wijk 35 Zuiderpark_2022-06-21.json:bag_0518100000219682,n_vertices,139
non_planar_face,Source A,TheHague3D_Batch_07_Loosduinen_2022-08-08.json,TheHague3D_Batch_07_Loosduinen_2022-08-08.json:bag_0518100000322455,n_vertices,35
non_planar_face,Source A,TheHague3D_Batch_07_Wateringse_Veld_2022-08-08.json,TheHague3D_Batch_07_Wateringse_Veld_2022-08-08.json:bag_0518100000240281,n_vertices,52
non_planar_face,Source A,TheHague3D_Batch_08_Forepark_2022-08-08.json,TheHague3D_Batch_08_Forepark_2022-08-08.json:bag_0518100000273015,n_vertices,1369
non_planar_face,Source A,TheHague3D_Batch_08_Ypenburg_2022-08-08.json,TheHague3D_Batch_08_Ypenburg_2022-08-08.json:bag_0518100000211363,n_vertices,18
non_planar_face,Source A,TheHague3D_Batch_08_Ypenburg_2022-08-08.json,TheHague3D_Batch_08_Ypenburg_2022-08-08.json:bag_0518100000222057,n_vertices,68
non_planar_face,Source B,10-232-568.city.json,10-232-568.city.json:NL.IMBAG.Pand.1783100000003664-0,n_vertices,67
non_planar_face,Source B,10-250-582.city.json,10-250-582.city.json:NL.IMBAG.Pand.0518100000269771-0,n_vertices,701
non_planar_face,Source B,10-256-598.city.json,10-256-598.city.json:NL.IMBAG.Pand.0518100001743621-0,n_vertices,160
non_planar_face,Source B,10-258-590.city.json,10-258-590.city.json:NL.IMBAG.Pand.0518100000217894-0,n_vertices,109
non_planar_face,Source B,10-258-596.city.json,10-258-596.city.json:NL.IMBAG.Pand.0518100000326350-0,n_vertices,67
non_planar_face,Source B,10-258-596.city.json,10-258-596.city.json:NL.IMBAG.Pand.0518100001644873-0,n_vertices,205
non_planar_face,Source B,10-260-584.city.json,10-260-584.city.json:NL.IMBAG.Pand.0518100000212431-0,n_vertices,37
non_planar_face,Source B,10-260-598.city.json,10-260-598.city.json:NL.IMBAG.Pand.0518100000304578-0,n_vertices,113
non_planar_face,Source B,10-260-600.city.json,10-260-600.city.json:NL.IMBAG.Pand.0518100000321427-0,n_vertices,120
non_planar_face,Source B,10-260-602.city.json,10-260-602.city.json:NL.IMBAG.Pand.0518100000296923-0,n_vertices,93
non_planar_face,Source B,10-262-568.city.json,10-262-568.city.json:NL.IMBAG.Pand.0518100000225233-0,n_vertices,69
non_planar_face,Source B,10-262-568.city.json,10-262-568.city.json:NL.IMBAG.Pand.0518100000346277-0,n_vertices,64
non_planar_face,Source B,10-262-596.city.json,10-262-596.city.json:NL.IMBAG.Pand.0518100000325404-0,n_vertices,420
non_planar_face,Source B,10-262-598.city.json,10-262-598.city.json:NL.IMBAG.Pand.0518100000286691-0,n_vertices,810
non_planar_face,Source B,10-262-598.city.json,10-262-598.city.json:NL.IMBAG.Pand.0518100000319149-0,n_vertices,1192
non_planar_face,Source B,10-262-604.city.json,10-262-604.city.json:NL.IMBAG.Pand.0518100000207533-0,n_vertices,53
non_planar_face,Source B,10-262-606.city.json,10-262-606.city.json:NL.IMBAG.Pand.0518100000211276-0,n_vertices,1341
non_planar_face,Source B,10-264-588.city.json,10-264-588.city.json:NL.IMBAG.Pand.0518100000302680-0,n_vertices,319
non_planar_face,Source B,10-264-588.city.json,10-264-588.city.json:NL.IMBAG.Pand.0518100001647491-0,n_vertices,156
non_planar_face,Source B,10-266-584.city.json,10-266-584.city.json:NL.IMBAG.Pand.0518100000322479-0,n_vertices,44
non_planar_face,Source B,10-266-586.city.json,10-266-586.city.json:NL.IMBAG.Pand.0518100000224086-0,n_vertices,136
non_planar_face,Source B,10-266-590.city.json,10-266-590.city.json:NL.IMBAG.Pand.0518100000326658-0,n_vertices,1519
non_planar_face,Source B,10-266-594.city.json,10-266-594.city.json:NL.IMBAG.Pand.0518100000329353-0,n_vertices,110
non_planar_face,Source B,10-266-606.city.json,10-266-606.city.json:NL.IMBAG.Pand.0518100000219161-0,n_vertices,93
non_planar_face,Source B,10-268-588.city.json,10-268-588.city.json:NL.IMBAG.Pand.0518100000287878-0,n_vertices,285
non_planar_face,Source B,10-268-588.city.json,10-268-588.city.json:NL.IMBAG.Pand.0518100001675099-0,n_vertices,134
non_planar_face,Source B,10-268-590.city.json,10-268-590.city.json:NL.IMBAG.Pand.0518100000274795-0,n_vertices,344
non_planar_face,Source B,10-268-592.city.json,10-268-592.city.json:NL.IMBAG.Pand.0518100000206818-0,n_vertices,139
non_planar_face,Source B,10-268-594.city.json,10-268-594.city.json:NL.IMBAG.Pand.0518100000246722-0,n_vertices,215
non_planar_face,Source B,10-268-594.city.json,10-268-594.city.json:NL.IMBAG.Pand.0518100000315046-0,n_vertices,318
non_planar_face,Source B,10-268-594.city.json,10-268-594.city.json:NL.IMBAG.Pand.0518100000338035-0,n_vertices,427
non_planar_face,Source B,10-268-596.city.json,10-268-596.city.json:NL.IMBAG.Pand.0518100000354858-0,n_vertices,170
non_planar_face,Source B,10-268-598.city.json,10-268-598.city.json:NL.IMBAG.Pand.0518100001640476-0,n_vertices,70
non_planar_face,Source B,10-270-588.city.json,10-270-588.city.json:NL.IMBAG.Pand.0518100000328708-0,n_vertices,273
non_planar_face,Source B,10-270-590.city.json,10-270-590.city.json:NL.IMBAG.Pand.0518100001756022-0,n_vertices,546
non_planar_face,Source B,10-270-592.city.json,10-270-592.city.json:NL.IMBAG.Pand.0518100000353587-0,n_vertices,486
non_planar_face,Source B,10-270-596.city.json,10-270-596.city.json:NL.IMBAG.Pand.0518100000322431-0,n_vertices,62
non_planar_face,Source B,10-270-598.city.json,10-270-598.city.json:NL.IMBAG.Pand.0518100000226198-0,n_vertices,2961
non_planar_face,Source B,10-270-598.city.json,10-270-598.city.json:NL.IMBAG.Pand.0518100000242790-0,n_vertices,679
non_planar_face,Source B,10-270-598.city.json,10-270-598.city.json:NL.IMBAG.Pand.0518100000289965-0,n_vertices,68
non_planar_face,Source B,10-272-588.city.json,10-272-588.city.json:NL.IMBAG.Pand.0518100000298496-0,n_vertices,628
non_planar_face,Source B,10-272-588.city.json,10-272-588.city.json:NL.IMBAG.Pand.0518100001629120-0,n_vertices,515
non_planar_face,Source B,10-272-590.city.json,10-272-590.city.json:NL.IMBAG.Pand.0518100001648162-0,n_vertices,370
non_planar_face,Source B,10-274-588.city.json,10-274-588.city.json:NL.IMBAG.Pand.0518100000317196-0,n_vertices,1148
non_planar_face,Source B,10-274-590.city.json,10-274-590.city.json:NL.IMBAG.Pand.0518100000321658-0,n_vertices,63
non_planar_face,Source B,10-276-582.city.json,10-276-582.city.json:NL.IMBAG.Pand.0603100000011832-0,n_vertices,148
non_planar_face,Source B,10-276-582.city.json,10-276-582.city.json:NL.IMBAG.Pand.0603100000013313-0,n_vertices,84
non_planar_face,Source B,10-294-592.city.json,10-294-592.city.json:NL.IMBAG.Pand.1916100000101324-0,n_vertices,462
non_planar_face,Source B,10-294-592.city.json,10-294-592.city.json:NL.IMBAG.Pand.1916100000115398-0,n_vertices,378
non_planar_face,Source B,10-294-592.city.json,10-294-592.city.json:NL.IMBAG.Pand.1916100000363263-2,n_vertices,434
non_planar_face,Source B,10-364-614.city.json,10-364-614.city.json:NL.IMBAG.Pand.0484100000015630-0,n_vertices,70
non_planar_face,Source B,10-364-614.city.json,10-364-614.city.json:NL.IMBAG.Pand.0484100000045339-0,n_vertices,320
non_planar_face,Source B,10-366-612.city.json,10-366-612.city.json:NL.IMBAG.Pand.0484100000012842-0,n_vertices,83
non_planar_face,Source B,10-366-614.city.json,10-366-614.city.json:NL.IMBAG.Pand.0484100000013159-0,n_vertices,633
non_planar_face,Source B,10-366-618.city.json,10-366-618.city.json:NL.IMBAG.Pand.0484100000021822-0,n_vertices,496
non_planar_face,Source B,10-388-594.city.json,10-388-594.city.json:NL.IMBAG.Pand.0497100000001941-0,n_vertices,190
non_planar_face,Source B,10-388-594.city.json,10-388-594.city.json:NL.IMBAG.Pand.1901100000024088-0,n_vertices,245
non_planar_face,Source B,10-390-594.city.json,10-390-594.city.json:NL.IMBAG.Pand.0497100000004965-0,n_vertices,60
non_planar_face,Source B,10-390-594.city.json,10-390-594.city.json:NL.IMBAG.Pand.0497100000007689-0,n_vertices,31
non_planar_face,Source B,7-304-592.city.json,7-304-592.city.json:NL.IMBAG.Pand.1916100000097804-0,n_vertices,157
non_planar_face,Source B,7-400-560.city.json,7-400-560.city.json:NL.IMBAG.Pand.0623100001971325-0,n_vertices,248
non_planar_face,Source B,7-400-592.city.json,7-400-592.city.json:NL.IMBAG.Pand.0632100000028319-0,n_vertices,56
non_planar_face,Source B,8-224-568.city.json,8-224-568.city.json:NL.IMBAG.Pand.1783100000033021-0,n_vertices,40
non_planar_face,Source B,8-224-568.city.json,8-224-568.city.json:NL.IMBAG.Pand.1783100000037390-0,n_vertices,34
non_planar_face,Source B,8-224-568.city.json,8-224-568.city.json:NL.IMBAG.Pand.1783100000037591-0,n_vertices,32
non_planar_face,Source B,8-232-560.city.json,8-232-560.city.json:NL.IMBAG.Pand.1783100000004069-0,n_vertices,72
non_planar_face,Source B,8-232-560.city.json,8-232-560.city.json:NL.IMBAG.Pand.1783100000005221-0,n_vertices,119
non_planar_face,Source B,8-232-560.city.json,8-232-560.city.json:NL.IMBAG.Pand.1783100000704594-0,n_vertices,101
non_planar_face,Source B,8-240-584.city.json,8-240-584.city.json:NL.IMBAG.Pand.0518100001663033-0,n_vertices,159
non_planar_face,Source B,8-272-568.city.json,8-272-568.city.json:NL.IMBAG.Pand.0603100000007307-0,n_vertices,140
non_planar_face,Source B,8-272-568.city.json,8-272-568.city.json:NL.IMBAG.Pand.0603100000007521-0,n_vertices,246
non_planar_face,Source B,8-272-568.city.json,8-272-568.city.json:NL.IMBAG.Pand.0603100000007756-0,n_vertices,66
non_planar_face,Source B,8-272-568.city.json,8-272-568.city.json:NL.IMBAG.Pand.0603100000007982-0,n_vertices,2622
non_planar_face,Source B,8-272-568.city.json,8-272-568.city.json:NL.IMBAG.Pand.0603100000008286-0,n_vertices,393
non_planar_face,Source B,8-272-568.city.json,8-272-568.city.json:NL.IMBAG.Pand.0603100000008318-0,n_vertices,635
non_planar_face,Source B,8-272-568.city.json,8-272-568.city.json:NL.IMBAG.Pand.0603100000008635-0,n_vertices,109
non_planar_face,Source B,8-272-568.city.json,8-272-568.city.json:NL.IMBAG.Pand.0603100000015742-0,n_vertices,592
non_planar_face,Source B,8-272-568.city.json,8-272-568.city.json:NL.IMBAG.Pand.0603100000020572-0,n_vertices,297
non_planar_face,Source B,8-288-600.city.json,8-288-600.city.json:NL.IMBAG.Pand.1916100000092094-0,n_vertices,40
non_planar_face,Source B,8-288-608.city.json,8-288-608.city.json:NL.IMBAG.Pand.0629100000003836-0,n_vertices,90
non_planar_face,Source B,8-288-608.city.json,8-288-608.city.json:NL.IMBAG.Pand.0629100000004632-0,n_vertices,86
non_planar_face,Source B,8-288-608.city.json,8-288-608.city.json:NL.IMBAG.Pand.0629100000004759-0,n_vertices,822
non_planar_face,Source B,8-288-608.city.json,8-288-608.city.json:NL.IMBAG.Pand.0629100000005200-0,n_vertices,83
non_planar_face,Source B,8-296-592.city.json,8-296-592.city.json:NL.IMBAG.Pand.1916100000097906-0,n_vertices,119
non_planar_face,Source B,8-312-608.city.json,8-312-608.city.json:NL.IMBAG.Pand.0626100000014697-0,n_vertices,282
non_planar_face,Source B,8-320-608.city.json,8-320-608.city.json:NL.IMBAG.Pand.0638100000367140-0,n_vertices,53
non_planar_face,Source B,8-320-608.city.json,8-320-608.city.json:NL.IMBAG.Pand.0638100000368027-0,n_vertices,48
non_planar_face,Source B,8-320-608.city.json,8-320-608.city.json:NL.IMBAG.Pand.0638100000380349-0,n_vertices,246
non_planar_face,Source B,8-336-592.city.json,8-336-592.city.json:NL.IMBAG.Pand.0484100000045965-0,n_vertices,87
non_planar_face,Source B,8-336-592.city.json,8-336-592.city.json:NL.IMBAG.Pand.1672100000005949-0,n_vertices,100
non_planar_face,Source B,8-336-616.city.json,8-336-616.city.json:NL.IMBAG.Pand.0484100000050780-0,n_vertices,73
non_planar_face,Source B,8-344-592.city.json,8-344-592.city.json:NL.IMBAG.Pand.1672100000001374-0,n_vertices,61
non_planar_face,Source B,8-344-592.city.json,8-344-592.city.json:NL.IMBAG.Pand.1672100000007335-0,n_vertices,56
non_planar_face,Source B,8-352-592.city.json,8-352-592.city.json:NL.IMBAG.Pand.0484100000046297-0,n_vertices,140
non_planar_face,Source B,8-352-608.city.json,8-352-608.city.json:NL.IMBAG.Pand.0484100000011271-0,n_vertices,607
non_planar_face,Source B,8-360-592.city.json,8-360-592.city.json:NL.IMBAG.Pand.0499100002013889-0,n_vertices,2931
non_planar_face,Source B,8-360-600.city.json,8-360-600.city.json:NL.IMBAG.Pand.0484100000001716-0,n_vertices,106
non_planar_face,Source B,8-384-568.city.json,8-384-568.city.json:NL.IMBAG.Pand.0595100000001003-0,n_vertices,93
non_planar_face,Source B,8-384-576.city.json,8-384-576.city.json:NL.IMBAG.Pand.0595100000008191-0,n_vertices,227
non_planar_face,Source B,8-384-600.city.json,8-384-600.city.json:NL.IMBAG.Pand.0484100000000708-0,n_vertices,53
non_planar_face,Source B,8-384-616.city.json,8-384-616.city.json:NL.IMBAG.Pand.0484100000022281-0,n_vertices,229
non_planar_face,Source B,8-384-616.city.json,8-384-616.city.json:NL.IMBAG.Pand.0484100000023815-0,n_vertices,124
non_planar_face,Source B,8-408-576.city.json,8-408-576.city.json:NL.IMBAG.Pand.0595100000006389-0,n_vertices,81
non_planar_face,Source B,8-416-560.city.json,8-416-560.city.json:NL.IMBAG.Pand.0589100000251204-0,n_vertices,46
non_planar_face,Source B,8-416-568.city.json,8-416-568.city.json:NL.IMBAG.Pand.0589100000249531-0,n_vertices,494
non_planar_face,Source B,8-424-584.city.json,8-424-584.city.json:NL.IMBAG.Pand.0632100000001987-0,n_vertices,828
non_planar_face,Source B,8-424-584.city.json,8-424-584.city.json:NL.IMBAG.Pand.0632100000003587-0,n_vertices,65
non_planar_face,Source B,8-424-584.city.json,8-424-584.city.json:NL.IMBAG.Pand.0632100000004197-0,n_vertices,48
non_planar_face,Source B,8-424-584.city.json,8-424-584.city.json:NL.IMBAG.Pand.0632100000004211-0,n_vertices,51
non_planar_face,Source B,8-432-584.city.json,8-432-584.city.json:NL.IMBAG.Pand.0335100000318446-0,n_vertices,46
non_planar_face,Source B,8-432-584.city.json,8-432-584.city.json:NL.IMBAG.Pand.0632100000001897-0,n_vertices,101
non_planar_face,Source B,8-432-584.city.json,8-432-584.city.json:NL.IMBAG.Pand.0632100000003629-0,n_vertices,90
non_planar_face,Source B,8-440-576.city.json,8-440-576.city.json:NL.IMBAG.Pand.0335100000316535-0,n_vertices,435
non_planar_face,Source B,8-440-576.city.json,8-440-576.city.json:NL.IMBAG.Pand.0335100000321016-0,n_vertices,72
non_planar_face,Source B,8-440-576.city.json,8-440-576.city.json:NL.IMBAG.Pand.0335100000322013-0,n_vertices,63
non_planar_face,Source B,9-228-560.city.json,9-228-560.city.json:NL.IMBAG.Pand.1783100000603209-0,n_vertices,35
non_planar_face,Source B,9-228-564.city.json,9-228-564.city.json:NL.IMBAG.Pand.1783100000713694-0,n_vertices,84
non_planar_face,Source B,9-228-564.city.json,9-228-564.city.json:NL.IMBAG.Pand.1783100000713704-0,n_vertices,62
non_planar_face,Source B,9-236-568.city.json,9-236-568.city.json:NL.IMBAG.Pand.1783100000016115-0,n_vertices,204
non_planar_face,Source B,9-236-568.city.json,9-236-568.city.json:NL.IMBAG.Pand.1783100000039880-0,n_vertices,137
non_planar_face,Source B,9-236-572.city.json,9-236-572.city.json:NL.IMBAG.Pand.1783100000704579-0,n_vertices,311
non_planar_face,Source B,9-240-560.city.json,9-240-560.city.json:NL.IMBAG.Pand.1783100000001551-0,n_vertices,379
non_planar_face,Source B,9-240-568.city.json,9-240-568.city.json:NL.IMBAG.Pand.1783100000021599-0,n_vertices,57
non_planar_face,Source B,9-240-568.city.json,9-240-568.city.json:NL.IMBAG.Pand.1783100000034255-0,n_vertices,167
non_planar_face,Source B,9-240-576.city.json,9-240-576.city.json:NL.IMBAG.Pand.0518100001766334-0,n_vertices,84
non_planar_face,Source B,9-244-560.city.json,9-244-560.city.json:NL.IMBAG.Pand.1783100000042637-0,n_vertices,79
non_planar_face,Source B,9-248-576.city.json,9-248-576.city.json:NL.IMBAG.Pand.0518100000335427-0,n_vertices,63
non_planar_face,Source B,9-248-584.city.json,9-248-584.city.json:NL.IMBAG.Pand.0518100000228938-0,n_vertices,267
non_planar_face,Source B,9-248-584.city.json,9-248-584.city.json:NL.IMBAG.Pand.0518100000299632-0,n_vertices,62
non_planar_face,Source B,9-248-584.city.json,9-248-584.city.json:NL.IMBAG.Pand.0518100000319577-0,n_vertices,216
non_planar_face,Source B,9-248-584.city.json,9-248-584.city.json:NL.IMBAG.Pand.0518100000353820-0,n_vertices,103
non_planar_face,Source B,9-248-588.city.json,9-248-588.city.json:NL.IMBAG.Pand.0518100000221283-0,n_vertices,52
non_planar_face,Source B,9-248-588.city.json,9-248-588.city.json:NL.IMBAG.Pand.0518100000342414-0,n_vertices,37
non_planar_face,Source B,9-252-564.city.json,9-252-564.city.json:NL.IMBAG.Pand.1783100000704052-0,n_vertices,87
non_planar_face,Source B,9-252-564.city.json,9-252-564.city.json:NL.IMBAG.Pand.1783100000704054-0,n_vertices,76
non_planar_face,Source B,9-252-580.city.json,9-252-580.city.json:NL.IMBAG.Pand.0518100000224571-0,n_vertices,288
non_planar_face,Source B,9-252-584.city.json,9-252-584.city.json:NL.IMBAG.Pand.0518100000223119-0,n_vertices,152
non_planar_face,Source B,9-252-584.city.json,9-252-584.city.json:NL.IMBAG.Pand.0518100000241298-0,n_vertices,162
non_planar_face,Source B,9-252-584.city.json,9-252-584.city.json:NL.IMBAG.Pand.0518100000306101-0,n_vertices,72
non_planar_face,Source B,9-252-584.city.json,9-252-584.city.json:NL.IMBAG.Pand.0518100000317610-0,n_vertices,72
non_planar_face,Source B,9-252-584.city.json,9-252-584.city.json:NL.IMBAG.Pand.0518100000319002-0,n_vertices,73
non_planar_face,Source B,9-252-584.city.json,9-252-584.city.json:NL.IMBAG.Pand.0518100000334092-0,n_vertices,987
non_planar_face,Source B,9-252-584.city.json,9-252-584.city.json:NL.IMBAG.Pand.0518100000338655-0,n_vertices,511
non_planar_face,Source B,9-252-588.city.json,9-252-588.city.json:NL.IMBAG.Pand.0518100000273164-0,n_vertices,211
non_planar_face,Source B,9-256-564.city.json,9-256-564.city.json:NL.IMBAG.Pand.1783100000009871-0,n_vertices,250
non_planar_face,Source B,9-256-568.city.json,9-256-568.city.json:NL.IMBAG.Pand.1783100000016133-0,n_vertices,92
non_planar_face,Source B,9-256-568.city.json,9-256-568.city.json:NL.IMBAG.Pand.1783100000607473-0,n_vertices,40
non_planar_face,Source B,9-256-568.city.json,9-256-568.city.json:NL.IMBAG.Pand.1783100000701858-0,n_vertices,51
non_planar_face,Source B,9-256-580.city.json,9-256-580.city.json:NL.IMBAG.Pand.0518100000230673-0,n_vertices,82
non_planar_face,Source B,9-256-580.city.json,9-256-580.city.json:NL.IMBAG.Pand.0518100000352733-0,n_vertices,3537
non_planar_face,Source B,9-256-580.city.json,9-256-580.city.json:NL.IMBAG.Pand.0518100001753541-0,n_vertices,54
non_planar_face,Source B,9-256-584.city.json,9-256-584.city.json:NL.IMBAG.Pand.0518100000270488-0,n_vertices,52
non_planar_face,Source B,9-256-600.city.json,9-256-600.city.json:NL.IMBAG.Pand.0518100000230786-0,n_vertices,81
non_planar_face,Source B,9-256-600.city.json,9-256-600.city.json:NL.IMBAG.Pand.0518100000325064-0,n_vertices,277
non_planar_face,Source B,9-256-600.city.json,9-256-600.city.json:NL.IMBAG.Pand.0518100000352541-0,n_vertices,102
non_planar_face,Source B,9-260-564.city.json,9-260-564.city.json:NL.IMBAG.Pand.1783100000017146-0,n_vertices,49
non_planar_face,Source B,9-260-564.city.json,9-260-564.city.json:NL.IMBAG.Pand.1783100000017594-0,n_vertices,58
non_planar_face,Source B,9-260-580.city.json,9-260-580.city.json:NL.IMBAG.Pand.0518100000205221-0,n_vertices,71
non_planar_face,Source B,9-264-596.city.json,9-264-596.city.json:NL.IMBAG.Pand.0518100000225017-0,n_vertices,119
non_planar_face,Source B,9-264-596.city.json,9-264-596.city.json:NL.IMBAG.Pand.0518100000287887-0,n_vertices,69
non_planar_face,Source B,9-264-596.city.json,9-264-596.city.json:NL.IMBAG.Pand.0518100000297453-0,n_vertices,1146
non_planar_face,Source B,9-264-596.city.json,9-264-596.city.json:NL.IMBAG.Pand.0518100000323368-0,n_vertices,131
non_planar_face,Source B,9-264-596.city.json,9-264-596.city.json:NL.IMBAG.Pand.0518100000326490-0,n_vertices,281
non_planar_face,Source B,9-268-580.city.json,9-268-580.city.json:NL.IMBAG.Pand.0518100001765568-0,n_vertices,603
non_planar_face,Source B,9-268-584.city.json,9-268-584.city.json:NL.IMBAG.Pand.0518100000204557-0,n_vertices,126
non_planar_face,Source B,9-268-584.city.json,9-268-584.city.json:NL.IMBAG.Pand.0518100001752233-0,n_vertices,158
non_planar_face,Source B,9-268-600.city.json,9-268-600.city.json:NL.IMBAG.Pand.0518100000209407-0,n_vertices,869
non_planar_face,Source B,9-268-600.city.json,9-268-600.city.json:NL.IMBAG.Pand.0518100000338554-0,n_vertices,106
non_planar_face,Source B,9-272-576.city.json,9-272-576.city.json:NL.IMBAG.Pand.0603100000009454-0,n_vertices,57
non_planar_face,Source B,9-272-576.city.json,9-272-576.city.json:NL.IMBAG.Pand.0603100000009455-0,n_vertices,53
non_planar_face,Source B,9-272-576.city.json,9-272-576.city.json:NL.IMBAG.Pand.0603100000009544-0,n_vertices,97
non_planar_face,Source B,9-272-580.city.json,9-272-580.city.json:NL.IMBAG.Pand.0603100000012388-0,n_vertices,54
non_planar_face,Source B,9-272-584.city.json,9-272-584.city.json:NL.IMBAG.Pand.0518100000234281-0,n_vertices,1900
non_planar_face,Source B,9-272-596.city.json,9-272-596.city.json:NL.IMBAG.Pand.0518100000224733-0,n_vertices,701
non_planar_face,Source B,9-276-584.city.json,9-276-584.city.json:NL.IMBAG.Pand.0518100000309654-0,n_vertices,282
non_planar_face,Source B,9-276-584.city.json,9-276-584.city.json:NL.IMBAG.Pand.0518100000319634-0,n_vertices,433
non_planar_face,Source B,9-276-588.city.json,9-276-588.city.json:NL.IMBAG.Pand.1916100000098066-0,n_vertices,42
non_planar_face,Source B,9-276-596.city.json,9-276-596.city.json:NL.IMBAG.Pand.0518100000204917-0,n_vertices,1260
non_planar_face,Source B,9-280-576.city.json,9-280-576.city.json:NL.IMBAG.Pand.0518100000241494-0,n_vertices,385
non_planar_face,Source B,9-280-576.city.json,9-280-576.city.json:NL.IMBAG.Pand.0603100000015767-0,n_vertices,205
non_planar_face,Source B,9-280-580.city.json,9-280-580.city.json:NL.IMBAG.Pand.1916100000099575-0,n_vertices,64
non_planar_face,Source B,9-280-584.city.json,9-280-584.city.json:NL.IMBAG.Pand.0518100000208940-0,n_vertices,927
non_planar_face,Source B,9-280-588.city.json,9-280-588.city.json:NL.IMBAG.Pand.0518100000233329-0,n_vertices,117
non_planar_face,Source B,9-280-588.city.json,9-280-588.city.json:NL.IMBAG.Pand.1916100000084785-0,n_vertices,47
non_planar_face,Source B,9-280-588.city.json,9-280-588.city.json:NL.IMBAG.Pand.1916100000098653-0,n_vertices,45
non_planar_face,Source B,9-280-588.city.json,9-280-588.city.json:NL.IMBAG.Pand.1916100000098891-0,n_vertices,34
non_planar_face,Source B,9-280-596.city.json,9-280-596.city.json:NL.IMBAG.Pand.0518100000212321-0,n_vertices,905
non_planar_face,Source B,9-280-596.city.json,9-280-596.city.json:NL.IMBAG.Pand.0518100000334055-0,n_vertices,167
non_planar_face,Source B,9-280-600.city.json,9-280-600.city.json:NL.IMBAG.Pand.0518100000324437-0,n_vertices,153
non_planar_face,Source B,9-284-584.city.json,9-284-584.city.json:NL.IMBAG.Pand.1916100000099398-0,n_vertices,99
non_planar_face,Source B,9-284-596.city.json,9-284-596.city.json:NL.IMBAG.Pand.0518100000222227-0,n_vertices,102
non_planar_face,Source B,9-284-600.city.json,9-284-600.city.json:NL.IMBAG.Pand.0518100000204790-0,n_vertices,40
non_planar_face,Source B,9-284-600.city.json,9-284-600.city.json:NL.IMBAG.Pand.0518100000213937-0,n_vertices,49
non_planar_face,Source B,9-288-596.city.json,9-288-596.city.json:NL.IMBAG.Pand.1916100000090890-0,n_vertices,61
non_planar_face,Source B,9-288-596.city.json,9-288-596.city.json:NL.IMBAG.Pand.1916100000090982-0,n_vertices,83
non_planar_face,Source B,9-288-596.city.json,9-288-596.city.json:NL.IMBAG.Pand.1916100000090996-0,n_vertices,56
non_planar_face,Source B,9-288-596.city.json,9-288-596.city.json:NL.IMBAG.Pand.1916100000091003-0,n_vertices,100
non_planar_face,Source B,9-288-596.city.json,9-288-596.city.json:NL.IMBAG.Pand.1916100000366625-0,n_vertices,104
non_planar_face,Source B,9-292-588.city.json,9-292-588.city.json:NL.IMBAG.Pand.0518100000273202-0,n_vertices,458
non_planar_face,Source B,9-292-588.city.json,9-292-588.city.json:NL.IMBAG.Pand.0518100000318644-0,n_vertices,56
non_planar_face,Source B,9-292-588.city.json,9-292-588.city.json:NL.IMBAG.Pand.1916100000363500-0,n_vertices,99
non_planar_face,Source B,9-292-596.city.json,9-292-596.city.json:NL.IMBAG.Pand.1916100000093740-0,n_vertices,89
non_planar_face,Source B,9-292-596.city.json,9-292-596.city.json:NL.IMBAG.Pand.1916100000095491-0,n_vertices,86
non_planar_face,Source B,9-292-596.city.json,9-292-596.city.json:NL.IMBAG.Pand.1916100000095603-0,n_vertices,131
non_planar_face,Source B,9-292-596.city.json,9-292-596.city.json:NL.IMBAG.Pand.1916100000100723-0,n_vertices,73
non_planar_face,Source B,9-296-588.city.json,9-296-588.city.json:NL.IMBAG.Pand.0518100000210531-0,n_vertices,335
non_planar_face,Source B,9-296-588.city.json,9-296-588.city.json:NL.IMBAG.Pand.0518100000344076-0,n_vertices,40
non_planar_face,Source B,9-296-588.city.json,9-296-588.city.json:NL.IMBAG.Pand.1916100000374673-0,n_vertices,76
non_planar_face,Source B,9-308-612.city.json,9-308-612.city.json:NL.IMBAG.Pand.0626100000006597-0,n_vertices,52
non_planar_face,Source B,9-360-616.city.json,9-360-616.city.json:NL.IMBAG.Pand.0484100000019817-0,n_vertices,189
non_planar_face,Source B,9-360-616.city.json,9-360-616.city.json:NL.IMBAG.Pand.0484100000040717-0,n_vertices,30
non_planar_face,Source B,9-364-620.city.json,9-364-620.city.json:NL.IMBAG.Pand.0484100000044591-0,n_vertices,47
non_planar_face,Source B,9-368-616.city.json,9-368-616.city.json:NL.IMBAG.Pand.0484100000020615-0,n_vertices,87
non_planar_face,Source B,9-368-616.city.json,9-368-616.city.json:NL.IMBAG.Pand.0484100000042918-0,n_vertices,45
non_planar_face,Source B,9-368-620.city.json,9-368-620.city.json:NL.IMBAG.Pand.0484100000027666-0,n_vertices,1772
non_planar_face,Source B,9-372-620.city.json,9-372-620.city.json:NL.IMBAG.Pand.0484100000027960-0,n_vertices,41
non_planar_face,Source B,9-384-592.city.json,9-384-592.city.json:NL.IMBAG.Pand.1901100000020338-0,n_vertices,281
non_positive_volume,Source A,Stationsbuurt_2022-04-27.json,Stationsbuurt_2022-04-27.json:bag_0518100000229788,n_vertices,2632
non_positive_volume,Source A,Stationsbuurt_2022-04-27.json,Stationsbuurt_2022-04-27.json:bag_0518100000213536,n_vertices,58
non_positive_volume,Source A,Stationsbuurt_2022-04-27.json,Stationsbuurt_2022-04-27.json:bag_0518100000343385,n_vertices,32
non_positive_volume,Source A,Stationsbuurt_2022-04-27.json,Stationsbuurt_2022-04-27.json:bag_0518100000299198,n_vertices,285
non_positive_volume,Source A,Stationsbuurt_2022-04-27.json,Stationsbuurt_2022-04-27.json:bag_0518100000297470,n_vertices,37
non_positive_volume,Source A,Stationsbuurt_2022-04-27.json,Stationsbuurt_2022-04-27.json:bag_0518100000345590,n_vertices,38
non_positive_volume,Source A,Stationsbuurt_2022-04-27.json,Stationsbuurt_2022-04-27.json:bag_0518100000343105,n_vertices,21
non_positive_volume,Source A,Stationsbuurt_2022-04-27.json,Stationsbuurt_2022-04-27.json:bag_0518100000238761,n_vertices,49
non_positive_volume,Source A,Stationsbuurt_2022-04-27.json,Stationsbuurt_2022-04-27.json:bag_0518100000282200,n_vertices,56
non_positive_volume,Source A,Stationsbuurt_2022-04-27.json,Stationsbuurt_2022-04-27.json:bag_0518100000302462,n_vertices,79
non_positive_volume,Source A,Stationsbuurt_2022-04-27.json,Stationsbuurt_2022-04-27.json:bag_0518100000235084,n_vertices,60
non_positive_volume,Source A,Stationsbuurt_2022-04-27.json,Stationsbuurt_2022-04-27.json:bag_0518100000277289,n_vertices,33
non_positive_volume,Source A,Stationsbuurt_2022-04-27.json,Stationsbuurt_2022-04-27.json:bag_0518100000336717,n_vertices,35
non_positive_volume,Source A,Stationsbuurt_2022-04-27.json,Stationsbuurt_2022-04-27.json:bag_0518100001761361,n_vertices,8
non_positive_volume,Source A,Stationsbuurt_2022-04-27.json,Stationsbuurt_2022-04-27.json:bag_0518100001767184,n_vertices,8
non_positive_volume,Source A,Stationsbuurt_2022-04-27.json,Stationsbuurt_2022-04-27.json:bag_0518100000336124,n_vertices,31
non_positive_volume,Source A,Stationsbuurt_2022-04-27.json,Stationsbuurt_2022-04-27.json:bag_0518100000279157,n_vertices,80
non_positive_volume,Source A,Stationsbuurt_2022-04-27.json,Stationsbuurt_2022-04-27.json:bag_0518100000300698,n_vertices,52
non_positive_volume,Source A,Stationsbuurt_2022-04-27.json,Stationsbuurt_2022-04-27.json:bag_0518100000231191,n_vertices,43
non_positive_volume,Source A,Stationsbuurt_2022-04-27.json,Stationsbuurt_2022-04-27.json:bag_0518100000280887,n_vertices,66
non_positive_volume,Source A,Stationsbuurt_2022-04-27.json,Stationsbuurt_2022-04-27.json:bag_0518100000319285,n_vertices,99
non_positive_volume,Source A,Stationsbuurt_2022-04-27.json,Stationsbuurt_2022-04-27.json:bag_0518100000314527,n_vertices,110
non_positive_volume,Source A,Stationsbuurt_2022-04-27.json,Stationsbuurt_2022-04-27.json:bag_0518100000286370,n_vertices,54
non_positive_volume,Source A,Stationsbuurt_2022-04-27.json,Stationsbuurt_2022-04-27.json:bag_0518100000353119,n_vertices,135
non_positive_volume,Source A,Stationsbuurt_2022-04-27.json,Stationsbuurt_2022-04-27.json:bag_0518100000270462,n_vertices,394
non_positive_volume,Source A,Stationsbuurt_2022-04-27.json,Stationsbuurt_2022-04-27.json:bag_0518100000288876,n_vertices,121
non_positive_volume,Source A,TheHague3D_batch_01a_part01_attributed_2021-06-29.json,TheHague3D_batch_01a_part01_attributed_2021-06-29.json:bag_0518100000271899,n_vertices,61
non_positive_volume,Source A,TheHague3D_batch_01a_part01_attributed_2021-06-29.json,TheHague3D_batch_01a_part01_attributed_2021-06-29.json:bag_0518100000343176,n_vertices,348
non_positive_volume,Source A,TheHague3D_batch_01a_part01_attributed_2021-06-29.json,TheHague3D_batch_01a_part01_attributed_2021-06-29.json:bag_0518100000344901,n_vertices,61
non_positive_volume,Source A,TheHague3D_batch_01a_part01_attributed_2021-06-29.json,TheHague3D_batch_01a_part01_attributed_2021-06-29.json:bag_0518100000236843,n_vertices,302
non_positive_volume,Source A,TheHague3D_batch_01a_part01_attributed_2021-06-29.json,TheHague3D_batch_01a_part01_attributed_2021-06-29.json:bag_0518100000281612,n_vertices,326
non_positive_volume,Source A,TheHague3D_batch_01a_part01_attributed_2021-06-29.json,TheHague3D_batch_01a_part01_attributed_2021-06-29.json:bag_0518100000217534,n_vertices,96
non_positive_volume,Source A,TheHague3D_batch_01a_part01_attributed_2021-06-29.json,TheHague3D_batch_01a_part01_attributed_2021-06-29.json:bag_0518100000333280,n_vertices,759
non_positive_volume,Source A,TheHague3D_batch_01a_part01_attributed_2021-06-29.json,TheHague3D_batch_01a_part01_attributed_2021-06-29.json:bag_0518100000239034,n_vertices,58
non_positive_volume,Source A,TheHague3D_batch_01a_part02_attributed_2021-06-29.json,TheHague3D_batch_01a_part02_attributed_2021-06-29.json:bag_0518100000224538,n_vertices,236
non_positive_volume,Source A,TheHague3D_batch_01a_part02_attributed_2021-06-29.json,TheHague3D_batch_01a_part02_attributed_2021-06-29.json:bag_0518100000285797,n_vertices,74
non_positive_volume,Source A,TheHague3D_batch_01a_part02_attributed_2021-06-29.json,TheHague3D_batch_01a_part02_attributed_2021-06-29.json:bag_0518100000339029,n_vertices,118
non_positive_volume,Source A,TheHague3D_batch_01a_part02_attributed_2021-06-29.json,TheHague3D_batch_01a_part02_attributed_2021-06-29.json:bag_0518100000222550,n_vertices,196
non_positive_volume,Source A,TheHague3D_batch_01a_part03_attributed_2021-06-29.json,TheHague3D_batch_01a_part03_attributed_2021-06-29.json:bag_0518100000303996,n_vertices,49
non_positive_volume,Source A,TheHague3D_batch_01a_part03_attributed_2021-06-29.json,TheHague3D_batch_01a_part03_attributed_2021-06-29.json:bag_0518100000238910,n_vertices,49
non_positive_volume,Source A,TheHague3D_batch_01a_part03_attributed_2021-06-29.json,TheHague3D_batch_01a_part03_attributed_2021-06-29.json:bag_0518100000286355,n_vertices,65
non_positive_volume,Source A,TheHague3D_batch_01a_part03_attributed_2021-06-29.json,TheHague3D_batch_01a_part03_attributed_2021-06-29.json:bag_0518100000343670,n_vertices,57
non_positive_volume,Source A,TheHague3D_batch_01a_part03_attributed_2021-06-29.json,TheHague3D_batch_01a_part03_attributed_2021-06-29.json:bag_0518100000345293,n_vertices,117
non_positive_volume,Source A,TheHague3D_batch_01a_part03_attributed_2021-06-29.json,TheHague3D_batch_01a_part03_attributed_2021-06-29.json:bag_0518100001640130,n_vertices,21
non_positive_volume,Source A,TheHague3D_batch_01a_part03_attributed_2021-06-29.json,TheHague3D_batch_01a_part03_attributed_2021-06-29.json:bag_0518100000273326,n_vertices,646
non_positive_volume,Source A,TheHague3D_batch_01a_part03_attributed_2021-06-29.json,TheHague3D_batch_01a_part03_attributed_2021-06-29.json:bag_0518100000291460,n_vertices,42
non_positive_volume,Source A,TheHague3D_batch_01a_part03_attributed_2021-06-29.json,TheHague3D_batch_01a_part03_attributed_2021-06-29.json:bag_0518100000302191,n_vertices,72
non_positive_volume,Source A,TheHague3D_batch_02_wijk29_attributed_2021_08_19.json,TheHague3D_batch_02_wijk29_attributed_2021_08_19.json:bag_0518100000337089,n_vertices,61
non_positive_volume,Source A,TheHague3D_batch_02_wijk29_attributed_2021_08_19.json,TheHague3D_batch_02_wijk29_attributed_2021_08_19.json:bag_0518100000228811,n_vertices,24
non_positive_volume,Source A,TheHague3D_batch_02_wijk29_attributed_2021_08_19.json,TheHague3D_batch_02_wijk29_attributed_2021_08_19.json:bag_0518100000324014,n_vertices,55
non_positive_volume,Source A,TheHague3D_batch_02_wijk29_attributed_2021_08_19.json,TheHague3D_batch_02_wijk29_attributed_2021_08_19.json:bag_0518100000212325,n_vertices,48
non_positive_volume,Source A,TheHague3D_batch_02_wijk29_attributed_2021_08_19.json,TheHague3D_batch_02_wijk29_attributed_2021_08_19.json:bag_0518100000306078,n_vertices,50
non_positive_volume,Source A,TheHague3D_batch_02_wijk29_attributed_2021_08_19.json,TheHague3D_batch_02_wijk29_attributed_2021_08_19.json:bag_0518100000301072,n_vertices,10
non_positive_volume,Source A,TheHague3D_batch_02_wijk29_attributed_2021_08_19.json,TheHague3D_batch_02_wijk29_attributed_2021_08_19.json:bag_0518100000323132,n_vertices,68
non_positive_volume,Source A,TheHague3D_batch_02_wijk29_attributed_2021_08_19.json,TheHague3D_batch_02_wijk29_attributed_2021_08_19.json:bag_0518100000218706,n_vertices,44
non_positive_volume,Source A,TheHague3D_batch_02_wijk34_attributed_2021_08_19.json,TheHague3D_batch_02_wijk34_attributed_2021_08_19.json:bag_0518100000244378,n_vertices,16
non_positive_volume,Source A,TheHague3D_batch_02_wijk36_attributed_2021_08_19.json,TheHague3D_batch_02_wijk36_attributed_2021_08_19.json:bag_0518100000258828,n_vertices,14
non_positive_volume,Source A,TheHague3D_batch_03_Binckhorst_attributed_2022-03-01.json,TheHague3D_batch_03_Binckhorst_attributed_2022-03-01.json:bag_0518100000281165,n_vertices,129
non_positive_volume,Source A,TheHague3D_batch_03_Binckhorst_attributed_2022-03-01.json,TheHague3D_batch_03_Binckhorst_attributed_2022-03-01.json:bag_0518100000219273,n_vertices,61
non_positive_volume,Source A,TheHague3D_batch_03_Binckhorst_attributed_2022-03-01.json,TheHague3D_batch_03_Binckhorst_attributed_2022-03-01.json:bag_0518100000322863,n_vertices,68
non_positive_volume,Source A,TheHague3D_batch_03_Binckhorst_attributed_2022-03-01.json,TheHague3D_batch_03_Binckhorst_attributed_2022-03-01.json:bag_0518100001637399,n_vertices,1337
non_positive_volume,Source A,TheHague3D_batch_03_Binckhorst_attributed_2022-03-01.json,TheHague3D_batch_03_Binckhorst_attributed_2022-03-01.json:bag_0518100001759649,n_vertices,14
non_positive_volume,Source A,TheHague3D_batch_03_Haagse-Bos_attributed_2022-03-01.json,TheHague3D_batch_03_Haagse-Bos_attributed_2022-03-01.json:bag_0518100000327169,n_vertices,34
non_positive_volume,Source A,TheHague3D_batch_03_Haagse-Bos_attributed_2022-03-01.json,TheHague3D_batch_03_Haagse-Bos_attributed_2022-03-01.json:bag_0518100000208202,n_vertices,139
non_positive_volume,Source A,TheHague3D_batch_03_Haagse-Bos_attributed_2022-03-01.json,TheHague3D_batch_03_Haagse-Bos_attributed_2022-03-01.json:bag_0518100000273793,n_vertices,101
non_positive_volume,Source A,TheHague3D_batch_04_Wijk 13 Vogelwijk_attributed_2022-03-28.json,TheHague3D_batch_04_Wijk 13 Vogelwijk_attributed_2022-03-28.json:bag_0518100000219143,n_vertices,84
non_positive_volume,Source A,TheHague3D_batch_04_Wijk 13 Vogelwijk_attributed_2022-03-28.json,TheHague3D_batch_04_Wijk 13 Vogelwijk_attributed_2022-03-28.json:bag_0518100000286631,n_vertices,78
non_positive_volume,Source A,TheHague3D_batch_04_Wijk 13 Vogelwijk_attributed_2022-03-28.json,TheHague3D_batch_04_Wijk 13 Vogelwijk_attributed_2022-03-28.json:bag_0518100000223497,n_vertices,68
non_positive_volume,Source A,TheHague3D_batch_04_Wijk 13 Vogelwijk_attributed_2022-03-28.json,TheHague3D_batch_04_Wijk 13 Vogelwijk_attributed_2022-03-28.json:bag_0518100000278045,n_vertices,91
non_positive_volume,Source A,TheHague3D_batch_04_Wijk 13 Vogelwijk_attributed_2022-03-28.json,TheHague3D_batch_04_Wijk 13 Vogelwijk_attributed_2022-03-28.json:bag_0518100000331869,n_vertices,15
non_positive_volume,Source A,TheHague3D_batch_04_Wijk 13 Vogelwijk_attributed_2022-03-28.json,TheHague3D_batch_04_Wijk 13 Vogelwijk_attributed_2022-03-28.json:bag_0518100000288123,n_vertices,112
non_positive_volume,Source A,TheHague3D_batch_04_Wijk 13 Vogelwijk_attributed_2022-03-28.json,TheHague3D_batch_04_Wijk 13 Vogelwijk_attributed_2022-03-28.json:bag_0518100000227689,n_vertices,54
non_positive_volume,Source A,TheHague3D_batch_04_Wijk 13 Vogelwijk_attributed_2022-03-28.json,TheHague3D_batch_04_Wijk 13 Vogelwijk_attributed_2022-03-28.json:bag_0518100000231207,n_vertices,99
non_positive_volume,Source A,TheHague3D_batch_04_Wijk 13 Vogelwijk_attributed_2022-03-28.json,TheHague3D_batch_04_Wijk 13 Vogelwijk_attributed_2022-03-28.json:bag_0518100000218371,n_vertices,65
non_positive_volume,Source A,TheHague3D_batch_04_Wijk 13 Vogelwijk_attributed_2022-03-28.json,TheHague3D_batch_04_Wijk 13 Vogelwijk_attributed_2022-03-28.json:bag_0518100000285979,n_vertices,139
non_positive_volume,Source A,TheHague3D_batch_04_Wijk 13 Vogelwijk_attributed_2022-03-28.json,TheHague3D_batch_04_Wijk 13 Vogelwijk_attributed_2022-03-28.json:bag_0518100000320089,n_vertices,77
non_positive_volume,Source A,TheHague3D_batch_04_Wijk 13 Vogelwijk_attributed_2022-03-28.json,TheHague3D_batch_04_Wijk 13 Vogelwijk_attributed_2022-03-28.json:bag_0518100000318296,n_vertices,48
non_positive_volume,Source A,TheHague3D_batch_04_Wijk 13 Vogelwijk_attributed_2022-03-28.json,TheHague3D_batch_04_Wijk 13 Vogelwijk_attributed_2022-03-28.json:bag_0518100000324347,n_vertices,41
non_positive_volume,Source A,TheHague3D_batch_04_Wijk 13 Vogelwijk_attributed_2022-03-28.json,TheHague3D_batch_04_Wijk 13 Vogelwijk_attributed_2022-03-28.json:bag_0518100000225991,n_vertices,52
non_positive_volume,Source A,TheHague3D_batch_04_Wijk 13 Vogelwijk_attributed_2022-03-28.json,TheHague3D_batch_04_Wijk 13 Vogelwijk_attributed_2022-03-28.json:bag_0518100000233450,n_vertices,52
non_positive_volume,Source A,TheHague3D_batch_04_Wijk 13 Vogelwijk_attributed_2022-03-28.json,TheHague3D_batch_04_Wijk 13 Vogelwijk_attributed_2022-03-28.json:bag_0518100000208091,n_vertices,41
non_positive_volume,Source A,TheHague3D_batch_04_Wijk 13 Vogelwijk_attributed_2022-03-28.json,TheHague3D_batch_04_Wijk 13 Vogelwijk_attributed_2022-03-28.json:bag_0518100000324588,n_vertices,112
non_positive_volume,Source A,TheHague3D_batch_04_Wijk 15 Kijkduin en Ockenbur_attributed_2022-03-28.json,TheHague3D_batch_04_Wijk 15 Kijkduin en Ockenbur_attributed_2022-03-28.json:bag_0518100000323711,n_vertices,36
non_positive_volume,Source A,TheHague3D_batch_04_Wijk 15 Kijkduin en Ockenbur_attributed_2022-03-28.json,TheHague3D_batch_04_Wijk 15 Kijkduin en Ockenbur_attributed_2022-03-28.json:bag_0518100000344053,n_vertices,63
non_positive_volume,Source A,TheHague3D_batch_04_Wijk 15 Kijkduin en Ockenbur_attributed_2022-03-28.json,TheHague3D_batch_04_Wijk 15 Kijkduin en Ockenbur_attributed_2022-03-28.json:bag_0518100000334624,n_vertices,123
non_positive_volume,Source A,TheHague3D_batch_04_Wijk 2 BelgischPark_attributed_2022-03-28.json,TheHague3D_batch_04_Wijk 2 BelgischPark_attributed_2022-03-28.json:bag_0518100000206640,n_vertices,69
non_positive_volume,Source A,TheHague3D_batch_04_Wijk 2 BelgischPark_attributed_2022-03-28.json,TheHague3D_batch_04_Wijk 2 BelgischPark_attributed_2022-03-28.json:bag_0518100000246692,n_vertices,134
non_positive_volume,Source A,TheHague3D_batch_04_Wijk 2 BelgischPark_attributed_2022-03-28.json,TheHague3D_batch_04_Wijk 2 BelgischPark_attributed_2022-03-28.json:bag_0518100000319553,n_vertices,89
non_positive_volume,Source A,TheHague3D_batch_04_Wijk 2 BelgischPark_attributed_2022-03-28.json,TheHague3D_batch_04_Wijk 2 BelgischPark_attributed_2022-03-28.json:bag_0518100000205175,n_vertices,42
non_positive_volume,Source A,TheHague3D_batch_04_Wijk 2 BelgischPark_attributed_2022-03-28.json,TheHague3D_batch_04_Wijk 2 BelgischPark_attributed_2022-03-28.json:bag_0518100001757870,n_vertices,34
non_positive_volume,Source A,TheHague3D_batch_04_Wijk 30 Transvaalkwartier_attributed_2022-03-28.json,TheHague3D_batch_04_Wijk 30 Transvaalkwartier_attributed_2022-03-28.json:bag_0518100000203477,n_vertices,127
non_positive_volume,Source A,TheHague3D_batch_04_Wijk 30 Transvaalkwartier_attributed_2022-03-28.json,TheHague3D_batch_04_Wijk 30 Transvaalkwartier_attributed_2022-03-28.json:bag_0518100000281776,n_vertices,53
non_positive_volume,Source A,TheHague3D_batch_04_Wijk 37 Groente- en Fruitmar_attributed_2022-03-28.json,TheHague3D_batch_04_Wijk 37 Groente- en Fruitmar_attributed_2022-03-28.json:bag_0518100000228986,n_vertices,121
non_positive_volume,Source A,TheHague3D_batch_04_Wijk 37 Groente- en Fruitmar_attributed_2022-03-28.json,TheHague3D_batch_04_Wijk 37 Groente- en Fruitmar_attributed_2022-03-28.json:bag_0518100000281709,n_vertices,20
non_positive_volume,Source A,TheHague3D_batch_04_Wijk 37 Groente- en Fruitmar_attributed_2022-03-28.json,TheHague3D_batch_04_Wijk 37 Groente- en Fruitmar_attributed_2022-03-28.json:bag_0518100000226912,n_vertices,56
non_positive_volume,Source A,TheHague3D_batch_05_Wijk 11 Duinoord_2022-06-21.json,TheHague3D_batch_05_Wijk 11 Duinoord_2022-06-21.json:bag_0518100000324022,n_vertices,56
non_positive_volume,Source A,TheHague3D_batch_05_Wijk 11 Duinoord_2022-06-21.json,TheHague3D_batch_05_Wijk 11 Duinoord_2022-06-21.json:bag_0518100000207505,n_vertices,44
non_positive_volume,Source A,TheHague3D_batch_05_Wijk 11 Duinoord_2022-06-21.json,TheHague3D_batch_05_Wijk 11 Duinoord_2022-06-21.json:bag_0518100000274123,n_vertices,83
non_positive_volume,Source A,TheHague3D_batch_05_Wijk 11 Duinoord_2022-06-21.json,TheHague3D_batch_05_Wijk 11 Duinoord_2022-06-21.json:bag_0518100000257412,n_vertices,120
non_positive_volume,Source A,TheHague3D_batch_05_Wijk 11 Duinoord_2022-06-21.json,TheHague3D_batch_05_Wijk 11 Duinoord_2022-06-21.json:bag_0518100000211536,n_vertices,85
non_positive_volume,Source A,TheHague3D_batch_05_Wijk 11 Duinoord_2022-06-21.json,TheHague3D_batch_05_Wijk 11 Duinoord_2022-06-21.json:bag_0518100000226066,n_vertices,88
non_positive_volume,Source A,TheHague3D_batch_05_Wijk 11 Duinoord_2022-06-21.json,TheHague3D_batch_05_Wijk 11 Duinoord_2022-06-21.json:bag_0518100000319105,n_vertices,111
non_positive_volume,Source A,TheHague3D_batch_05_Wijk 11 Duinoord_2022-06-21.json,TheHague3D_batch_05_Wijk 11 Duinoord_2022-06-21.json:bag_0518100000302964,n_vertices,119
non_positive_volume,Source A,TheHague3D_batch_05_Wijk 11 Duinoord_2022-06-21.json,TheHague3D_batch_05_Wijk 11 Duinoord_2022-06-21.json:bag_0518100000215443,n_vertices,96
non_positive_volume,Source A,TheHague3D_batch_05_Wijk 11 Duinoord_2022-06-21.json,TheHague3D_batch_05_Wijk 11 Duinoord_2022-06-21.json:bag_0518100000302708,n_vertices,60
non_positive_volume,Source A,TheHague3D_batch_05_Wijk 11 Duinoord_2022-06-21.json,TheHague3D_batch_05_Wijk 11 Duinoord_2022-06-21.json:bag_0518100000353265,n_vertices,112
non_positive_volume,Source A,TheHague3D_batch_05_Wijk 11 Duinoord_2022-06-21.json,TheHague3D_batch_05_Wijk 11 Duinoord_2022-06-21.json:bag_0518100000230896,n_vertices,102
non_positive_volume,Source A,TheHague3D_batch_05_Wijk 11 Duinoord_2022-06-21.json,TheHague3D_batch_05_Wijk 11 Duinoord_2022-06-21.json:bag_0518100000346709,n_vertices,61
non_positive_volume,Source A,TheHague3D_batch_05_Wijk 11 Duinoord_2022-06-21.json,TheHague3D_batch_05_Wijk 11 Duinoord_2022-06-21.json:bag_0518100000315229,n_vertices,113
non_positive_volume,Source A,TheHague3D_batch_05_Wijk 11 Duinoord_2022-06-21.json,TheHague3D_batch_05_Wijk 11 Duinoord_2022-06-21.json:bag_0518100000230670,n_vertices,129
non_positive_volume,Source A,TheHague3D_batch_05_Wijk 11 Duinoord_2022-06-21.json,TheHague3D_batch_05_Wijk 11 Duinoord_2022-06-21.json:bag_0518100000221463,n_vertices,92
non_positive_volume,Source A,TheHague3D_batch_05_Wijk 11 Duinoord_2022-06-21.json,TheHague3D_batch_05_Wijk 11 Duinoord_2022-06-21.json:bag_0518100001744011,n_vertices,95
non_positive_volume,Source A,TheHague3D_batch_05_Wijk 11 Duinoord_2022-06-21.json,TheHague3D_batch_05_Wijk 11 Duinoord_2022-06-21.json:bag_0518100000336216,n_vertices,234
non_positive_volume,Source A,TheHague3D_batch_05_Wijk 11 Duinoord_2022-06-21.json,TheHague3D_batch_05_Wijk 11 Duinoord_2022-06-21.json:bag_0518100000299975,n_vertices,81
non_positive_volume,Source A,TheHague3D_batch_05_Wijk 22 Zeeheldenkwartier_2022-06-22.json,TheHague3D_batch_05_Wijk 22 Zeeheldenkwartier_2022-06-22.json:bag_0518100000210611,n_vertices,1442
non_positive_volume,Source A,TheHague3D_batch_05_Wijk 22 Zeeheldenkwartier_2022-06-22.json,TheHague3D_batch_05_Wijk 22 Zeeheldenkwartier_2022-06-22.json:bag_0518100000323021,n_vertices,153
non_positive_volume,Source A,TheHague3D_batch_05_Wijk 22 Zeeheldenkwartier_2022-06-22.json,TheHague3D_batch_05_Wijk 22 Zeeheldenkwartier_2022-06-22.json:bag_0518100000242855,n_vertices,52
non_positive_volume,Source A,TheHague3D_batch_05_Wijk 22 Zeeheldenkwartier_2022-06-22.json,TheHague3D_batch_05_Wijk 22 Zeeheldenkwartier_2022-06-22.json:bag_0518100000212678,n_vertices,101
non_positive_volume,Source A,TheHague3D_batch_05_Wijk 22 Zeeheldenkwartier_2022-06-22.json,TheHague3D_batch_05_Wijk 22 Zeeheldenkwartier_2022-06-22.json:bag_0518100000272789,n_vertices,181
non_positive_volume,Source A,TheHague3D_batch_05_Wijk 22 Zeeheldenkwartier_2022-06-22.json,TheHague3D_batch_05_Wijk 22 Zeeheldenkwartier_2022-06-22.json:bag_0518100000218577,n_vertices,71
non_positive_volume,Source A,TheHague3D_batch_05_Wijk 22 Zeeheldenkwartier_2022-06-22.json,TheHague3D_batch_05_Wijk 22 Zeeheldenkwartier_2022-06-22.json:bag_0518100000209237,n_vertices,64
non_positive_volume,Source A,TheHague3D_batch_05_Wijk 22 Zeeheldenkwartier_2022-06-22.json,TheHague3D_batch_05_Wijk 22 Zeeheldenkwartier_2022-06-22.json:bag_0518100000222544,n_vertices,103
non_positive_volume,Source A,TheHague3D_batch_05_Wijk 22 Zeeheldenkwartier_2022-06-22.json,TheHague3D_batch_05_Wijk 22 Zeeheldenkwartier_2022-06-22.json:bag_0518100000222952,n_vertices,61
non_positive_volume,Source A,TheHague3D_batch_05_Wijk 22 Zeeheldenkwartier_2022-06-22.json,TheHague3D_batch_05_Wijk 22 Zeeheldenkwartier_2022-06-22.json:bag_0518100000285108,n_vertices,89
non_positive_volume,Source A,TheHague3D_batch_05_Wijk 22 Zeeheldenkwartier_2022-06-22.json,TheHague3D_batch_05_Wijk 22 Zeeheldenkwartier_2022-06-22.json:bag_0518100000343202,n_vertices,95
non_positive_volume,Source A,TheHague3D_batch_05_Wijk 23 Willemspark_2022-06-21.json,TheHague3D_batch_05_Wijk 23 Willemspark_2022-06-21.json:bag_0518100000227525,n_vertices,49
non_positive_volume,Source A,TheHague3D_batch_05_Wijk 23 Willemspark_2022-06-21.json,TheHague3D_batch_05_Wijk 23 Willemspark_2022-06-21.json:bag_0518100000307387,n_vertices,78
non_positive_volume,Source A,TheHague3D_batch_05_Wijk 23 Willemspark_2022-06-21.json,TheHague3D_batch_05_Wijk 23 Willemspark_2022-06-21.json:bag_0518100000283034,n_vertices,72
non_positive_volume,Source A,TheHague3D_batch_05_Wijk 3 Westbroekpark en Dut_2022-06-21.json,TheHague3D_batch_05_Wijk 3 Westbroekpark en Dut_2022-06-21.json:bag_0518100000308959,n_vertices,151
non_positive_volume,Source A,TheHague3D_batch_05_Wijk 3 Westbroekpark en Dut_2022-06-21.json,TheHague3D_batch_05_Wijk 3 Westbroekpark en Dut_2022-06-21.json:bag_0518100001640550,n_vertices,170
non_positive_volume,Source A,TheHague3D_batch_05_Wijk 4 Benoordenhout_2022-06-21.json,TheHague3D_batch_05_Wijk 4 Benoordenhout_2022-06-21.json:bag_0518100000212878,n_vertices,109
non_positive_volume,Source A,TheHague3D_batch_05_Wijk 4 Benoordenhout_2022-06-21.json,TheHague3D_batch_05_Wijk 4 Benoordenhout_2022-06-21.json:bag_0518100000337469,n_vertices,147
non_positive_volume,Source A,TheHague3D_batch_05_Wijk 4 Benoordenhout_2022-06-21.json,TheHague3D_batch_05_Wijk 4 Benoordenhout_2022-06-21.json:bag_0518100000288874,n_vertices,93
non_positive_volume,Source A,TheHague3D_batch_05_Wijk 4 Benoordenhout_2022-06-21.json,TheHague3D_batch_05_Wijk 4 Benoordenhout_2022-06-21.json:bag_0518100000231429,n_vertices,116
non_positive_volume,Source A,TheHague3D_batch_05_Wijk 4 Benoordenhout_2022-06-21.json,TheHague3D_batch_05_Wijk 4 Benoordenhout_2022-06-21.json:bag_0518100000320164,n_vertices,146
non_positive_volume,Source A,TheHague3D_batch_05_Wijk 4 Benoordenhout_2022-06-21.json,TheHague3D_batch_05_Wijk 4 Benoordenhout_2022-06-21.json:bag_0518100000316148,n_vertices,176
non_positive_volume,Source A,TheHague3D_batch_05_Wijk 4 Benoordenhout_2022-06-21.json,TheHague3D_batch_05_Wijk 4 Benoordenhout_2022-06-21.json:bag_0518100000315740,n_vertices,31
non_positive_volume,Source A,TheHague3D_batch_05_Wijk 4 Benoordenhout_2022-06-21.json,TheHague3D_batch_05_Wijk 4 Benoordenhout_2022-06-21.json:bag_0518100000216955,n_vertices,77
non_positive_volume,Source A,TheHague3D_batch_05_Wijk 4 Benoordenhout_2022-06-21.json,TheHague3D_batch_05_Wijk 4 Benoordenhout_2022-06-21.json:bag_0518100000270242,n_vertices,216
non_positive_volume,Source A,TheHague3D_batch_05_Wijk 5 Archipelbuurt_2022-06-21.json,TheHague3D_batch_05_Wijk 5 Archipelbuurt_2022-06-21.json:bag_0518100000310472,n_vertices,44
non_positive_volume,Source A,TheHague3D_batch_05_Wijk 5 Archipelbuurt_2022-06-21.json,TheHague3D_batch_05_Wijk 5 Archipelbuurt_2022-06-21.json:bag_0518100000212676,n_vertices,56
non_positive_volume,Source A,TheHague3D_batch_05_Wijk 5 Archipelbuurt_2022-06-21.json,TheHague3D_batch_05_Wijk 5 Archipelbuurt_2022-06-21.json:bag_0518100000280723,n_vertices,66
non_positive_volume,Source A,TheHague3D_batch_05_Wijk 5 Archipelbuurt_2022-06-21.json,TheHague3D_batch_05_Wijk 5 Archipelbuurt_2022-06-21.json:bag_0518100000219078,n_vertices,67
non_positive_volume,Source A,TheHague3D_batch_05_Wijk 5 Archipelbuurt_2022-06-21.json,TheHague3D_batch_05_Wijk 5 Archipelbuurt_2022-06-21.json:bag_0518100000279130,n_vertices,67
non_positive_volume,Source A,TheHague3D_batch_05_Wijk 5 Archipelbuurt_2022-06-21.json,TheHague3D_batch_05_Wijk 5 Archipelbuurt_2022-06-21.json:bag_0518100000273198,n_vertices,75
non_positive_volume,Source A,TheHague3D_batch_05_Wijk 5 Archipelbuurt_2022-06-21.json,TheHague3D_batch_05_Wijk 5 Archipelbuurt_2022-06-21.json:bag_0518100000327881,n_vertices,77
non_positive_volume,Source A,TheHague3D_batch_05_Wijk 5 Archipelbuurt_2022-06-21.json,TheHague3D_batch_05_Wijk 5 Archipelbuurt_2022-06-21.json:bag_0518100000296247,n_vertices,104
non_positive_volume,Source A,TheHague3D_batch_05_Wijk 6 Van Stolkpark en Sch_2022-06-21.json,TheHague3D_batch_05_Wijk 6 Van Stolkpark en Sch_2022-06-21.json:bag_0518100000289045,n_vertices,749
non_positive_volume,Source A,TheHague3D_batch_05_Wijk 9 Geuzen- en Statenkwa_2022-06-21.json,TheHague3D_batch_05_Wijk 9 Geuzen- en Statenkwa_2022-06-21.json:bag_0518100000203169,n_vertices,106
non_positive_volume,Source A,TheHague3D_batch_05_Wijk 9 Geuzen- en Statenkwa_2022-06-21.json,TheHague3D_batch_05_Wijk 9 Geuzen- en Statenkwa_2022-06-21.json:bag_0518100000323965,n_vertices,106
non_positive_volume,Source A,TheHague3D_batch_05_Wijk 9 Geuzen- en Statenkwa_2022-06-21.json,TheHague3D_batch_05_Wijk 9 Geuzen- en Statenkwa_2022-06-21.json:bag_0518100000227469,n_vertices,86
non_positive_volume,Source A,TheHague3D_batch_05_Wijk 9 Geuzen- en Statenkwa_2022-06-21.json,TheHague3D_batch_05_Wijk 9 Geuzen- en Statenkwa_2022-06-21.json:bag_0518100000218205,n_vertices,153
non_positive_volume,Source A,TheHague3D_batch_05_Wijk 9 Geuzen- en Statenkwa_2022-06-21.json,TheHague3D_batch_05_Wijk 9 Geuzen- en Statenkwa_2022-06-21.json:bag_0518100000337809,n_vertices,190
non_positive_volume,Source A,TheHague3D_batch_05_Wijk 9 Geuzen- en Statenkwa_2022-06-21.json,TheHague3D_batch_05_Wijk 9 Geuzen- en Statenkwa_2022-06-21.json:bag_0518100000324579,n_vertices,90
non_positive_volume,Source A,TheHague3D_batch_05_Wijk 9 Geuzen- en Statenkwa_2022-06-21.json,TheHague3D_batch_05_Wijk 9 Geuzen- en Statenkwa_2022-06-21.json:bag_0518100000215726,n_vertices,33
non_positive_volume,Source A,TheHague3D_batch_05_Wijk 9 Geuzen- en Statenkwa_2022-06-21.json,TheHague3D_batch_05_Wijk 9 Geuzen- en Statenkwa_2022-06-21.json:bag_0518100000224458,n_vertices,63
non_positive_volume,Source A,TheHague3D_batch_05_Wijk 9 Geuzen- en Statenkwa_2022-06-21.json,TheHague3D_batch_05_Wijk 9 Geuzen- en Statenkwa_2022-06-21.json:bag_0518100000241765,n_vertices,97
non_positive_volume,Source A,TheHague3D_batch_05_Wijk 9 Geuzen- en Statenkwa_2022-06-21.json,TheHague3D_batch_05_Wijk 9 Geuzen- en Statenkwa_2022-06-21.json:bag_0518100000224914,n_vertices,65
non_positive_volume,Source A,TheHague3D_batch_05_Wijk 9 Geuzen- en Statenkwa_2022-06-21.json,TheHague3D_batch_05_Wijk 9 Geuzen- en Statenkwa_2022-06-21.json:bag_0518100000208506,n_vertices,79
non_positive_volume,Source A,TheHague3D_batch_05_Wijk 9 Geuzen- en Statenkwa_2022-06-21.json,TheHague3D_batch_05_Wijk 9 Geuzen- en Statenkwa_2022-06-21.json:bag_0518100000272333,n_vertices,83
non_positive_volume,Source A,TheHague3D_batch_05_Wijk 9 Geuzen- en Statenkwa_2022-06-21.json,TheHague3D_batch_05_Wijk 9 Geuzen- en Statenkwa_2022-06-21.json:bag_0518100000343606,n_vertices,111
non_positive_volume,Source A,TheHague3D_batch_05_Wijk 9 Geuzen- en Statenkwa_2022-06-21.json,TheHague3D_batch_05_Wijk 9 Geuzen- en Statenkwa_2022-06-21.json:bag_0518100000272802,n_vertices,276
non_positive_volume,Source A,TheHague3D_batch_05_Wijk 9 Geuzen- en Statenkwa_2022-06-21.json,TheHague3D_batch_05_Wijk 9 Geuzen- en Statenkwa_2022-06-21.json:bag_0518100000277602,n_vertices,161
non_positive_volume,Source A,TheHague3D_batch_05_Wijk 9 Geuzen- en Statenkwa_2022-06-21.json,TheHague3D_batch_05_Wijk 9 Geuzen- en Statenkwa_2022-06-21.json:bag_0518100000220180,n_vertices,118
non_positive_volume,Source A,TheHague3D_batch_05_Wijk 9 Geuzen- en Statenkwa_2022-06-21.json,TheHague3D_batch_05_Wijk 9 Geuzen- en Statenkwa_2022-06-21.json:bag_0518100000220552,n_vertices,70
non_positive_volume,Source A,TheHague3D_batch_05_Wijk 9 Geuzen- en Statenkwa_2022-06-21.json,TheHague3D_batch_05_Wijk 9 Geuzen- en Statenkwa_2022-06-21.json:bag_0518100000204112,n_vertices,89
non_positive_volume,Source A,TheHague3D_batch_05_Wijk 9 Geuzen- en Statenkwa_2022-06-21.json,TheHague3D_batch_05_Wijk 9 Geuzen- en Statenkwa_2022-06-21.json:bag_0518100000304561,n_vertices,95
non_positive_volume,Source A,TheHague3D_batch_05_Wijk 9 Geuzen- en Statenkwa_2022-06-21.json,TheHague3D_batch_05_Wijk 9 Geuzen- en Statenkwa_2022-06-21.json:bag_0518100000224269,n_vertices,62
non_positive_volume,Source A,TheHague3D_batch_05_Wijk 9 Geuzen- en Statenkwa_2022-06-21.json,TheHague3D_batch_05_Wijk 9 Geuzen- en Statenkwa_2022-06-21.json:bag_0518100000286673,n_vertices,56
non_positive_volume,Source A,TheHague3D_batch_05_Wijk 9 Geuzen- en Statenkwa_2022-06-21.json,TheHague3D_batch_05_Wijk 9 Geuzen- en Statenkwa_2022-06-21.json:bag_0518100000289351,n_vertices,155
non_positive_volume,Source A,TheHague3D_batch_05_Wijk 9 Geuzen- en Statenkwa_2022-06-21.json,TheHague3D_batch_05_Wijk 9 Geuzen- en Statenkwa_2022-06-21.json:bag_0518100000326247,n_vertices,131
non_positive_volume,Source A,TheHague3D_batch_05_Wijk 9 Geuzen- en Statenkwa_2022-06-21.json,TheHague3D_batch_05_Wijk 9 Geuzen- en Statenkwa_2022-06-21.json:bag_0518100000273818,n_vertices,92
non_positive_volume,Source A,TheHague3D_batch_05_Wijk 9 Geuzen- en Statenkwa_2022-06-21.json,TheHague3D_batch_05_Wijk 9 Geuzen- en Statenkwa_2022-06-21.json:bag_0518100000272004,n_vertices,41
non_positive_volume,Source A,TheHague3D_batch_05_Wijk 9 Geuzen- en Statenkwa_2022-06-21.json,TheHague3D_batch_05_Wijk 9 Geuzen- en Statenkwa_2022-06-21.json:bag_0518100000319013,n_vertices,149
non_positive_volume,Source A,TheHague3D_batch_05_Wijk 9 Geuzen- en Statenkwa_2022-06-21.json,TheHague3D_batch_05_Wijk 9 Geuzen- en Statenkwa_2022-06-21.json:bag_0518100000337086,n_vertices,49
non_positive_volume,Source A,TheHague3D_batch_05_Wijk 9 Geuzen- en Statenkwa_2022-06-21.json,TheHague3D_batch_05_Wijk 9 Geuzen- en Statenkwa_2022-06-21.json:bag_0518100000231709,n_vertices,47
non_positive_volume,Source A,TheHague3D_batch_05_Wijk 9 Geuzen- en Statenkwa_2022-06-21.json,TheHague3D_batch_05_Wijk 9 Geuzen- en Statenkwa_2022-06-21.json:bag_0518100000234460,n_vertices,47
non_positive_volume,Source A,TheHague3D_batch_05_Wijk 9 Geuzen- en Statenkwa_2022-06-21.json,TheHague3D_batch_05_Wijk 9 Geuzen- en Statenkwa_2022-06-21.json:bag_0518100000348930,n_vertices,15
non_positive_volume,Source A,TheHague3D_batch_05_Wijk 9 Geuzen- en Statenkwa_2022-06-21.json,TheHague3D_batch_05_Wijk 9 Geuzen- en Statenkwa_2022-06-21.json:bag_0518100000239874,n_vertices,60
non_positive_volume,Source A,TheHague3D_batch_05_Wijk 9 Geuzen- en Statenkwa_2022-06-21.json,TheHague3D_batch_05_Wijk 9 Geuzen- en Statenkwa_2022-06-21.json:bag_0518100000210855,n_vertices,113
non_positive_volume,Source A,TheHague3D_batch_05_Wijk 9 Geuzen- en Statenkwa_2022-06-21.json,TheHague3D_batch_05_Wijk 9 Geuzen- en Statenkwa_2022-06-21.json:bag_0518100000300219,n_vertices,75
non_positive_volume,Source A,TheHague3D_batch_05_Wijk 9 Geuzen- en Statenkwa_2022-06-21.json,TheHague3D_batch_05_Wijk 9 Geuzen- en Statenkwa_2022-06-21.json:bag_0518100000268360,n_vertices,96
non_positive_volume,Source A,TheHague3D_batch_05_Wijk 9 Geuzen- en Statenkwa_2022-06-21.json,TheHague3D_batch_05_Wijk 9 Geuzen- en Statenkwa_2022-06-21.json:bag_0518100000233521,n_vertices,70
non_positive_volume,Source A,TheHague3D_batch_05_Wijk 9 Geuzen- en Statenkwa_2022-06-21.json,TheHague3D_batch_05_Wijk 9 Geuzen- en Statenkwa_2022-06-21.json:bag_0518100000300813,n_vertices,70
non_positive_volume,Source A,TheHague3D_batch_05_Wijk 9 Geuzen- en Statenkwa_2022-06-21.json,TheHague3D_batch_05_Wijk 9 Geuzen- en Statenkwa_2022-06-21.json:bag_0518100000223106,n_vertices,161
non_positive_volume,Source A,TheHague3D_batch_05_Wijk 9 Geuzen- en Statenkwa_2022-06-21.json,TheHague3D_batch_05_Wijk 9 Geuzen- en Statenkwa_2022-06-21.json:bag_0518100000214547,n_vertices,121
non_positive_volume,Source A,TheHague3D_batch_05_Wijk 9 Geuzen- en Statenkwa_2022-06-21.json,TheHague3D_batch_05_Wijk 9 Geuzen- en Statenkwa_2022-06-21.json:bag_0518100000338978,n_vertices,122
non_positive_volume,Source A,TheHague3D_batch_06_Wijk 12 Bomen- en Bloemenbuu_2022-06-21.json,TheHague3D_batch_06_Wijk 12 Bomen- en Bloemenbuu_2022-06-21.json:bag_0518100000307153,n_vertices,104
non_positive_volume,Source A,TheHague3D_batch_06_Wijk 12 Bomen- en Bloemenbuu_2022-06-21.json,TheHague3D_batch_06_Wijk 12 Bomen- en Bloemenbuu_2022-06-21.json:bag_0518100000232893,n_vertices,60
non_positive_volume,Source A,TheHague3D_batch_06_Wijk 12 Bomen- en Bloemenbuu_2022-06-21.json,TheHague3D_batch_06_Wijk 12 Bomen- en Bloemenbuu_2022-06-21.json:bag_0518100000296245,n_vertices,63
non_positive_volume,Source A,TheHague3D_batch_06_Wijk 19 Vruchtenbuurt_2022-07-06.json,TheHague3D_batch_06_Wijk 19 Vruchtenbuurt_2022-07-06.json:bag_0518100000288421,n_vertices,86
non_positive_volume,Source A,TheHague3D_batch_06_Wijk 19 Vruchtenbuurt_2022-07-06.json,TheHague3D_batch_06_Wijk 19 Vruchtenbuurt_2022-07-06.json:bag_0518100000219869,n_vertices,58
non_positive_volume,Source A,TheHague3D_batch_06_Wijk 19 Vruchtenbuurt_2022-07-06.json,TheHague3D_batch_06_Wijk 19 Vruchtenbuurt_2022-07-06.json:bag_0518100000216617,n_vertices,75
non_positive_volume,Source A,TheHague3D_batch_06_Wijk 19 Vruchtenbuurt_2022-07-06.json,TheHague3D_batch_06_Wijk 19 Vruchtenbuurt_2022-07-06.json:bag_0518100000339954,n_vertices,31
non_positive_volume,Source A,TheHague3D_batch_06_Wijk 19 Vruchtenbuurt_2022-07-06.json,TheHague3D_batch_06_Wijk 19 Vruchtenbuurt_2022-07-06.json:bag_0518100000204784,n_vertices,61
non_positive_volume,Source A,TheHague3D_batch_06_Wijk 19 Vruchtenbuurt_2022-07-06.json,TheHague3D_batch_06_Wijk 19 Vruchtenbuurt_2022-07-06.json:bag_0518100000211449,n_vertices,92
non_positive_volume,Source A,TheHague3D_batch_06_Wijk 19 Vruchtenbuurt_2022-07-06.json,TheHague3D_batch_06_Wijk 19 Vruchtenbuurt_2022-07-06.json:bag_0518100000339128,n_vertices,38
non_positive_volume,Source A,TheHague3D_batch_06_Wijk 19 Vruchtenbuurt_2022-07-06.json,TheHague3D_batch_06_Wijk 19 Vruchtenbuurt_2022-07-06.json:bag_0518100001640516,n_vertices,26
non_positive_volume,Source A,TheHague3D_batch_06_Wijk 19 Vruchtenbuurt_2022-07-06.json,TheHague3D_batch_06_Wijk 19 Vruchtenbuurt_2022-07-06.json:bag_0518100000323779,n_vertices,64
non_positive_volume,Source A,TheHague3D_batch_06_Wijk 19 Vruchtenbuurt_2022-07-06.json,TheHague3D_batch_06_Wijk 19 Vruchtenbuurt_2022-07-06.json:bag_0518100000215478,n_vertices,48
non_positive_volume,Source A,TheHague3D_batch_06_Wijk 19 Vruchtenbuurt_2022-07-06.json,TheHague3D_batch_06_Wijk 19 Vruchtenbuurt_2022-07-06.json:bag_0518100000302123,n_vertices,81
non_positive_volume,Source A,TheHague3D_batch_06_Wijk 19 Vruchtenbuurt_2022-07-06.json,TheHague3D_batch_06_Wijk 19 Vruchtenbuurt_2022-07-06.json:bag_0518100000231248,n_vertices,44
non_positive_volume,Source A,TheHague3D_batch_06_Wijk 19 Vruchtenbuurt_2022-07-06.json,TheHague3D_batch_06_Wijk 19 Vruchtenbuurt_2022-07-06.json:bag_0518100001770401,n_vertices,12
non_positive_volume,Source A,TheHague3D_batch_06_Wijk 20 Valkenboskwartier_2022-06-21.json,TheHague3D_batch_06_Wijk 20 Valkenboskwartier_2022-06-21.json:bag_0518100000343582,n_vertices,48
non_positive_volume,Source A,TheHague3D_batch_06_Wijk 20 Valkenboskwartier_2022-06-21.json,TheHague3D_batch_06_Wijk 20 Valkenboskwartier_2022-06-21.json:bag_0518100000341124,n_vertices,62
non_positive_volume,Source A,TheHague3D_batch_06_Wijk 20 Valkenboskwartier_2022-06-21.json,TheHague3D_batch_06_Wijk 20 Valkenboskwartier_2022-06-21.json:bag_0518100000234894,n_vertices,52
non_positive_volume,Source A,TheHague3D_batch_06_Wijk 20 Valkenboskwartier_2022-06-21.json,TheHague3D_batch_06_Wijk 20 Valkenboskwartier_2022-06-21.json:bag_0518100000278810,n_vertices,12
non_positive_volume,Source A,TheHague3D_batch_06_Wijk 20 Valkenboskwartier_2022-06-21.json,TheHague3D_batch_06_Wijk 20 Valkenboskwartier_2022-06-21.json:bag_0518100000298868,n_vertices,28
non_positive_volume,Source A,TheHague3D_batch_06_Wijk 20 Valkenboskwartier_2022-06-21.json,TheHague3D_batch_06_Wijk 20 Valkenboskwartier_2022-06-21.json:bag_0518100000323630,n_vertices,43
non_positive_volume,Source A,TheHague3D_batch_06_Wijk 20 Valkenboskwartier_2022-06-21.json,TheHague3D_batch_06_Wijk 20 Valkenboskwartier_2022-06-21.json:bag_0518100000334360,n_vertices,50
non_positive_volume,Source A,TheHague3D_batch_06_Wijk 20 Valkenboskwartier_2022-06-21.json,TheHague3D_batch_06_Wijk 20 Valkenboskwartier_2022-06-21.json:bag_0518100000282733,n_vertices,54
non_positive_volume,Source A,TheHague3D_batch_06_Wijk 20 Valkenboskwartier_2022-06-21.json,TheHague3D_batch_06_Wijk 20 Valkenboskwartier_2022-06-21.json:bag_0518100000302790,n_vertices,59
non_positive_volume,Source A,TheHague3D_batch_06_Wijk 20 Valkenboskwartier_2022-06-21.json,TheHague3D_batch_06_Wijk 20 Valkenboskwartier_2022-06-21.json:bag_0518100000282801,n_vertices,218
non_positive_volume,Source A,TheHague3D_batch_06_Wijk 20 Valkenboskwartier_2022-06-21.json,TheHague3D_batch_06_Wijk 20 Valkenboskwartier_2022-06-21.json:bag_0518100000206188,n_vertices,75
non_positive_volume,Source A,TheHague3D_batch_06_Wijk 20 Valkenboskwartier_2022-06-21.json,TheHague3D_batch_06_Wijk 20 Valkenboskwartier_2022-06-21.json:bag_0518100000213003,n_vertices,84
non_positive_volume,Source A,TheHague3D_batch_06_Wijk 21 Regentessekwartier_2022-06-21.json,TheHague3D_batch_06_Wijk 21 Regentessekwartier_2022-06-21.json:bag_0518100000281408,n_vertices,90
non_positive_volume,Source A,TheHague3D_batch_06_Wijk 21 Regentessekwartier_2022-06-21.json,TheHague3D_batch_06_Wijk 21 Regentessekwartier_2022-06-21.json:bag_0518100000235872,n_vertices,75
non_positive_volume,Source A,TheHague3D_batch_06_Wijk 21 Regentessekwartier_2022-06-21.json,TheHague3D_batch_06_Wijk 21 Regentessekwartier_2022-06-21.json:bag_0518100000203563,n_vertices,50
non_positive_volume,Source A,TheHague3D_batch_06_Wijk 21 Regentessekwartier_2022-06-21.json,TheHague3D_batch_06_Wijk 21 Regentessekwartier_2022-06-21.json:bag_0518100000299723,n_vertices,116
non_positive_volume,Source A,TheHague3D_batch_06_Wijk 21 Regentessekwartier_2022-06-21.json,TheHague3D_batch_06_Wijk 21 Regentessekwartier_2022-06-21.json:bag_0518100000226015,n_vertices,56
non_positive_volume,Source A,TheHague3D_batch_06_Wijk 21 Regentessekwartier_2022-06-21.json,TheHague3D_batch_06_Wijk 21 Regentessekwartier_2022-06-21.json:bag_0518100000309601,n_vertices,90
non_positive_volume,Source A,TheHague3D_batch_06_Wijk 21 Regentessekwartier_2022-06-21.json,TheHague3D_batch_06_Wijk 21 Regentessekwartier_2022-06-21.json:bag_0518100000270330,n_vertices,76
non_positive_volume,Source A,TheHague3D_batch_06_Wijk 21 Regentessekwartier_2022-06-21.json,TheHague3D_batch_06_Wijk 21 Regentessekwartier_2022-06-21.json:bag_0518100000227257,n_vertices,48
non_positive_volume,Source A,TheHague3D_batch_06_Wijk 21 Regentessekwartier_2022-06-21.json,TheHague3D_batch_06_Wijk 21 Regentessekwartier_2022-06-21.json:bag_0518100000272994,n_vertices,79
non_positive_volume,Source A,TheHague3D_batch_06_Wijk 21 Regentessekwartier_2022-06-21.json,TheHague3D_batch_06_Wijk 21 Regentessekwartier_2022-06-21.json:bag_0518100000208387,n_vertices,82
non_positive_volume,Source A,TheHague3D_batch_06_Wijk 21 Regentessekwartier_2022-06-21.json,TheHague3D_batch_06_Wijk 21 Regentessekwartier_2022-06-21.json:bag_0518100000212012,n_vertices,86
non_positive_volume,Source A,TheHague3D_batch_06_Wijk 21 Regentessekwartier_2022-06-21.json,TheHague3D_batch_06_Wijk 21 Regentessekwartier_2022-06-21.json:bag_0518100000231338,n_vertices,101
non_positive_volume,Source A,TheHague3D_batch_06_Wijk 21 Regentessekwartier_2022-06-21.json,TheHague3D_batch_06_Wijk 21 Regentessekwartier_2022-06-21.json:bag_0518100000237103,n_vertices,74
non_positive_volume,Source A,TheHague3D_batch_06_Wijk 21 Regentessekwartier_2022-06-21.json,TheHague3D_batch_06_Wijk 21 Regentessekwartier_2022-06-21.json:bag_0518100000229075,n_vertices,82
non_positive_volume,Source A,TheHague3D_batch_06_Wijk 21 Regentessekwartier_2022-06-21.json,TheHague3D_batch_06_Wijk 21 Regentessekwartier_2022-06-21.json:bag_0518100000218142,n_vertices,88
non_positive_volume,Source A,TheHague3D_batch_06_Wijk 21 Regentessekwartier_2022-06-21.json,TheHague3D_batch_06_Wijk 21 Regentessekwartier_2022-06-21.json:bag_0518100000284487,n_vertices,95
non_positive_volume,Source A,TheHague3D_batch_06_Wijk 21 Regentessekwartier_2022-06-21.json,TheHague3D_batch_06_Wijk 21 Regentessekwartier_2022-06-21.json:bag_0518100000216570,n_vertices,115
non_positive_volume,Source A,TheHague3D_batch_06_Wijk 21 Regentessekwartier_2022-06-21.json,TheHague3D_batch_06_Wijk 21 Regentessekwartier_2022-06-21.json:bag_0518100000242240,n_vertices,93
non_positive_volume,Source A,TheHague3D_batch_06_Wijk 21 Regentessekwartier_2022-06-21.json,TheHague3D_batch_06_Wijk 21 Regentessekwartier_2022-06-21.json:bag_0518100000337932,n_vertices,82
non_positive_volume,Source A,TheHague3D_batch_06_Wijk 21 Regentessekwartier_2022-06-21.json,TheHague3D_batch_06_Wijk 21 Regentessekwartier_2022-06-21.json:bag_0518100000213268,n_vertices,131
non_positive_volume,Source A,TheHague3D_batch_06_Wijk 21 Regentessekwartier_2022-06-21.json,TheHague3D_batch_06_Wijk 21 Regentessekwartier_2022-06-21.json:bag_0518100000285483,n_vertices,58
non_positive_volume,Source A,TheHague3D_batch_06_Wijk 21 Regentessekwartier_2022-06-21.json,TheHague3D_batch_06_Wijk 21 Regentessekwartier_2022-06-21.json:bag_0518100000284649,n_vertices,87
non_positive_volume,Source A,TheHague3D_batch_06_Wijk 21 Regentessekwartier_2022-06-21.json,TheHague3D_batch_06_Wijk 21 Regentessekwartier_2022-06-21.json:bag_0518100000276636,n_vertices,85
non_positive_volume,Source A,TheHague3D_batch_06_Wijk 21 Regentessekwartier_2022-06-21.json,TheHague3D_batch_06_Wijk 21 Regentessekwartier_2022-06-21.json:bag_0518100000285783,n_vertices,61
non_positive_volume,Source A,TheHague3D_batch_06_Wijk 21 Regentessekwartier_2022-06-21.json,TheHague3D_batch_06_Wijk 21 Regentessekwartier_2022-06-21.json:bag_0518100000210388,n_vertices,83
non_positive_volume,Source A,TheHague3D_batch_06_Wijk 21 Regentessekwartier_2022-06-21.json,TheHague3D_batch_06_Wijk 21 Regentessekwartier_2022-06-21.json:bag_0518100000344919,n_vertices,56
non_positive_volume,Source A,TheHague3D_batch_06_Wijk 21 Regentessekwartier_2022-06-21.json,TheHague3D_batch_06_Wijk 21 Regentessekwartier_2022-06-21.json:bag_0518100000209782,n_vertices,58
non_positive_volume,Source A,TheHague3D_batch_06_Wijk 21 Regentessekwartier_2022-06-21.json,TheHague3D_batch_06_Wijk 21 Regentessekwartier_2022-06-21.json:bag_0518100000324318,n_vertices,85
non_positive_volume,Source A,TheHague3D_batch_06_Wijk 21 Regentessekwartier_2022-06-21.json,TheHague3D_batch_06_Wijk 21 Regentessekwartier_2022-06-21.json:bag_0518100000296749,n_vertices,51
non_positive_volume,Source A,TheHague3D_batch_06_Wijk 21 Regentessekwartier_2022-06-21.json,TheHague3D_batch_06_Wijk 21 Regentessekwartier_2022-06-21.json:bag_0518100000229726,n_vertices,45
non_positive_volume,Source A,TheHague3D_batch_06_Wijk 21 Regentessekwartier_2022-06-21.json,TheHague3D_batch_06_Wijk 21 Regentessekwartier_2022-06-21.json:bag_0518100000295460,n_vertices,78
non_positive_volume,Source A,TheHague3D_batch_06_Wijk 21 Regentessekwartier_2022-06-21.json,TheHague3D_batch_06_Wijk 21 Regentessekwartier_2022-06-21.json:bag_0518100000224024,n_vertices,74
non_positive_volume,Source A,TheHague3D_batch_06_Wijk 21 Regentessekwartier_2022-06-21.json,TheHague3D_batch_06_Wijk 21 Regentessekwartier_2022-06-21.json:bag_0518100000249553,n_vertices,82
non_positive_volume,Source A,TheHague3D_batch_06_Wijk 21 Regentessekwartier_2022-06-21.json,TheHague3D_batch_06_Wijk 21 Regentessekwartier_2022-06-21.json:bag_0518100000322320,n_vertices,135
non_positive_volume,Source A,TheHague3D_batch_06_Wijk 21 Regentessekwartier_2022-06-21.json,TheHague3D_batch_06_Wijk 21 Regentessekwartier_2022-06-21.json:bag_0518100000275273,n_vertices,147
non_positive_volume,Source A,TheHague3D_batch_06_Wijk 21 Regentessekwartier_2022-06-21.json,TheHague3D_batch_06_Wijk 21 Regentessekwartier_2022-06-21.json:bag_0518100000240484,n_vertices,40
non_positive_volume,Source A,TheHague3D_batch_06_Wijk 21 Regentessekwartier_2022-06-21.json,TheHague3D_batch_06_Wijk 21 Regentessekwartier_2022-06-21.json:bag_0518100000275584,n_vertices,131
non_positive_volume,Source A,TheHague3D_batch_06_Wijk 25 Mariahoeve en Marlot_2022-06-21.json,TheHague3D_batch_06_Wijk 25 Mariahoeve en Marlot_2022-06-21.json:bag_0518100000208754,n_vertices,75
non_positive_volume,Source A,TheHague3D_batch_06_Wijk 25 Mariahoeve en Marlot_2022-06-21.json,TheHague3D_batch_06_Wijk 25 Mariahoeve en Marlot_2022-06-21.json:bag_0518100000324438,n_vertices,80
non_positive_volume,Source A,TheHague3D_batch_06_Wijk 25 Mariahoeve en Marlot_2022-06-21.json,TheHague3D_batch_06_Wijk 25 Mariahoeve en Marlot_2022-06-21.json:bag_0518100000221524,n_vertices,97
non_positive_volume,Source A,TheHague3D_batch_06_Wijk 25 Mariahoeve en Marlot_2022-06-21.json,TheHague3D_batch_06_Wijk 25 Mariahoeve en Marlot_2022-06-21.json:bag_0518100000206970,n_vertices,61
non_positive_volume,Source A,TheHague3D_batch_06_Wijk 25 Mariahoeve en Marlot_2022-06-21.json,TheHague3D_batch_06_Wijk 25 Mariahoeve en Marlot_2022-06-21.json:bag_0518100000249645,n_vertices,337
non_positive_volume,Source A,TheHague3D_batch_06_Wijk 25 Mariahoeve en Marlot_2022-06-21.json,TheHague3D_batch_06_Wijk 25 Mariahoeve en Marlot_2022-06-21.json:bag_0518100000277060,n_vertices,105
non_positive_volume,Source A,TheHague3D_batch_06_Wijk 25 Mariahoeve en Marlot_2022-06-21.json,TheHague3D_batch_06_Wijk 25 Mariahoeve en Marlot_2022-06-21.json:bag_0518100000225139,n_vertices,67
non_positive_volume,Source A,TheHague3D_batch_06_Wijk 25 Mariahoeve en Marlot_2022-06-21.json,TheHague3D_batch_06_Wijk 25 Mariahoeve en Marlot_2022-06-21.json:bag_0518100000336936,n_vertices,30
non_positive_volume,Source A,TheHague3D_batch_06_Wijk 25 Mariahoeve en Marlot_2022-06-21.json,TheHague3D_batch_06_Wijk 25 Mariahoeve en Marlot_2022-06-21.json:bag_0518100000239324,n_vertices,194
non_positive_volume,Source A,TheHague3D_batch_06_Wijk 25 Mariahoeve en Marlot_2022-06-21.json,TheHague3D_batch_06_Wijk 25 Mariahoeve en Marlot_2022-06-21.json:bag_0518100000334203,n_vertices,499
non_positive_volume,Source A,TheHague3D_batch_06_Wijk 25 Mariahoeve en Marlot_2022-06-21.json,TheHague3D_batch_06_Wijk 25 Mariahoeve en Marlot_2022-06-21.json:bag_0518100000320974,n_vertices,211
non_positive_volume,Source A,TheHague3D_batch_06_Wijk 31 Rustenburg en Oostbr_2022-06-21.json,TheHague3D_batch_06_Wijk 31 Rustenburg en Oostbr_2022-06-21.json:bag_0518100000324498,n_vertices,53
non_positive_volume,Source A,TheHague3D_batch_06_Wijk 32 Leyenburg_2022-06-21.json,TheHague3D_batch_06_Wijk 32 Leyenburg_2022-06-21.json:bag_0518100001669937,n_vertices,20
non_positive_volume,Source A,TheHague3D_batch_06_Wijk 32 Leyenburg_2022-06-21.json,TheHague3D_batch_06_Wijk 32 Leyenburg_2022-06-21.json:bag_0518100000348624,n_vertices,36
non_positive_volume,Source A,TheHague3D_batch_06_Wijk 32 Leyenburg_2022-06-21.json,TheHague3D_batch_06_Wijk 32 Leyenburg_2022-06-21.json:bag_0518100000238130,n_vertices,39
non_positive_volume,Source A,TheHague3D_batch_06_Wijk 32 Leyenburg_2022-06-21.json,TheHague3D_batch_06_Wijk 32 Leyenburg_2022-06-21.json:bag_0518100000305214,n_vertices,107
non_positive_volume,Source A,TheHague3D_Batch_07_Bohemen en Meer en Bos_2022-08-08.json,TheHague3D_Batch_07_Bohemen en Meer en Bos_2022-08-08.json:bag_0518100000346193,n_vertices,16
non_positive_volume,Source A,TheHague3D_Batch_07_Bohemen en Meer en Bos_2022-08-08.json,TheHague3D_Batch_07_Bohemen en Meer en Bos_2022-08-08.json:bag_0518100001769222,n_vertices,20
non_positive_volume,Source A,TheHague3D_Batch_07_Kraayenstein en de Uithof_2022-08-08.json,TheHague3D_Batch_07_Kraayenstein en de Uithof_2022-08-08.json:bag_0518100000303219,n_vertices,40
non_positive_volume,Source A,TheHague3D_Batch_07_Kraayenstein en de Uithof_2022-08-08.json,TheHague3D_Batch_07_Kraayenstein en de Uithof_2022-08-08.json:bag_0518100001745363,n_vertices,69
non_positive_volume,Source A,TheHague3D_Batch_07_Kraayenstein en de Uithof_2022-08-08.json,TheHague3D_Batch_07_Kraayenstein en de Uithof_2022-08-08.json:bag_0518100000238850,n_vertices,42
non_positive_volume,Source A,TheHague3D_Batch_07_Kraayenstein en de Uithof_2022-08-08.json,TheHague3D_Batch_07_Kraayenstein en de Uithof_2022-08-08.json:bag_0518100001758248,n_vertices,30
non_positive_volume,Source A,TheHague3D_Batch_07_Kraayenstein en de Uithof_2022-08-08.json,TheHague3D_Batch_07_Kraayenstein en de Uithof_2022-08-08.json:bag_0518100000289046,n_vertices,90
non_positive_volume,Source A,TheHague3D_Batch_07_Kraayenstein en de Uithof_2022-08-08.json,TheHague3D_Batch_07_Kraayenstein en de Uithof_2022-08-08.json:bag_0518100001761380,n_vertices,124
non_positive_volume,Source A,TheHague3D_Batch_07_Kraayenstein en de Uithof_2022-08-08.json,TheHague3D_Batch_07_Kraayenstein en de Uithof_2022-08-08.json:bag_0518100001756109,n_vertices,69
non_positive_volume,Source A,TheHague3D_Batch_07_Kraayenstein en de Uithof_2022-08-08.json,TheHague3D_Batch_07_Kraayenstein en de Uithof_2022-08-08.json:bag_0518100000350265,n_vertices,24
non_positive_volume,Source A,TheHague3D_Batch_07_Kraayenstein en de Uithof_2022-08-08.json,TheHague3D_Batch_07_Kraayenstein en de Uithof_2022-08-08.json:bag_0518100001756104,n_vertices,54
non_positive_volume,Source A,TheHague3D_Batch_07_Loosduinen_2022-08-08.json,TheHague3D_Batch_07_Loosduinen_2022-08-08.json:bag_0518100000334561,n_vertices,21
non_positive_volume,Source A,TheHague3D_Batch_07_Loosduinen_2022-08-08.json,TheHague3D_Batch_07_Loosduinen_2022-08-08.json:bag_0518100000342846,n_vertices,27
non_positive_volume,Source A,TheHague3D_Batch_07_Loosduinen_2022-08-08.json,TheHague3D_Batch_07_Loosduinen_2022-08-08.json:bag_0518100000228990,n_vertices,42
non_positive_volume,Source A,TheHague3D_Batch_07_Loosduinen_2022-08-08.json,TheHague3D_Batch_07_Loosduinen_2022-08-08.json:bag_0518100000207998,n_vertices,29
non_positive_volume,Source A,TheHague3D_Batch_07_Loosduinen_2022-08-08.json,TheHague3D_Batch_07_Loosduinen_2022-08-08.json:bag_0518100000226117,n_vertices,26
non_positive_volume,Source A,TheHague3D_Batch_07_Loosduinen_2022-08-08.json,TheHague3D_Batch_07_Loosduinen_2022-08-08.json:bag_0518100000278797,n_vertices,76
non_positive_volume,Source A,TheHague3D_Batch_07_Loosduinen_2022-08-08.json,TheHague3D_Batch_07_Loosduinen_2022-08-08.json:bag_0518100000219401,n_vertices,27
non_positive_volume,Source A,TheHague3D_Batch_07_Loosduinen_2022-08-08.json,TheHague3D_Batch_07_Loosduinen_2022-08-08.json:bag_0518100000289481,n_vertices,25
non_positive_volume,Source A,TheHague3D_Batch_07_Loosduinen_2022-08-08.json,TheHague3D_Batch_07_Loosduinen_2022-08-08.json:bag_0518100000347034,n_vertices,38
non_positive_volume,Source A,TheHague3D_Batch_07_Loosduinen_2022-08-08.json,TheHague3D_Batch_07_Loosduinen_2022-08-08.json:bag_0518100001665907,n_vertices,44
non_positive_volume,Source A,TheHague3D_Batch_07_Loosduinen_2022-08-08.json,TheHague3D_Batch_07_Loosduinen_2022-08-08.json:bag_0518100000219072,n_vertices,73
non_positive_volume,Source A,TheHague3D_Batch_07_Waldeck_2022-08-08.json,TheHague3D_Batch_07_Waldeck_2022-08-08.json:bag_0518100000308689,n_vertices,51
non_positive_volume,Source A,TheHague3D_Batch_07_Waldeck_2022-08-08.json,TheHague3D_Batch_07_Waldeck_2022-08-08.json:bag_0518100000321097,n_vertices,61
non_positive_volume,Source A,TheHague3D_Batch_07_Waldeck_2022-08-08.json,TheHague3D_Batch_07_Waldeck_2022-08-08.json:bag_0518100000284971,n_vertices,63
non_positive_volume,Source A,TheHague3D_Batch_07_Waldeck_2022-08-08.json,TheHague3D_Batch_07_Waldeck_2022-08-08.json:bag_0518100000208725,n_vertices,45
non_positive_volume,Source A,TheHague3D_Batch_07_Waldeck_2022-08-08.json,TheHague3D_Batch_07_Waldeck_2022-08-08.json:bag_0518100000338763,n_vertices,43
non_positive_volume,Source A,TheHague3D_Batch_07_Waldeck_2022-08-08.json,TheHague3D_Batch_07_Waldeck_2022-08-08.json:bag_0518100000238057,n_vertices,43
non_positive_volume,Source A,TheHague3D_Batch_07_Waldeck_2022-08-08.json,TheHague3D_Batch_07_Waldeck_2022-08-08.json:bag_0518100000289526,n_vertices,39
non_positive_volume,Source A,TheHague3D_Batch_07_Waldeck_2022-08-08.json,TheHague3D_Batch_07_Waldeck_2022-08-08.json:bag_0518100000322475,n_vertices,49
non_positive_volume,Source A,TheHague3D_Batch_07_Waldeck_2022-08-08.json,TheHague3D_Batch_07_Waldeck_2022-08-08.json:bag_0518100000289624,n_vertices,54
non_positive_volume,Source A,TheHague3D_Batch_07_Waldeck_2022-08-08.json,TheHague3D_Batch_07_Waldeck_2022-08-08.json:bag_0518100000225780,n_vertices,43
non_positive_volume,Source A,TheHague3D_Batch_07_Waldeck_2022-08-08.json,TheHague3D_Batch_07_Waldeck_2022-08-08.json:bag_0518100000241082,n_vertices,180
non_positive_volume,Source A,TheHague3D_Batch_07_Waldeck_2022-08-08.json,TheHague3D_Batch_07_Waldeck_2022-08-08.json:bag_0518100000259809,n_vertices,12
non_positive_volume,Source A,TheHague3D_Batch_07_Waldeck_2022-08-08.json,TheHague3D_Batch_07_Waldeck_2022-08-08.json:bag_0518100000238073,n_vertices,68
non_positive_volume,Source A,TheHague3D_Batch_07_Waldeck_2022-08-08.json,TheHague3D_Batch_07_Waldeck_2022-08-08.json:bag_0518100000317594,n_vertices,52
non_positive_volume,Source A,TheHague3D_Batch_07_Waldeck_2022-08-08.json,TheHague3D_Batch_07_Waldeck_2022-08-08.json:bag_0518100000341493,n_vertices,65
non_positive_volume,Source A,TheHague3D_Batch_07_Waldeck_2022-08-08.json,TheHague3D_Batch_07_Waldeck_2022-08-08.json:bag_0518100000238056,n_vertices,43
non_positive_volume,Source A,TheHague3D_Batch_07_Waldeck_2022-08-08.json,TheHague3D_Batch_07_Waldeck_2022-08-08.json:bag_0518100000344114,n_vertices,70
non_positive_volume,Source A,TheHague3D_Batch_07_Waldeck_2022-08-08.json,TheHague3D_Batch_07_Waldeck_2022-08-08.json:bag_0518100000339348,n_vertices,45
non_positive_volume,Source A,TheHague3D_Batch_07_Waldeck_2022-08-08.json,TheHague3D_Batch_07_Waldeck_2022-08-08.json:bag_0518100000217899,n_vertices,93
non_positive_volume,Source A,TheHague3D_Batch_07_Waldeck_2022-08-08.json,TheHague3D_Batch_07_Waldeck_2022-08-08.json:bag_0518100000206953,n_vertices,51
non_positive_volume,Source A,TheHague3D_Batch_07_Waldeck_2022-08-08.json,TheHague3D_Batch_07_Waldeck_2022-08-08.json:bag_0518100000325850,n_vertices,43
non_positive_volume,Source A,TheHague3D_Batch_07_Waldeck_2022-08-08.json,TheHague3D_Batch_07_Waldeck_2022-08-08.json:bag_0518100000286600,n_vertices,50
non_positive_volume,Source A,TheHague3D_Batch_07_Waldeck_2022-08-08.json,TheHague3D_Batch_07_Waldeck_2022-08-08.json:bag_0518100000342865,n_vertices,50
non_positive_volume,Source A,TheHague3D_Batch_07_Waldeck_2022-08-08.json,TheHague3D_Batch_07_Waldeck_2022-08-08.json:bag_0518100000225779,n_vertices,49
non_positive_volume,Source A,TheHague3D_Batch_07_Waldeck_2022-08-08.json,TheHague3D_Batch_07_Waldeck_2022-08-08.json:bag_0518100000306774,n_vertices,112
non_positive_volume,Source A,TheHague3D_Batch_07_Waldeck_2022-08-08.json,TheHague3D_Batch_07_Waldeck_2022-08-08.json:bag_0518100000341279,n_vertices,90
non_positive_volume,Source A,TheHague3D_Batch_07_Waldeck_2022-08-08.json,TheHague3D_Batch_07_Waldeck_2022-08-08.json:bag_0518100000222556,n_vertices,58
non_positive_volume,Source A,TheHague3D_Batch_07_Waldeck_2022-08-08.json,TheHague3D_Batch_07_Waldeck_2022-08-08.json:bag_0518100000239330,n_vertices,231
non_positive_volume,Source A,TheHague3D_Batch_07_Waldeck_2022-08-08.json,TheHague3D_Batch_07_Waldeck_2022-08-08.json:bag_0518100000319756,n_vertices,43
non_positive_volume,Source A,TheHague3D_Batch_07_Wateringse_Veld_2022-08-08.json,TheHague3D_Batch_07_Wateringse_Veld_2022-08-08.json:bag_0518100000339408,n_vertices,31
non_positive_volume,Source A,TheHague3D_Batch_07_Wateringse_Veld_2022-08-08.json,TheHague3D_Batch_07_Wateringse_Veld_2022-08-08.json:bag_0518100000348035,n_vertices,30
non_positive_volume,Source A,TheHague3D_Batch_07_Wateringse_Veld_2022-08-08.json,TheHague3D_Batch_07_Wateringse_Veld_2022-08-08.json:bag_0518100000242154,n_vertices,22
non_positive_volume,Source A,TheHague3D_Batch_07_Wateringse_Veld_2022-08-08.json,TheHague3D_Batch_07_Wateringse_Veld_2022-08-08.json:bag_0518100000280561,n_vertices,20
non_positive_volume,Source A,TheHague3D_Batch_07_Wateringse_Veld_2022-08-08.json,TheHague3D_Batch_07_Wateringse_Veld_2022-08-08.json:bag_0518100001635046,n_vertices,44
non_positive_volume,Source A,TheHague3D_Batch_07_Wateringse_Veld_2022-08-08.json,TheHague3D_Batch_07_Wateringse_Veld_2022-08-08.json:bag_0518100000221506,n_vertices,103
non_positive_volume,Source A,TheHague3D_Batch_07_Wateringse_Veld_2022-08-08.json,TheHague3D_Batch_07_Wateringse_Veld_2022-08-08.json:bag_0518100000318341,n_vertices,30
non_positive_volume,Source A,TheHague3D_Batch_07_Wateringse_Veld_2022-08-08.json,TheHague3D_Batch_07_Wateringse_Veld_2022-08-08.json:bag_0518100001634992,n_vertices,37
non_positive_volume,Source A,TheHague3D_Batch_07_Wateringse_Veld_2022-08-08.json,TheHague3D_Batch_07_Wateringse_Veld_2022-08-08.json:bag_0518100001634980,n_vertices,53
non_positive_volume,Source A,TheHague3D_Batch_07_Wateringse_Veld_2022-08-08.json,TheHague3D_Batch_07_Wateringse_Veld_2022-08-08.json:bag_0518100000215708,n_vertices,28
non_positive_volume,Source A,TheHague3D_Batch_07_Wateringse_Veld_2022-08-08.json,TheHague3D_Batch_07_Wateringse_Veld_2022-08-08.json:bag_0518100000232610,n_vertices,46
non_positive_volume,Source A,TheHague3D_Batch_07_Wateringse_Veld_2022-08-08.json,TheHague3D_Batch_07_Wateringse_Veld_2022-08-08.json:bag_0518100001755526,n_vertices,67
non_positive_volume,Source A,TheHague3D_Batch_07_Wateringse_Veld_2022-08-08.json,TheHague3D_Batch_07_Wateringse_Veld_2022-08-08.json:bag_0518100001737716,n_vertices,27
non_positive_volume,Source A,TheHague3D_Batch_07_Wateringse_Veld_2022-08-08.json,TheHague3D_Batch_07_Wateringse_Veld_2022-08-08.json:bag_0518100000228951,n_vertices,51
non_positive_volume,Source A,TheHague3D_Batch_07_Wateringse_Veld_2022-08-08.json,TheHague3D_Batch_07_Wateringse_Veld_2022-08-08.json:bag_0518100001634977,n_vertices,39
non_positive_volume,Source A,TheHague3D_Batch_07_Wateringse_Veld_2022-08-08.json,TheHague3D_Batch_07_Wateringse_Veld_2022-08-08.json:bag_0518100001755508,n_vertices,58
non_positive_volume,Source A,TheHague3D_Batch_07_Wateringse_Veld_2022-08-08.json,TheHague3D_Batch_07_Wateringse_Veld_2022-08-08.json:bag_0518100000220830,n_vertices,30
non_positive_volume,Source A,TheHague3D_Batch_07_Wateringse_Veld_2022-08-08.json,TheHague3D_Batch_07_Wateringse_Veld_2022-08-08.json:bag_0518100001747886,n_vertices,61
non_positive_volume,Source A,TheHague3D_Batch_07_Wateringse_Veld_2022-08-08.json,TheHague3D_Batch_07_Wateringse_Veld_2022-08-08.json:bag_0518100001755608,n_vertices,62
non_positive_volume,Source A,TheHague3D_Batch_07_Wateringse_Veld_2022-08-08.json,TheHague3D_Batch_07_Wateringse_Veld_2022-08-08.json:bag_0518100000320261,n_vertices,46
non_positive_volume,Source A,TheHague3D_Batch_07_Wateringse_Veld_2022-08-08.json,TheHague3D_Batch_07_Wateringse_Veld_2022-08-08.json:bag_0518100000288657,n_vertices,65
non_positive_volume,Source A,TheHague3D_Batch_07_Wateringse_Veld_2022-08-08.json,TheHague3D_Batch_07_Wateringse_Veld_2022-08-08.json:bag_0518100000323056,n_vertices,29
non_positive_volume,Source A,TheHague3D_Batch_07_Wateringse_Veld_2022-08-08.json,TheHague3D_Batch_07_Wateringse_Veld_2022-08-08.json:bag_0518100000317032,n_vertices,22
non_positive_volume,Source A,TheHague3D_Batch_07_Wateringse_Veld_2022-08-08.json,TheHague3D_Batch_07_Wateringse_Veld_2022-08-08.json:bag_0518100000328325,n_vertices,26
non_positive_volume,Source A,TheHague3D_Batch_07_Wateringse_Veld_2022-08-08.json,TheHague3D_Batch_07_Wateringse_Veld_2022-08-08.json:bag_0518100000236788,n_vertices,31
non_positive_volume,Source A,TheHague3D_Batch_07_Wateringse_Veld_2022-08-08.json,TheHague3D_Batch_07_Wateringse_Veld_2022-08-08.json:bag_0518100000348657,n_vertices,19
non_positive_volume,Source A,TheHague3D_Batch_07_Wateringse_Veld_2022-08-08.json,TheHague3D_Batch_07_Wateringse_Veld_2022-08-08.json:bag_0518100001635043,n_vertices,25
non_positive_volume,Source A,TheHague3D_Batch_07_Wateringse_Veld_2022-08-08.json,TheHague3D_Batch_07_Wateringse_Veld_2022-08-08.json:bag_0518100000306515,n_vertices,68
non_positive_volume,Source A,TheHague3D_Batch_08_Forepark_2022-08-08.json,TheHague3D_Batch_08_Forepark_2022-08-08.json:bag_0518100000268747,n_vertices,280
non_positive_volume,Source A,TheHague3D_Batch_08_Hoornwijk_2022-08-08.json,TheHague3D_Batch_08_Hoornwijk_2022-08-08.json:bag_0518100000348652,n_vertices,42
non_positive_volume,Source A,TheHague3D_Batch_08_Leidschenveen_2022-08-08.json,TheHague3D_Batch_08_Leidschenveen_2022-08-08.json:bag_0518100000279502,n_vertices,70
non_positive_volume,Source A,TheHague3D_Batch_08_Leidschenveen_2022-08-08.json,TheHague3D_Batch_08_Leidschenveen_2022-08-08.json:bag_0518100000252269,n_vertices,29
non_positive_volume,Source A,TheHague3D_Batch_08_Leidschenveen_2022-08-08.json,TheHague3D_Batch_08_Leidschenveen_2022-08-08.json:bag_0518100000215367,n_vertices,53
non_positive_volume,Source A,TheHague3D_Batch_08_Leidschenveen_2022-08-08.json,TheHague3D_Batch_08_Leidschenveen_2022-08-08.json:bag_0518100000316362,n_vertices,32
non_positive_volume,Source A,TheHague3D_Batch_08_Leidschenveen_2022-08-08.json,TheHague3D_Batch_08_Leidschenveen_2022-08-08.json:bag_0518100000240129,n_vertices,42
non_positive_volume,Source A,TheHague3D_Batch_08_Leidschenveen_2022-08-08.json,TheHague3D_Batch_08_Leidschenveen_2022-08-08.json:bag_0518100000337199,n_vertices,65
non_positive_volume,Source A,TheHague3D_Batch_08_Leidschenveen_2022-08-08.json,TheHague3D_Batch_08_Leidschenveen_2022-08-08.json:bag_0518100000218839,n_vertices,63
non_positive_volume,Source A,TheHague3D_Batch_08_Leidschenveen_2022-08-08.json,TheHague3D_Batch_08_Leidschenveen_2022-08-08.json:bag_0518100000300738,n_vertices,70
non_positive_volume,Source A,TheHague3D_Batch_08_Leidschenveen_2022-08-08.json,TheHague3D_Batch_08_Leidschenveen_2022-08-08.json:bag_0518100000301217,n_vertices,30
non_positive_volume,Source A,TheHague3D_Batch_08_Leidschenveen_2022-08-08.json,TheHague3D_Batch_08_Leidschenveen_2022-08-08.json:bag_0518100001762114,n_vertices,12
non_positive_volume,Source A,TheHague3D_Batch_08_Leidschenveen_2022-08-08.json,TheHague3D_Batch_08_Leidschenveen_2022-08-08.json:bag_0518100000215484,n_vertices,32
non_positive_volume,Source A,TheHague3D_Batch_08_Leidschenveen_2022-08-08.json,TheHague3D_Batch_08_Leidschenveen_2022-08-08.json:bag_0518100000301526,n_vertices,58
non_positive_volume,Source A,TheHague3D_Batch_08_Leidschenveen_2022-08-08.json,TheHague3D_Batch_08_Leidschenveen_2022-08-08.json:bag_0518100000309785,n_vertices,51
non_positive_volume,Source A,TheHague3D_Batch_08_Leidschenveen_2022-08-08.json,TheHague3D_Batch_08_Leidschenveen_2022-08-08.json:bag_0518100000322255,n_vertices,62
non_positive_volume,Source A,TheHague3D_Batch_08_Leidschenveen_2022-08-08.json,TheHague3D_Batch_08_Leidschenveen_2022-08-08.json:bag_0518100000241344,n_vertices,64
non_positive_volume,Source A,TheHague3D_Batch_08_Leidschenveen_2022-08-08.json,TheHague3D_Batch_08_Leidschenveen_2022-08-08.json:bag_0518100000244349,n_vertices,24
non_positive_volume,Source A,TheHague3D_Batch_08_Leidschenveen_2022-08-08.json,TheHague3D_Batch_08_Leidschenveen_2022-08-08.json:bag_0518100000219826,n_vertices,54
non_positive_volume,Source A,TheHague3D_Batch_08_Ypenburg_2022-08-08.json,TheHague3D_Batch_08_Ypenburg_2022-08-08.json:bag_0518100000339506,n_vertices,77
non_positive_volume,Source A,TheHague3D_Batch_08_Ypenburg_2022-08-08.json,TheHague3D_Batch_08_Ypenburg_2022-08-08.json:bag_0518100000235878,n_vertices,44
non_positive_volume,Source A,TheHague3D_Batch_08_Ypenburg_2022-08-08.json,TheHague3D_Batch_08_Ypenburg_2022-08-08.json:bag_0518100000304164,n_vertices,27
non_positive_volume,Source A,TheHague3D_Batch_08_Ypenburg_2022-08-08.json,TheHague3D_Batch_08_Ypenburg_2022-08-08.json:bag_0518100000222057,n_vertices,68
non_positive_volume,Source A,TheHague3D_Batch_08_Ypenburg_2022-08-08.json,TheHague3D_Batch_08_Ypenburg_2022-08-08.json:bag_0518100000320064,n_vertices,58
non_positive_volume,Source A,TheHague3D_Batch_08_Ypenburg_2022-08-08.json,TheHague3D_Batch_08_Ypenburg_2022-08-08.json:bag_0518100000348061,n_vertices,10
non_positive_volume,Source A,TheHague3D_Batch_08_Ypenburg_2022-08-08.json,TheHague3D_Batch_08_Ypenburg_2022-08-08.json:bag_0518100000274312,n_vertices,50
non_positive_volume,Source A,TheHague3D_Batch_08_Ypenburg_2022-08-08.json,TheHague3D_Batch_08_Ypenburg_2022-08-08.json:bag_0518100000343087,n_vertices,38
non_positive_volume,Source B,10-232-568.city.json,10-232-568.city.json:NL.IMBAG.Pand.1783100000003664-0,n_vertices,67
non_positive_volume,Source B,10-232-570.city.json,10-232-570.city.json:NL.IMBAG.Pand.1783100000035195-0,n_vertices,42
non_positive_volume,Source B,10-256-598.city.json,10-256-598.city.json:NL.IMBAG.Pand.0518100000317660-2,n_vertices,99
non_positive_volume,Source B,10-258-588.city.json,10-258-588.city.json:NL.IMBAG.Pand.0518100000280429-0,n_vertices,48
non_positive_volume,Source B,10-258-596.city.json,10-258-596.city.json:NL.IMBAG.Pand.0518100001644873-0,n_vertices,205
non_positive_volume,Source B,10-260-588.city.json,10-260-588.city.json:NL.IMBAG.Pand.0518100000204777-0,n_vertices,79
non_positive_volume,Source B,10-260-600.city.json,10-260-600.city.json:NL.IMBAG.Pand.0518100000321427-0,n_vertices,120
non_positive_volume,Source B,10-260-602.city.json,10-260-602.city.json:NL.IMBAG.Pand.0518100000296923-0,n_vertices,93
non_positive_volume,Source B,10-262-568.city.json,10-262-568.city.json:NL.IMBAG.Pand.0518100000346277-0,n_vertices,64
non_positive_volume,Source B,10-262-588.city.json,10-262-588.city.json:NL.IMBAG.Pand.0518100000215093--1,n_vertices,11
non_positive_volume,Source B,10-262-588.city.json,10-262-588.city.json:NL.IMBAG.Pand.0518100000273526-0,n_vertices,100
non_positive_volume,Source B,10-262-590.city.json,10-262-590.city.json:NL.IMBAG.Pand.0518100000323835--1,n_vertices,15
non_positive_volume,Source B,10-262-596.city.json,10-262-596.city.json:NL.IMBAG.Pand.0518100000325404-0,n_vertices,420
non_positive_volume,Source B,10-262-598.city.json,10-262-598.city.json:NL.IMBAG.Pand.0518100000319149-0,n_vertices,1192
non_positive_volume,Source B,10-262-600.city.json,10-262-600.city.json:NL.IMBAG.Pand.0518100000216419-0,n_vertices,274
non_positive_volume,Source B,10-262-604.city.json,10-262-604.city.json:NL.IMBAG.Pand.0518100000275498-0,n_vertices,104
non_positive_volume,Source B,10-264-568.city.json,10-264-568.city.json:NL.IMBAG.Pand.0518100000338354-0,n_vertices,92
non_positive_volume,Source B,10-264-588.city.json,10-264-588.city.json:NL.IMBAG.Pand.0518100000302680-0,n_vertices,319
non_positive_volume,Source B,10-264-588.city.json,10-264-588.city.json:NL.IMBAG.Pand.0518100001647491-0,n_vertices,156
non_positive_volume,Source B,10-266-584.city.json,10-266-584.city.json:NL.IMBAG.Pand.0518100000322479-0,n_vertices,44
non_positive_volume,Source B,10-266-590.city.json,10-266-590.city.json:NL.IMBAG.Pand.0518100000326658-0,n_vertices,1519
non_positive_volume,Source B,10-266-592.city.json,10-266-592.city.json:NL.IMBAG.Pand.0518100000275885-0,n_vertices,94
non_positive_volume,Source B,10-266-594.city.json,10-266-594.city.json:NL.IMBAG.Pand.0518100000204076-0,n_vertices,16
non_positive_volume,Source B,10-266-606.city.json,10-266-606.city.json:NL.IMBAG.Pand.0518100000335184-0,n_vertices,42
non_positive_volume,Source B,10-268-588.city.json,10-268-588.city.json:NL.IMBAG.Pand.0518100000270295-0,n_vertices,161
non_positive_volume,Source B,10-268-590.city.json,10-268-590.city.json:NL.IMBAG.Pand.0518100000229038-0,n_vertices,150
non_positive_volume,Source B,10-268-590.city.json,10-268-590.city.json:NL.IMBAG.Pand.0518100000308106-0,n_vertices,94
non_positive_volume,Source B,10-268-592.city.json,10-268-592.city.json:NL.IMBAG.Pand.0518100000206818-0,n_vertices,139
non_positive_volume,Source B,10-268-594.city.json,10-268-594.city.json:NL.IMBAG.Pand.0518100000246722-0,n_vertices,215
non_positive_volume,Source B,10-268-596.city.json,10-268-596.city.json:NL.IMBAG.Pand.0518100000354858-0,n_vertices,170
non_positive_volume,Source B,10-270-588.city.json,10-270-588.city.json:NL.IMBAG.Pand.0518100000328708-0,n_vertices,273
non_positive_volume,Source B,10-270-594.city.json,10-270-594.city.json:NL.IMBAG.Pand.0518100000281633-0,n_vertices,133
non_positive_volume,Source B,10-270-594.city.json,10-270-594.city.json:NL.IMBAG.Pand.0518100000320502-0,n_vertices,365
non_positive_volume,Source B,10-270-596.city.json,10-270-596.city.json:NL.IMBAG.Pand.0518100000322431-0,n_vertices,62
non_positive_volume,Source B,10-270-598.city.json,10-270-598.city.json:NL.IMBAG.Pand.0518100000226198-0,n_vertices,2961
non_positive_volume,Source B,10-270-598.city.json,10-270-598.city.json:NL.IMBAG.Pand.0518100000242790-0,n_vertices,679
non_positive_volume,Source B,10-272-588.city.json,10-272-588.city.json:NL.IMBAG.Pand.0518100000298496-0,n_vertices,628
non_positive_volume,Source B,10-272-588.city.json,10-272-588.city.json:NL.IMBAG.Pand.0518100001629120-0,n_vertices,515
non_positive_volume,Source B,10-274-590.city.json,10-274-590.city.json:NL.IMBAG.Pand.0518100000321658-0,n_vertices,63
non_positive_volume,Source B,10-278-580.city.json,10-278-580.city.json:NL.IMBAG.Pand.0603100000012860-0,n_vertices,98
non_positive_volume,Source B,10-278-582.city.json,10-278-582.city.json:NL.IMBAG.Pand.0603100000010843-0,n_vertices,106
non_positive_volume,Source B,10-286-588.city.json,10-286-588.city.json:NL.IMBAG.Pand.1916100000089254-0,n_vertices,82
non_positive_volume,Source B,10-286-590.city.json,10-286-590.city.json:NL.IMBAG.Pand.1916100000089023-0,n_vertices,120
non_positive_volume,Source B,10-294-592.city.json,10-294-592.city.json:NL.IMBAG.Pand.1916100000101324-0,n_vertices,462
non_positive_volume,Source B,10-294-592.city.json,10-294-592.city.json:NL.IMBAG.Pand.1916100000115398-0,n_vertices,378
non_positive_volume,Source B,10-294-592.city.json,10-294-592.city.json:NL.IMBAG.Pand.1916100000363263-2,n_vertices,434
non_positive_volume,Source B,10-364-614.city.json,10-364-614.city.json:NL.IMBAG.Pand.0484100000045339-0,n_vertices,320
non_positive_volume,Source B,10-366-612.city.json,10-366-612.city.json:NL.IMBAG.Pand.0484100000012842-0,n_vertices,83
non_positive_volume,Source B,10-366-612.city.json,10-366-612.city.json:NL.IMBAG.Pand.0484100000050092-0,n_vertices,219
non_positive_volume,Source B,10-366-614.city.json,10-366-614.city.json:NL.IMBAG.Pand.0484100000013650-0,n_vertices,45
non_positive_volume,Source B,10-388-594.city.json,10-388-594.city.json:NL.IMBAG.Pand.0497100000001941-0,n_vertices,190
non_positive_volume,Source B,10-390-594.city.json,10-390-594.city.json:NL.IMBAG.Pand.0497100000004965-0,n_vertices,60
non_positive_volume,Source B,10-390-594.city.json,10-390-594.city.json:NL.IMBAG.Pand.0497100000007689-0,n_vertices,31
non_positive_volume,Source B,7-240-592.city.json,7-240-592.city.json:NL.IMBAG.Pand.0518100000341933-0,n_vertices,98
non_positive_volume,Source B,7-304-592.city.json,7-304-592.city.json:NL.IMBAG.Pand.1916100000097804-0,n_vertices,157
non_positive_volume,Source B,7-368-592.city.json,7-368-592.city.json:NL.IMBAG.Pand.0499100002016105-0,n_vertices,34
non_positive_volume,Source B,7-400-560.city.json,7-400-560.city.json:NL.IMBAG.Pand.0623100001973310-0,n_vertices,53
non_positive_volume,Source B,7-400-560.city.json,7-400-560.city.json:NL.IMBAG.Pand.1901100000024737-1,n_vertices,25
non_positive_volume,Source B,7-400-592.city.json,7-400-592.city.json:NL.IMBAG.Pand.0497100000008070-0,n_vertices,64
non_positive_volume,Source B,7-400-592.city.json,7-400-592.city.json:NL.IMBAG.Pand.0632100000028319-0,n_vertices,56
non_positive_volume,Source B,8-232-560.city.json,8-232-560.city.json:NL.IMBAG.Pand.1783100000005221-0,n_vertices,119
non_positive_volume,Source B,8-232-560.city.json,8-232-560.city.json:NL.IMBAG.Pand.1783100000704594-0,n_vertices,101
non_positive_volume,Source B,8-240-584.city.json,8-240-584.city.json:NL.IMBAG.Pand.0518100001663033-0,n_vertices,159
non_positive_volume,Source B,8-272-568.city.json,8-272-568.city.json:NL.IMBAG.Pand.0603100000007306-1,n_vertices,6
non_positive_volume,Source B,8-272-568.city.json,8-272-568.city.json:NL.IMBAG.Pand.0603100000007306-4,n_vertices,30
non_positive_volume,Source B,8-272-568.city.json,8-272-568.city.json:NL.IMBAG.Pand.0603100000007306-5,n_vertices,24
non_positive_volume,Source B,8-272-568.city.json,8-272-568.city.json:NL.IMBAG.Pand.0603100000007307-0,n_vertices,140
non_positive_volume,Source B,8-272-568.city.json,8-272-568.city.json:NL.IMBAG.Pand.0603100000007521-0,n_vertices,246
non_positive_volume,Source B,8-272-568.city.json,8-272-568.city.json:NL.IMBAG.Pand.0603100000007982-0,n_vertices,2622
non_positive_volume,Source B,8-272-568.city.json,8-272-568.city.json:NL.IMBAG.Pand.0603100000008286-0,n_vertices,393
non_positive_volume,Source B,8-272-568.city.json,8-272-568.city.json:NL.IMBAG.Pand.0603100000008318-0,n_vertices,635
non_positive_volume,Source B,8-272-568.city.json,8-272-568.city.json:NL.IMBAG.Pand.0603100000008635-0,n_vertices,109
non_positive_volume,Source B,8-272-568.city.json,8-272-568.city.json:NL.IMBAG.Pand.0603100000015742-0,n_vertices,592
non_positive_volume,Source B,8-272-568.city.json,8-272-568.city.json:NL.IMBAG.Pand.0603100000018047-0,n_vertices,176
non_positive_volume,Source B,8-272-568.city.json,8-272-568.city.json:NL.IMBAG.Pand.0603100000018051-0,n_vertices,1855
non_positive_volume,Source B,8-288-600.city.json,8-288-600.city.json:NL.IMBAG.Pand.1916100000096012-0,n_vertices,50
non_positive_volume,Source B,8-288-608.city.json,8-288-608.city.json:NL.IMBAG.Pand.0629100000003836-0,n_vertices,90
non_positive_volume,Source B,8-288-608.city.json,8-288-608.city.json:NL.IMBAG.Pand.0629100000004632-0,n_vertices,86
non_positive_volume,Source B,8-288-608.city.json,8-288-608.city.json:NL.IMBAG.Pand.0629100000005200-0,n_vertices,83
non_positive_volume,Source B,8-296-592.city.json,8-296-592.city.json:NL.IMBAG.Pand.1916100000097906-0,n_vertices,119
non_positive_volume,Source B,8-312-608.city.json,8-312-608.city.json:NL.IMBAG.Pand.0626100000014682-1,n_vertices,141
non_positive_volume,Source B,8-320-608.city.json,8-320-608.city.json:NL.IMBAG.Pand.0638100000366871-0,n_vertices,47
non_positive_volume,Source B,8-320-608.city.json,8-320-608.city.json:NL.IMBAG.Pand.0638100000367140-0,n_vertices,53
non_positive_volume,Source B,8-320-608.city.json,8-320-608.city.json:NL.IMBAG.Pand.0638100000368027-0,n_vertices,48
non_positive_volume,Source B,8-320-608.city.json,8-320-608.city.json:NL.IMBAG.Pand.0638100000380349-0,n_vertices,246
non_positive_volume,Source B,8-336-608.city.json,8-336-608.city.json:NL.IMBAG.Pand.1672100000005830-0,n_vertices,103
non_positive_volume,Source B,8-336-608.city.json,8-336-608.city.json:NL.IMBAG.Pand.1672100000006066-0,n_vertices,54
non_positive_volume,Source B,8-336-616.city.json,8-336-616.city.json:NL.IMBAG.Pand.0484100000050780-0,n_vertices,73
non_positive_volume,Source B,8-344-592.city.json,8-344-592.city.json:NL.IMBAG.Pand.1672100000001374-0,n_vertices,61
non_positive_volume,Source B,8-344-600.city.json,8-344-600.city.json:NL.IMBAG.Pand.1672100000007094-0,n_vertices,68
non_positive_volume,Source B,8-352-600.city.json,8-352-600.city.json:NL.IMBAG.Pand.0484100000044455-0,n_vertices,259
non_positive_volume,Source B,8-352-616.city.json,8-352-616.city.json:NL.IMBAG.Pand.0484100000045655-1,n_vertices,11
non_positive_volume,Source B,8-352-616.city.json,8-352-616.city.json:NL.IMBAG.Pand.1672100000006573-0,n_vertices,64
non_positive_volume,Source B,8-360-600.city.json,8-360-600.city.json:NL.IMBAG.Pand.0484100000001716-0,n_vertices,106
non_positive_volume,Source B,8-384-568.city.json,8-384-568.city.json:NL.IMBAG.Pand.0595100000001003-0,n_vertices,93
non_positive_volume,Source B,8-384-576.city.json,8-384-576.city.json:NL.IMBAG.Pand.0595100000008191-0,n_vertices,227
non_positive_volume,Source B,8-384-600.city.json,8-384-600.city.json:NL.IMBAG.Pand.0484100000000708-0,n_vertices,53
non_positive_volume,Source B,8-384-616.city.json,8-384-616.city.json:NL.IMBAG.Pand.0484100000022281-0,n_vertices,229
non_positive_volume,Source B,8-408-576.city.json,8-408-576.city.json:NL.IMBAG.Pand.0595100000000366-0,n_vertices,37
non_positive_volume,Source B,8-416-560.city.json,8-416-560.city.json:NL.IMBAG.Pand.0589100000251204-0,n_vertices,46
non_positive_volume,Source B,8-416-568.city.json,8-416-568.city.json:NL.IMBAG.Pand.0589100000249531-0,n_vertices,494
non_positive_volume,Source B,8-424-584.city.json,8-424-584.city.json:NL.IMBAG.Pand.0632100000003587-0,n_vertices,65
non_positive_volume,Source B,8-424-584.city.json,8-424-584.city.json:NL.IMBAG.Pand.0632100000003976-0,n_vertices,55
non_positive_volume,Source B,8-424-584.city.json,8-424-584.city.json:NL.IMBAG.Pand.0632100000004211-0,n_vertices,51
non_positive_volume,Source B,8-432-568.city.json,8-432-568.city.json:NL.IMBAG.Pand.0335100000316389-0,n_vertices,262
non_positive_volume,Source B,8-432-584.city.json,8-432-584.city.json:NL.IMBAG.Pand.0335100000318446-0,n_vertices,46
non_positive_volume,Source B,8-440-576.city.json,8-440-576.city.json:NL.IMBAG.Pand.0335100000321016-0,n_vertices,72
non_positive_volume,Source B,8-448-592.city.json,8-448-592.city.json:NL.IMBAG.Pand.0632100000011668-0,n_vertices,87
non_positive_volume,Source B,9-228-560.city.json,9-228-560.city.json:NL.IMBAG.Pand.1783100000603209-0,n_vertices,35
non_positive_volume,Source B,9-228-564.city.json,9-228-564.city.json:NL.IMBAG.Pand.1783100000713642-0,n_vertices,33
non_positive_volume,Source B,9-228-564.city.json,9-228-564.city.json:NL.IMBAG.Pand.1783100000713704-0,n_vertices,62
non_positive_volume,Source B,9-236-568.city.json,9-236-568.city.json:NL.IMBAG.Pand.1783100000034100-0,n_vertices,124
non_positive_volume,Source B,9-236-568.city.json,9-236-568.city.json:NL.IMBAG.Pand.1783100000034100-1,n_vertices,43
non_positive_volume,Source B,9-236-572.city.json,9-236-572.city.json:NL.IMBAG.Pand.1783100000704579-0,n_vertices,311
non_positive_volume,Source B,9-240-560.city.json,9-240-560.city.json:NL.IMBAG.Pand.1783100000001551-0,n_vertices,379
non_positive_volume,Source B,9-240-576.city.json,9-240-576.city.json:NL.IMBAG.Pand.0518100001766334-0,n_vertices,84
non_positive_volume,Source B,9-240-576.city.json,9-240-576.city.json:NL.IMBAG.Pand.1783100000601614-0,n_vertices,56
non_positive_volume,Source B,9-244-560.city.json,9-244-560.city.json:NL.IMBAG.Pand.1783100000042637-0,n_vertices,79
non_positive_volume,Source B,9-248-560.city.json,9-248-560.city.json:NL.IMBAG.Pand.1783100000042143-0,n_vertices,29
non_positive_volume,Source B,9-248-560.city.json,9-248-560.city.json:NL.IMBAG.Pand.1783100000062347-0,n_vertices,78
non_positive_volume,Source B,9-248-576.city.json,9-248-576.city.json:NL.IMBAG.Pand.0518100000277646-0,n_vertices,64
non_positive_volume,Source B,9-248-576.city.json,9-248-576.city.json:NL.IMBAG.Pand.0518100000335427-0,n_vertices,63
non_positive_volume,Source B,9-248-584.city.json,9-248-584.city.json:NL.IMBAG.Pand.0518100000238056-0,n_vertices,56
non_positive_volume,Source B,9-248-584.city.json,9-248-584.city.json:NL.IMBAG.Pand.0518100000319577-0,n_vertices,216
non_positive_volume,Source B,9-248-584.city.json,9-248-584.city.json:NL.IMBAG.Pand.0518100000353820-0,n_vertices,103
non_positive_volume,Source B,9-248-588.city.json,9-248-588.city.json:NL.IMBAG.Pand.0518100000221283-0,n_vertices,52
not_watertight,Source A,Stationsbuurt_2022-04-27.json,Stationsbuurt_2022-04-27.json:bag_0518100000229788,n_vertices,2632
not_watertight,Source A,Stationsbuurt_2022-04-27.json,Stationsbuurt_2022-04-27.json:bag_0518100000213536,n_vertices,58
not_watertight,Source A,Stationsbuurt_2022-04-27.json,Stationsbuurt_2022-04-27.json:bag_0518100000343385,n_vertices,32
not_watertight,Source A,Stationsbuurt_2022-04-27.json,Stationsbuurt_2022-04-27.json:bag_0518100000347098,n_vertices,21
not_watertight,Source A,Stationsbuurt_2022-04-27.json,Stationsbuurt_2022-04-27.json:bag_0518100000326549,n_vertices,24
not_watertight,Source A,Stationsbuurt_2022-04-27.json,Stationsbuurt_2022-04-27.json:bag_0518100000238873,n_vertices,40
not_watertight,Source A,Stationsbuurt_2022-04-27.json,Stationsbuurt_2022-04-27.json:bag_0518100000307530,n_vertices,24
not_watertight,Source A,Stationsbuurt_2022-04-27.json,Stationsbuurt_2022-04-27.json:bag_0518100000213537,n_vertices,43
not_watertight,Source A,Stationsbuurt_2022-04-27.json,Stationsbuurt_2022-04-27.json:bag_0518100000208548,n_vertices,37
not_watertight,Source A,Stationsbuurt_2022-04-27.json,Stationsbuurt_2022-04-27.json:bag_0518100000268354,n_vertices,311
not_watertight,Source A,Stationsbuurt_2022-04-27.json,Stationsbuurt_2022-04-27.json:bag_0518100000240973,n_vertices,20
not_watertight,Source A,Stationsbuurt_2022-04-27.json,Stationsbuurt_2022-04-27.json:bag_0518100000318439,n_vertices,16
not_watertight,Source A,Stationsbuurt_2022-04-27.json,Stationsbuurt_2022-04-27.json:bag_0518100000299198,n_vertices,285
not_watertight,Source A,Stationsbuurt_2022-04-27.json,Stationsbuurt_2022-04-27.json:bag_0518100000343301,n_vertices,26
not_watertight,Source A,Stationsbuurt_2022-04-27.json,Stationsbuurt_2022-04-27.json:bag_0518100000212425,n_vertices,349
not_watertight,Source A,Stationsbuurt_2022-04-27.json,Stationsbuurt_2022-04-27.json:bag_0518100000210434,n_vertices,33
not_watertight,Source A,Stationsbuurt_2022-04-27.json,Stationsbuurt_2022-04-27.json:bag_0518100000289531,n_vertices,36
not_watertight,Source A,Stationsbuurt_2022-04-27.json,Stationsbuurt_2022-04-27.json:bag_0518100000297245,n_vertices,366
not_watertight,Source A,Stationsbuurt_2022-04-27.json,Stationsbuurt_2022-04-27.json:bag_0518100000226139,n_vertices,26
not_watertight,Source A,Stationsbuurt_2022-04-27.json,Stationsbuurt_2022-04-27.json:bag_0518100000213064,n_vertices,18
not_watertight,Source A,Stationsbuurt_2022-04-27.json,Stationsbuurt_2022-04-27.json:bag_0518100000212426,n_vertices,24
not_watertight,Source A,Stationsbuurt_2022-04-27.json,Stationsbuurt_2022-04-27.json:bag_0518100000218363,n_vertices,62
not_watertight,Source A,Stationsbuurt_2022-04-27.json,Stationsbuurt_2022-04-27.json:bag_0518100000270418,n_vertices,203
not_watertight,Source A,Stationsbuurt_2022-04-27.json,Stationsbuurt_2022-04-27.json:bag_0518100000301174,n_vertices,28
not_watertight,Source A,Stationsbuurt_2022-04-27.json,Stationsbuurt_2022-04-27.json:bag_0518100000353675,n_vertices,141
not_watertight,Source A,Stationsbuurt_2022-04-27.json,Stationsbuurt_2022-04-27.json:bag_0518100000285664,n_vertices,61
not_watertight,Source A,Stationsbuurt_2022-04-27.json,Stationsbuurt_2022-04-27.json:bag_0518100000329537,n_vertices,37
not_watertight,Source A,Stationsbuurt_2022-04-27.json,Stationsbuurt_2022-04-27.json:bag_0518100000240205,n_vertices,28
not_watertight,Source A,Stationsbuurt_2022-04-27.json,Stationsbuurt_2022-04-27.json:bag_0518100000278915,n_vertices,30
not_watertight,Source A,Stationsbuurt_2022-04-27.json,Stationsbuurt_2022-04-27.json:bag_0518100000297470,n_vertices,37
not_watertight,Source A,Stationsbuurt_2022-04-27.json,Stationsbuurt_2022-04-27.json:bag_0518100000237568,n_vertices,36
not_watertight,Source A,Stationsbuurt_2022-04-27.json,Stationsbuurt_2022-04-27.json:bag_0518100000224388,n_vertices,129
not_watertight,Source A,Stationsbuurt_2022-04-27.json,Stationsbuurt_2022-04-27.json:bag_0518100000330797,n_vertices,8
not_watertight,Source A,Stationsbuurt_2022-04-27.json,Stationsbuurt_2022-04-27.json:bag_0518100000345590,n_vertices,38
not_watertight,Source A,Stationsbuurt_2022-04-27.json,Stationsbuurt_2022-04-27.json:bag_0518100000343105,n_vertices,21
not_watertight,Source A,Stationsbuurt_2022-04-27.json,Stationsbuurt_2022-04-27.json:bag_0518100000228566,n_vertices,87
not_watertight,Source A,Stationsbuurt_2022-04-27.json,Stationsbuurt_2022-04-27.json:bag_0518100000238761,n_vertices,49
not_watertight,Source A,Stationsbuurt_2022-04-27.json,Stationsbuurt_2022-04-27.json:bag_0518100000306611,n_vertices,117
not_watertight,Source A,Stationsbuurt_2022-04-27.json,Stationsbuurt_2022-04-27.json:bag_0518100000238884,n_vertices,68
not_watertight,Source A,Stationsbuurt_2022-04-27.json,Stationsbuurt_2022-04-27.json:bag_0518100000231510,n_vertices,39
not_watertight,Source A,Stationsbuurt_2022-04-27.json,Stationsbuurt_2022-04-27.json:bag_0518100001670734,n_vertices,53
not_watertight,Source A,Stationsbuurt_2022-04-27.json,Stationsbuurt_2022-04-27.json:bag_0518100000306717,n_vertices,63
not_watertight,Source A,Stationsbuurt_2022-04-27.json,Stationsbuurt_2022-04-27.json:bag_0518100000317196,n_vertices,587
not_watertight,Source A,Stationsbuurt_2022-04-27.json,Stationsbuurt_2022-04-27.json:bag_0518100000282200,n_vertices,56
not_watertight,Source A,Stationsbuurt_2022-04-27.json,Stationsbuurt_2022-04-27.json:bag_0518100000204626,n_vertices,65
not_watertight,Source A,Stationsbuurt_2022-04-27.json,Stationsbuurt_2022-04-27.json:bag_0518100000275541,n_vertices,55
not_watertight,Source A,Stationsbuurt_2022-04-27.json,Stationsbuurt_2022-04-27.json:bag_0518100000302462,n_vertices,79
not_watertight,Source A,Stationsbuurt_2022-04-27.json,Stationsbuurt_2022-04-27.json:bag_0518100000322414,n_vertices,197
not_watertight,Source A,Stationsbuurt_2022-04-27.json,Stationsbuurt_2022-04-27.json:bag_0518100000284469,n_vertices,82
not_watertight,Source A,Stationsbuurt_2022-04-27.json,Stationsbuurt_2022-04-27.json:bag_0518100000340427,n_vertices,62
not_watertight,Source A,Stationsbuurt_2022-04-27.json,Stationsbuurt_2022-04-27.json:bag_0518100000301789,n_vertices,41
not_watertight,Source A,Stationsbuurt_2022-04-27.json,Stationsbuurt_2022-04-27.json:bag_0518100000235084,n_vertices,60
not_watertight,Source A,Stationsbuurt_2022-04-27.json,Stationsbuurt_2022-04-27.json:bag_0518100000315707,n_vertices,28
not_watertight,Source A,Stationsbuurt_2022-04-27.json,Stationsbuurt_2022-04-27.json:bag_0518100000221027,n_vertices,39
not_watertight,Source A,Stationsbuurt_2022-04-27.json,Stationsbuurt_2022-04-27.json:bag_0518100000279351,n_vertices,38
not_watertight,Source A,Stationsbuurt_2022-04-27.json,Stationsbuurt_2022-04-27.json:bag_0518100000277289,n_vertices,33
not_watertight,Source A,Stationsbuurt_2022-04-27.json,Stationsbuurt_2022-04-27.json:bag_0518100000336717,n_vertices,35
not_watertight,Source A,Stationsbuurt_2022-04-27.json,Stationsbuurt_2022-04-27.json:bag_0518100000205391,n_vertices,16
not_watertight,Source A,Stationsbuurt_2022-04-27.json,Stationsbuurt_2022-04-27.json:bag_0518100001761361,n_vertices,8
not_watertight,Source A,Stationsbuurt_2022-04-27.json,Stationsbuurt_2022-04-27.json:bag_0518100000209904,n_vertices,46
not_watertight,Source A,Stationsbuurt_2022-04-27.json,Stationsbuurt_2022-04-27.json:bag_0518100000216193,n_vertices,52
not_watertight,Source A,Stationsbuurt_2022-04-27.json,Stationsbuurt_2022-04-27.json:bag_0518100000205382,n_vertices,332
not_watertight,Source A,Stationsbuurt_2022-04-27.json,Stationsbuurt_2022-04-27.json:bag_0518100000339437,n_vertices,28
not_watertight,Source A,Stationsbuurt_2022-04-27.json,Stationsbuurt_2022-04-27.json:bag_0518100000245922,n_vertices,78
not_watertight,Source A,Stationsbuurt_2022-04-27.json,Stationsbuurt_2022-04-27.json:bag_0518100000302401,n_vertices,257
not_watertight,Source A,Stationsbuurt_2022-04-27.json,Stationsbuurt_2022-04-27.json:bag_0518100000216946,n_vertices,28
not_watertight,Source A,Stationsbuurt_2022-04-27.json,Stationsbuurt_2022-04-27.json:bag_0518100000217524,n_vertices,53
not_watertight,Source A,Stationsbuurt_2022-04-27.json,Stationsbuurt_2022-04-27.json:bag_0518100001767184,n_vertices,8
not_watertight,Source A,Stationsbuurt_2022-04-27.json,Stationsbuurt_2022-04-27.json:bag_0518100000268748,n_vertices,335
not_watertight,Source A,Stationsbuurt_2022-04-27.json,Stationsbuurt_2022-04-27.json:bag_0518100000336124,n_vertices,31
not_watertight,Source A,Stationsbuurt_2022-04-27.json,Stationsbuurt_2022-04-27.json:bag_0518100000279157,n_vertices,80
not_watertight,Source A,Stationsbuurt_2022-04-27.json,Stationsbuurt_2022-04-27.json:bag_0518100000341538,n_vertices,14
not_watertight,Source A,Stationsbuurt_2022-04-27.json,Stationsbuurt_2022-04-27.json:bag_0518100001754302,n_vertices,8
not_watertight,Source A,Stationsbuurt_2022-04-27.json,Stationsbuurt_2022-04-27.json:bag_0518100000300698,n_vertices,52
not_watertight,Source A,Stationsbuurt_2022-04-27.json,Stationsbuurt_2022-04-27.json:bag_0518100000215989,n_vertices,80
not_watertight,Source A,Stationsbuurt_2022-04-27.json,Stationsbuurt_2022-04-27.json:bag_0518100000280778,n_vertices,49
not_watertight,Source A,Stationsbuurt_2022-04-27.json,Stationsbuurt_2022-04-27.json:bag_0518100000344223,n_vertices,42
not_watertight,Source A,Stationsbuurt_2022-04-27.json,Stationsbuurt_2022-04-27.json:bag_0518100000231191,n_vertices,43
not_watertight,Source A,Stationsbuurt_2022-04-27.json,Stationsbuurt_2022-04-27.json:bag_0518100001629392,n_vertices,56
not_watertight,Source A,Stationsbuurt_2022-04-27.json,Stationsbuurt_2022-04-27.json:bag_0518100000327339,n_vertices,33
not_watertight,Source A,Stationsbuurt_2022-04-27.json,Stationsbuurt_2022-04-27.json:bag_0518100000280887,n_vertices,66
not_watertight,Source A,Stationsbuurt_2022-04-27.json,Stationsbuurt_2022-04-27.json:bag_0518100000215086,n_vertices,47
not_watertight,Source A,Stationsbuurt_2022-04-27.json,Stationsbuurt_2022-04-27.json:bag_0518100000215873,n_vertices,82
not_watertight,Source A,Stationsbuurt_2022-04-27.json,Stationsbuurt_2022-04-27.json:bag_0518100001758460,n_vertices,8
not_watertight,Source A,Stationsbuurt_2022-04-27.json,Stationsbuurt_2022-04-27.json:bag_0518100000319285,n_vertices,99
not_watertight,Source A,Stationsbuurt_2022-04-27.json,Stationsbuurt_2022-04-27.json:bag_0518100001649070,n_vertices,498
not_watertight,Source A,Stationsbuurt_2022-04-27.json,Stationsbuurt_2022-04-27.json:bag_0518100000289635,n_vertices,23
not_watertight,Source A,Stationsbuurt_2022-04-27.json,Stationsbuurt_2022-04-27.json:bag_0518100000221299,n_vertices,58
not_watertight,Source A,Stationsbuurt_2022-04-27.json,Stationsbuurt_2022-04-27.json:bag_0518100000279798,n_vertices,65
not_watertight,Source A,Stationsbuurt_2022-04-27.json,Stationsbuurt_2022-04-27.json:bag_0518100000324345,n_vertices,58
not_watertight,Source A,Stationsbuurt_2022-04-27.json,Stationsbuurt_2022-04-27.json:bag_0518100000247949,n_vertices,75
not_watertight,Source A,Stationsbuurt_2022-04-27.json,Stationsbuurt_2022-04-27.json:bag_0518100000327607,n_vertices,102
not_watertight,Source A,Stationsbuurt_2022-04-27.json,Stationsbuurt_2022-04-27.json:bag_0518100000353242,n_vertices,55
not_watertight,Source A,Stationsbuurt_2022-04-27.json,Stationsbuurt_2022-04-27.json:bag_0518100000203993,n_vertices,23
not_watertight,Source A,Stationsbuurt_2022-04-27.json,Stationsbuurt_2022-04-27.json:bag_0518100000226155,n_vertices,42
not_watertight,Source A,Stationsbuurt_2022-04-27.json,Stationsbuurt_2022-04-27.json:bag_0518100000300631,n_vertices,35
not_watertight,Source A,Stationsbuurt_2022-04-27.json,Stationsbuurt_2022-04-27.json:bag_0518100000237912,n_vertices,67
not_watertight,Source A,Stationsbuurt_2022-04-27.json,Stationsbuurt_2022-04-27.json:bag_0518100000286455,n_vertices,64
not_watertight,Source A,Stationsbuurt_2022-04-27.json,Stationsbuurt_2022-04-27.json:bag_0518100000290635,n_vertices,74
not_watertight,Source A,Stationsbuurt_2022-04-27.json,Stationsbuurt_2022-04-27.json:bag_0518100000212390,n_vertices,48
not_watertight,Source A,Stationsbuurt_2022-04-27.json,Stationsbuurt_2022-04-27.json:bag_0518100000221176,n_vertices,44
not_watertight,Source A,Stationsbuurt_2022-04-27.json,Stationsbuurt_2022-04-27.json:bag_0518100000217059,n_vertices,40
not_watertight,Source A,Stationsbuurt_2022-04-27.json,Stationsbuurt_2022-04-27.json:bag_0518100000298496,n_vertices,521
not_watertight,Source A,Stationsbuurt_2022-04-27.json,Stationsbuurt_2022-04-27.json:bag_0518100000279304,n_vertices,70
not_watertight,Source A,Stationsbuurt_2022-04-27.json,Stationsbuurt_2022-04-27.json:bag_0518100000302943,n_vertices,320
not_watertight,Source A,Stationsbuurt_2022-04-27.json,Stationsbuurt_2022-04-27.json:bag_0518100000231739,n_vertices,217
not_watertight,Source A,Stationsbuurt_2022-04-27.json,Stationsbuurt_2022-04-27.json:bag_0518100001749878,n_vertices,677
not_watertight,Source A,Stationsbuurt_2022-04-27.json,Stationsbuurt_2022-04-27.json:bag_0518100000314527,n_vertices,110
not_watertight,Source A,Stationsbuurt_2022-04-27.json,Stationsbuurt_2022-04-27.json:bag_0518100000203997,n_vertices,26
not_watertight,Source A,Stationsbuurt_2022-04-27.json,Stationsbuurt_2022-04-27.json:bag_0518100000321619,n_vertices,51
not_watertight,Source A,Stationsbuurt_2022-04-27.json,Stationsbuurt_2022-04-27.json:bag_0518100000323063,n_vertices,105
not_watertight,Source A,Stationsbuurt_2022-04-27.json,Stationsbuurt_2022-04-27.json:bag_0518100000218050,n_vertices,52
not_watertight,Source A,Stationsbuurt_2022-04-27.json,Stationsbuurt_2022-04-27.json:bag_0518100000233331,n_vertices,52
not_watertight,Source A,Stationsbuurt_2022-04-27.json,Stationsbuurt_2022-04-27.json:bag_0518100000284481,n_vertices,40
not_watertight,Source A,Stationsbuurt_2022-04-27.json,Stationsbuurt_2022-04-27.json:bag_0518100000224386,n_vertices,111
not_watertight,Source A,Stationsbuurt_2022-04-27.json,Stationsbuurt_2022-04-27.json:bag_0518100000283421,n_vertices,43
not_watertight,Source A,Stationsbuurt_2022-04-27.json,Stationsbuurt_2022-04-27.json:bag_0518100000279437,n_vertices,64
not_watertight,Source A,Stationsbuurt_2022-04-27.json,Stationsbuurt_2022-04-27.json:bag_0518100000225439,n_vertices,248
not_watertight,Source A,Stationsbuurt_2022-04-27.json,Stationsbuurt_2022-04-27.json:bag_0518100000315514,n_vertices,181
not_watertight,Source A,Stationsbuurt_2022-04-27.json,Stationsbuurt_2022-04-27.json:bag_0518100000306651,n_vertices,21
not_watertight,Source A,Stationsbuurt_2022-04-27.json,Stationsbuurt_2022-04-27.json:bag_0518100000269149,n_vertices,134
not_watertight,Source A,Stationsbuurt_2022-04-27.json,Stationsbuurt_2022-04-27.json:bag_0518100000243813,n_vertices,63
not_watertight,Source A,Stationsbuurt_2022-04-27.json,Stationsbuurt_2022-04-27.json:bag_0518100000275127,n_vertices,35
not_watertight,Source A,Stationsbuurt_2022-04-27.json,Stationsbuurt_2022-04-27.json:bag_0518100000244317,n_vertices,52
not_watertight,Source A,Stationsbuurt_2022-04-27.json,Stationsbuurt_2022-04-27.json:bag_0518100000232174,n_vertices,66
not_watertight,Source A,Stationsbuurt_2022-04-27.json,Stationsbuurt_2022-04-27.json:bag_0518100000237257,n_vertices,467
not_watertight,Source A,Stationsbuurt_2022-04-27.json,Stationsbuurt_2022-04-27.json:bag_0518100000232172,n_vertices,30
not_watertight,Source A,Stationsbuurt_2022-04-27.json,Stationsbuurt_2022-04-27.json:bag_0518100000216854,n_vertices,44
not_watertight,Source A,Stationsbuurt_2022-04-27.json,Stationsbuurt_2022-04-27.json:bag_0518100000353364,n_vertices,32
not_watertight,Source A,Stationsbuurt_2022-04-27.json,Stationsbuurt_2022-04-27.json:bag_0518100000242931,n_vertices,111
not_watertight,Source A,Stationsbuurt_2022-04-27.json,Stationsbuurt_2022-04-27.json:bag_0518100000321640,n_vertices,31
not_watertight,Source A,Stationsbuurt_2022-04-27.json,Stationsbuurt_2022-04-27.json:bag_0518100000282140,n_vertices,28
not_watertight,Source A,Stationsbuurt_2022-04-27.json,Stationsbuurt_2022-04-27.json:bag_0518100000338193,n_vertices,74
not_watertight,Source A,Stationsbuurt_2022-04-27.json,Stationsbuurt_2022-04-27.json:bag_0518100000279248,n_vertices,76
not_watertight,Source A,Stationsbuurt_2022-04-27.json,Stationsbuurt_2022-04-27.json:bag_0518100000247095,n_vertices,64
not_watertight,Source A,Stationsbuurt_2022-04-27.json,Stationsbuurt_2022-04-27.json:bag_0518100000218362,n_vertices,130
not_watertight,Source A,Stationsbuurt_2022-04-27.json,Stationsbuurt_2022-04-27.json:bag_0518100000338822,n_vertices,53
not_watertight,Source A,Stationsbuurt_2022-04-27.json,Stationsbuurt_2022-04-27.json:bag_0518100000223191,n_vertices,72
not_watertight,Source A,Stationsbuurt_2022-04-27.json,Stationsbuurt_2022-04-27.json:bag_0518100000322314,n_vertices,48
not_watertight,Source A,Stationsbuurt_2022-04-27.json,Stationsbuurt_2022-04-27.json:bag_0518100000352331,n_vertices,97
not_watertight,Source A,Stationsbuurt_2022-04-27.json,Stationsbuurt_2022-04-27.json:bag_0518100000342361,n_vertices,18
not_watertight,Source A,Stationsbuurt_2022-04-27.json,Stationsbuurt_2022-04-27.json:bag_0518100000269102,n_vertices,143
not_watertight,Source A,Stationsbuurt_2022-04-27.json,Stationsbuurt_2022-04-27.json:bag_0518100000324957,n_vertices,268
not_watertight,Source A,Stationsbuurt_2022-04-27.json,Stationsbuurt_2022-04-27.json:bag_0518100000345990,n_vertices,52
not_watertight,Source A,Stationsbuurt_2022-04-27.json,Stationsbuurt_2022-04-27.json:bag_0518100000205682,n_vertices,24
not_watertight,Source A,Stationsbuurt_2022-04-27.json,Stationsbuurt_2022-04-27.json:bag_0518100000282437,n_vertices,61
not_watertight,Source A,Stationsbuurt_2022-04-27.json,Stationsbuurt_2022-04-27.json:bag_0518100000221735,n_vertices,182
not_watertight,Source A,Stationsbuurt_2022-04-27.json,Stationsbuurt_2022-04-27.json:bag_0518100000286370,n_vertices,54
not_watertight,Source A,Stationsbuurt_2022-04-27.json,Stationsbuurt_2022-04-27.json:bag_0518100000353119,n_vertices,135
not_watertight,Source A,Stationsbuurt_2022-04-27.json,Stationsbuurt_2022-04-27.json:bag_0518100000208067,n_vertices,79
not_watertight,Source A,Stationsbuurt_2022-04-27.json,Stationsbuurt_2022-04-27.json:bag_0518100001754658,n_vertices,1482
not_watertight,Source A,Stationsbuurt_2022-04-27.json,Stationsbuurt_2022-04-27.json:bag_0518100000319018,n_vertices,454
not_watertight,Source A,Stationsbuurt_2022-04-27.json,Stationsbuurt_2022-04-27.json:bag_0518100000341794,n_vertices,212
not_watertight,Source A,Stationsbuurt_2022-04-27.json,Stationsbuurt_2022-04-27.json:bag_0518100000225328,n_vertices,44
not_watertight,Source A,Stationsbuurt_2022-04-27.json,Stationsbuurt_2022-04-27.json:bag_0518100000346224,n_vertices,32
not_watertight,Source A,Stationsbuurt_2022-04-27.json,Stationsbuurt_2022-04-27.json:bag_0518100000269181,n_vertices,73
not_watertight,Source A,Stationsbuurt_2022-04-27.json,Stationsbuurt_2022-04-27.json:bag_0518100000287464,n_vertices,30
not_watertight,Source A,Stationsbuurt_2022-04-27.json,Stationsbuurt_2022-04-27.json:bag_0518100000217200,n_vertices,46
not_watertight,Source A,Stationsbuurt_2022-04-27.json,Stationsbuurt_2022-04-27.json:bag_0518100000299676,n_vertices,138
not_watertight,Source A,Stationsbuurt_2022-04-27.json,Stationsbuurt_2022-04-27.json:bag_0518100000304822,n_vertices,309
not_watertight,Source A,Stationsbuurt_2022-04-27.json,Stationsbuurt_2022-04-27.json:bag_0518100000218143,n_vertices,158
not_watertight,Source A,Stationsbuurt_2022-04-27.json,Stationsbuurt_2022-04-27.json:bag_0518100000307733,n_vertices,229
not_watertight,Source A,Stationsbuurt_2022-04-27.json,Stationsbuurt_2022-04-27.json:bag_0518100000338325,n_vertices,22
not_watertight,Source A,Stationsbuurt_2022-04-27.json,Stationsbuurt_2022-04-27.json:bag_0518100000304128,n_vertices,92
not_watertight,Source A,Stationsbuurt_2022-04-27.json,Stationsbuurt_2022-04-27.json:bag_0518100000224577,n_vertices,48
not_watertight,Source A,Stationsbuurt_2022-04-27.json,Stationsbuurt_2022-04-27.json:bag_0518100001640545,n_vertices,54
not_watertight,Source A,Stationsbuurt_2022-04-27.json,Stationsbuurt_2022-04-27.json:bag_0518100000273471,n_vertices,24
not_watertight,Source A,Stationsbuurt_2022-04-27.json,Stationsbuurt_2022-04-27.json:bag_0518100000270462,n_vertices,394
not_watertight,Source A,Stationsbuurt_2022-04-27.json,Stationsbuurt_2022-04-27.json:bag_0518100000301168,n_vertices,160
not_watertight,Source A,Stationsbuurt_2022-04-27.json,Stationsbuurt_2022-04-27.json:bag_0518100000320908,n_vertices,66
not_watertight,Source A,Stationsbuurt_2022-04-27.json,Stationsbuurt_2022-04-27.json:bag_0518100000353264,n_vertices,155
not_watertight,Source A,Stationsbuurt_2022-04-27.json,Stationsbuurt_2022-04-27.json:bag_0518100000304952,n_vertices,78
not_watertight,Source A,Stationsbuurt_2022-04-27.json,Stationsbuurt_2022-04-27.json:bag_0518100000271819,n_vertices,131
not_watertight,Source A,Stationsbuurt_2022-04-27.json,Stationsbuurt_2022-04-27.json:bag_0518100000243470,n_vertices,32
not_watertight,Source A,Stationsbuurt_2022-04-27.json,Stationsbuurt_2022-04-27.json:bag_0518100000286856,n_vertices,56
not_watertight,Source A,Stationsbuurt_2022-04-27.json,Stationsbuurt_2022-04-27.json:bag_0518100000282189,n_vertices,50
not_watertight,Source A,Stationsbuurt_2022-04-27.json,Stationsbuurt_2022-04-27.json:bag_0518100000298087,n_vertices,25
not_watertight,Source A,Stationsbuurt_2022-04-27.json,Stationsbuurt_2022-04-27.json:bag_0518100000205011,n_vertices,34
not_watertight,Source A,Stationsbuurt_2022-04-27.json,Stationsbuurt_2022-04-27.json:bag_0518100000339594,n_vertices,52
not_watertight,Source A,Stationsbuurt_2022-04-27.json,Stationsbuurt_2022-04-27.json:bag_0518100000353649,n_vertices,292
not_watertight,Source A,Stationsbuurt_2022-04-27.json,Stationsbuurt_2022-04-27.json:bag_0518100000274290,n_vertices,1687
not_watertight,Source A,Stationsbuurt_2022-04-27.json,Stationsbuurt_2022-04-27.json:bag_0518100000247917,n_vertices,34
not_watertight,Source A,Stationsbuurt_2022-04-27.json,Stationsbuurt_2022-04-27.json:bag_0518100000214540,n_vertices,38
not_watertight,Source A,Stationsbuurt_2022-04-27.json,Stationsbuurt_2022-04-27.json:bag_0518100000204315,n_vertices,177
not_watertight,Source A,Stationsbuurt_2022-04-27.json,Stationsbuurt_2022-04-27.json:bag_0518100000284845,n_vertices,82
not_watertight,Source A,Stationsbuurt_2022-04-27.json,Stationsbuurt_2022-04-27.json:bag_0518100000288876,n_vertices,121
not_watertight,Source A,Stationsbuurt_2022-04-27.json,Stationsbuurt_2022-04-27.json:bag_0518100000317089,n_vertices,80
not_watertight,Source A,Stationsbuurt_2022-04-27.json,Stationsbuurt_2022-04-27.json:bag_0518100000204737,n_vertices,36
not_watertight,Source A,Stationsbuurt_2022-04-27.json,Stationsbuurt_2022-04-27.json:bag_0518100000328549,n_vertices,36
not_watertight,Source A,Stationsbuurt_2022-04-27.json,Stationsbuurt_2022-04-27.json:bag_0518100000336605,n_vertices,39
not_watertight,Source A,Stationsbuurt_2022-04-27.json,Stationsbuurt_2022-04-27.json:bag_0518100000248336,n_vertices,35
not_watertight,Source A,Stationsbuurt_2022-04-27.json,Stationsbuurt_2022-04-27.json:bag_0518100000236169,n_vertices,76
not_watertight,Source A,Stationsbuurt_2022-04-27.json,Stationsbuurt_2022-04-27.json:bag_0518100000339157,n_vertices,28
not_watertight,Source A,Stationsbuurt_2022-04-27.json,Stationsbuurt_2022-04-27.json:bag_0518100000354231,n_vertices,26
not_watertight,Source A,Stationsbuurt_2022-04-27.json,Stationsbuurt_2022-04-27.json:bag_0518100000352766,n_vertices,830
not_watertight,Source A,Stationsbuurt_2022-04-27.json,Stationsbuurt_2022-04-27.json:bag_0518100000347283,n_vertices,122
not_watertight,Source A,Stationsbuurt_2022-04-27.json,Stationsbuurt_2022-04-27.json:bag_0518100000314442,n_vertices,1110
not_watertight,Source A,Stationsbuurt_2022-04-27.json,Stationsbuurt_2022-04-27.json:bag_0518100000270642,n_vertices,25
not_watertight,Source A,Stationsbuurt_2022-04-27.json,Stationsbuurt_2022-04-27.json:bag_0518100000307966,n_vertices,64
not_watertight,Source A,Stationsbuurt_2022-04-27.json,Stationsbuurt_2022-04-27.json:bag_0518100000328042,n_vertices,22
not_watertight,Source A,Stationsbuurt_2022-04-27.json,Stationsbuurt_2022-04-27.json:bag_0518100001652067,n_vertices,66
not_watertight,Source A,Stationsbuurt_2022-04-27.json,Stationsbuurt_2022-04-27.json:bag_0518100001629120,n_vertices,259
not_watertight,Source A,Stationsbuurt_2022-04-27.json,Stationsbuurt_2022-04-27.json:bag_0518100000315205,n_vertices,353
not_watertight,Source A,Stationsbuurt_2022-04-27.json,Stationsbuurt_2022-04-27.json:bag_0518100000288999,n_vertices,80
not_watertight,Source A,Stationsbuurt_2022-04-27.json,Stationsbuurt_2022-04-27.json:bag_0518100000325820,n_vertices,84
not_watertight,Source A,Stationsbuurt_2022-04-27.json,Stationsbuurt_2022-04-27.json:bag_0518100000298364,n_vertices,227
not_watertight,Source A,Stationsbuurt_2022-04-27.json,Stationsbuurt_2022-04-27.json:bag_0518100000327239,n_vertices,23
not_watertight,Source A,Stationsbuurt_2022-04-27.json,Stationsbuurt_2022-04-27.json:bag_0518100000285418,n_vertices,98
not_watertight,Source A,Stationsbuurt_2022-04-27.json,Stationsbuurt_2022-04-27.json:bag_0518100000223113,n_vertices,42
not_watertight,Source A,Stationsbuurt_2022-04-27.json,Stationsbuurt_2022-04-27.json:bag_0518100000319089,n_vertices,24
not_watertight,Source A,Stationsbuurt_2022-04-27.json,Stationsbuurt_2022-04-27.json:bag_0518100000221773,n_vertices,81
not_watertight,Source A,Stationsbuurt_2022-04-27.json,Stationsbuurt_2022-04-27.json:bag_0518100000315657,n_vertices,427
not_watertight,Source A,Stationsbuurt_2022-04-27.json,Stationsbuurt_2022-04-27.json:bag_0518100001766559,n_vertices,35
not_watertight,Source A,TheHague3D_batch_01a_Landmark_Attributed_2021-06-29.json,TheHague3D_batch_01a_Landmark_Attributed_2021-06-29.json:bag_0518100000317226,n_vertices,1290
not_watertight,Source A,TheHague3D_batch_01a_Landmark_Attributed_2021-06-29.json,TheHague3D_batch_01a_Landmark_Attributed_2021-06-29.json:bag_0518100000269743,n_vertices,2109
not_watertight,Source A,TheHague3D_batch_01a_Landmark_Attributed_2021-06-29.json,TheHague3D_batch_01a_Landmark_Attributed_2021-06-29.json:bag_0518100000211472,n_vertices,1823
not_watertight,Source A,TheHague3D_batch_01a_part01_attributed_2021-06-29.json,TheHague3D_batch_01a_part01_attributed_2021-06-29.json:bag_0518100000344028,n_vertices,246
not_watertight,Source A,TheHague3D_batch_01a_part01_attributed_2021-06-29.json,TheHague3D_batch_01a_part01_attributed_2021-06-29.json:bag_0518100000205320,n_vertices,79
not_watertight,Source A,TheHague3D_batch_01a_part01_attributed_2021-06-29.json,TheHague3D_batch_01a_part01_attributed_2021-06-29.json:bag_0518100000344807,n_vertices,68
not_watertight,Source A,TheHague3D_batch_01a_part01_attributed_2021-06-29.json,TheHague3D_batch_01a_part01_attributed_2021-06-29.json:bag_0518100000271899,n_vertices,61
not_watertight,Source A,TheHague3D_batch_01a_part01_attributed_2021-06-29.json,TheHague3D_batch_01a_part01_attributed_2021-06-29.json:bag_0518100000318531,n_vertices,201
not_watertight,Source A,TheHague3D_batch_01a_part01_attributed_2021-06-29.json,TheHague3D_batch_01a_part01_attributed_2021-06-29.json:bag_0518100000276785,n_vertices,213
not_watertight,Source A,TheHague3D_batch_01a_part01_attributed_2021-06-29.json,TheHague3D_batch_01a_part01_attributed_2021-06-29.json:bag_0518100000315310,n_vertices,322
not_watertight,Source A,TheHague3D_batch_01a_part01_attributed_2021-06-29.json,TheHague3D_batch_01a_part01_attributed_2021-06-29.json:bag_0518100000343176,n_vertices,348
not_watertight,Source A,TheHague3D_batch_01a_part01_attributed_2021-06-29.json,TheHague3D_batch_01a_part01_attributed_2021-06-29.json:bag_0518100000231022,n_vertices,22
not_watertight,Source A,TheHague3D_batch_01a_part01_attributed_2021-06-29.json,TheHague3D_batch_01a_part01_attributed_2021-06-29.json:bag_0518100000325697,n_vertices,88
not_watertight,Source A,TheHague3D_batch_01a_part01_attributed_2021-06-29.json,TheHague3D_batch_01a_part01_attributed_2021-06-29.json:bag_0518100000225068,n_vertices,77
not_watertight,Source A,TheHague3D_batch_01a_part01_attributed_2021-06-29.json,TheHague3D_batch_01a_part01_attributed_2021-06-29.json:bag_0518100000339442,n_vertices,205
not_watertight,Source A,TheHague3D_batch_01a_part01_attributed_2021-06-29.json,TheHague3D_batch_01a_part01_attributed_2021-06-29.json:bag_0518100000272606,n_vertices,99
not_watertight,Source A,TheHague3D_batch_01a_part01_attributed_2021-06-29.json,TheHague3D_batch_01a_part01_attributed_2021-06-29.json:bag_0518100000215932,n_vertices,94
not_watertight,Source A,TheHague3D_batch_01a_part01_attributed_2021-06-29.json,TheHague3D_batch_01a_part01_attributed_2021-06-29.json:bag_0518100000283439,n_vertices,124
not_watertight,Source A,TheHague3D_batch_01a_part01_attributed_2021-06-29.json,TheHague3D_batch_01a_part01_attributed_2021-06-29.json:bag_0518100000244634,n_vertices,65
not_watertight,Source A,TheHague3D_batch_01a_part01_attributed_2021-06-29.json,TheHague3D_batch_01a_part01_attributed_2021-06-29.json:bag_0518100000234703,n_vertices,94
not_watertight,Source A,TheHague3D_batch_01a_part01_attributed_2021-06-29.json,TheHague3D_batch_01a_part01_attributed_2021-06-29.json:bag_0518100000344901,n_vertices,61
not_watertight,Source A,TheHague3D_batch_01a_part01_attributed_2021-06-29.json,TheHague3D_batch_01a_part01_attributed_2021-06-29.json:bag_0518100000271256,n_vertices,49
not_watertight,Source A,TheHague3D_batch_01a_part01_attributed_2021-06-29.json,TheHague3D_batch_01a_part01_attributed_2021-06-29.json:bag_0518100000236843,n_vertices,302
not_watertight,Source A,TheHague3D_batch_01a_part01_attributed_2021-06-29.json,TheHague3D_batch_01a_part01_attributed_2021-06-29.json:bag_0518100000281612,n_vertices,326
not_watertight,Source A,TheHague3D_batch_01a_part01_attributed_2021-06-29.json,TheHague3D_batch_01a_part01_attributed_2021-06-29.json:bag_0518100000217534,n_vertices,96
not_watertight,Source A,TheHague3D_batch_01a_part01_attributed_2021-06-29.json,TheHague3D_batch_01a_part01_attributed_2021-06-29.json:bag_0518100000319238,n_vertices,178
not_watertight,Source A,TheHague3D_batch_01a_part01_attributed_2021-06-29.json,TheHague3D_batch_01a_part01_attributed_2021-06-29.json:bag_0518100000225003,n_vertices,37
not_watertight,Source A,TheHague3D_batch_01a_part01_attributed_2021-06-29.json,TheHague3D_batch_01a_part01_attributed_2021-06-29.json:bag_0518100000315341,n_vertices,68
not_watertight,Source A,TheHague3D_batch_01a_part01_attributed_2021-06-29.json,TheHague3D_batch_01a_part01_attributed_2021-06-29.json:bag_0518100000301182,n_vertices,107
not_watertight,Source A,TheHague3D_batch_01a_part01_attributed_2021-06-29.json,TheHague3D_batch_01a_part01_attributed_2021-06-29.json:bag_0518100000334053,n_vertices,105
not_watertight,Source A,TheHague3D_batch_01a_part01_attributed_2021-06-29.json,TheHague3D_batch_01a_part01_attributed_2021-06-29.json:bag_0518100000204625,n_vertices,110
not_watertight,Source A,TheHague3D_batch_01a_part01_attributed_2021-06-29.json,TheHague3D_batch_01a_part01_attributed_2021-06-29.json:bag_0518100000333280,n_vertices,759
not_watertight,Source A,TheHague3D_batch_01a_part01_attributed_2021-06-29.json,TheHague3D_batch_01a_part01_attributed_2021-06-29.json:bag_0518100000240345,n_vertices,27
not_watertight,Source A,TheHague3D_batch_01a_part01_attributed_2021-06-29.json,TheHague3D_batch_01a_part01_attributed_2021-06-29.json:bag_0518100000239034,n_vertices,58
not_watertight,Source A,TheHague3D_batch_01a_part01_attributed_2021-06-29.json,TheHague3D_batch_01a_part01_attributed_2021-06-29.json:bag_0518100000318653,n_vertices,364
not_watertight,Source A,TheHague3D_batch_01a_part01_attributed_2021-06-29.json,TheHague3D_batch_01a_part01_attributed_2021-06-29.json:bag_0518100000316221,n_vertices,43
not_watertight,Source A,TheHague3D_batch_01a_part01_attributed_2021-06-29.json,TheHague3D_batch_01a_part01_attributed_2021-06-29.json:bag_0518100000271578,n_vertices,23
not_watertight,Source A,TheHague3D_batch_01a_part01_attributed_2021-06-29.json,TheHague3D_batch_01a_part01_attributed_2021-06-29.json:bag_0518100000338695,n_vertices,244
not_watertight,Source A,TheHague3D_batch_01a_part01_attributed_2021-06-29.json,TheHague3D_batch_01a_part01_attributed_2021-06-29.json:bag_0518100000274795,n_vertices,208
not_watertight,Source A,TheHague3D_batch_01a_part02_attributed_2021-06-29.json,TheHague3D_batch_01a_part02_attributed_2021-06-29.json:bag_0518100000290920,n_vertices,211
not_watertight,Source A,TheHague3D_batch_01a_part02_attributed_2021-06-29.json,TheHague3D_batch_01a_part02_attributed_2021-06-29.json:bag_0518100000272165,n_vertices,171
not_watertight,Source A,TheHague3D_batch_01a_part02_attributed_2021-06-29.json,TheHague3D_batch_01a_part02_attributed_2021-06-29.json:bag_0518100000224538,n_vertices,236
not_watertight,Source A,TheHague3D_batch_01a_part02_attributed_2021-06-29.json,TheHague3D_batch_01a_part02_attributed_2021-06-29.json:bag_0518100000249465,n_vertices,61
not_watertight,Source A,TheHague3D_batch_01a_part02_attributed_2021-06-29.json,TheHague3D_batch_01a_part02_attributed_2021-06-29.json:bag_0518100000252512,n_vertices,120
not_watertight,Source A,TheHague3D_batch_01a_part02_attributed_2021-06-29.json,TheHague3D_batch_01a_part02_attributed_2021-06-29.json:bag_0518100000302641,n_vertices,200
not_watertight,Source A,TheHague3D_batch_01a_part02_attributed_2021-06-29.json,TheHague3D_batch_01a_part02_attributed_2021-06-29.json:bag_0518100000339315,n_vertices,152
not_watertight,Source A,TheHague3D_batch_01a_part02_attributed_2021-06-29.json,TheHague3D_batch_01a_part02_attributed_2021-06-29.json:bag_0518100000295815,n_vertices,276
not_watertight,Source A,TheHague3D_batch_01a_part02_attributed_2021-06-29.json,TheHague3D_batch_01a_part02_attributed_2021-06-29.json:bag_0518100000222809,n_vertices,163
not_watertight,Source A,TheHague3D_batch_01a_part02_attributed_2021-06-29.json,TheHague3D_batch_01a_part02_attributed_2021-06-29.json:bag_0518100000279808,n_vertices,46
not_watertight,Source A,TheHague3D_batch_01a_part02_attributed_2021-06-29.json,TheHague3D_batch_01a_part02_attributed_2021-06-29.json:bag_0518100000352953,n_vertices,75
not_watertight,Source A,TheHague3D_batch_01a_part02_attributed_2021-06-29.json,TheHague3D_batch_01a_part02_attributed_2021-06-29.json:bag_0518100000324252,n_vertices,129
not_watertight,Source A,TheHague3D_batch_01a_part02_attributed_2021-06-29.json,TheHague3D_batch_01a_part02_attributed_2021-06-29.json:bag_0518100001754656,n_vertices,425
not_watertight,Source A,TheHague3D_batch_01a_part02_attributed_2021-06-29.json,TheHague3D_batch_01a_part02_attributed_2021-06-29.json:bag_0518100000228617,n_vertices,192
not_watertight,Source A,TheHague3D_batch_01a_part02_attributed_2021-06-29.json,TheHague3D_batch_01a_part02_attributed_2021-06-29.json:bag_0518100000335237,n_vertices,503
not_watertight,Source A,TheHague3D_batch_01a_part02_attributed_2021-06-29.json,TheHague3D_batch_01a_part02_attributed_2021-06-29.json:bag_0518100001754926,n_vertices,549
not_watertight,Source A,TheHague3D_batch_01a_part02_attributed_2021-06-29.json,TheHague3D_batch_01a_part02_attributed_2021-06-29.json:bag_0518100000203570,n_vertices,277
not_watertight,Source A,TheHague3D_batch_01a_part02_attributed_2021-06-29.json,TheHague3D_batch_01a_part02_attributed_2021-06-29.json:bag_0518100000285797,n_vertices,74
not_watertight,Source A,TheHague3D_batch_01a_part02_attributed_2021-06-29.json,TheHague3D_batch_01a_part02_attributed_2021-06-29.json:bag_0518100000271980,n_vertices,677
not_watertight,Source A,TheHague3D_batch_01a_part02_attributed_2021-06-29.json,TheHague3D_batch_01a_part02_attributed_2021-06-29.json:bag_0518100000270444,n_vertices,212
not_watertight,Source A,TheHague3D_batch_01a_part02_attributed_2021-06-29.json,TheHague3D_batch_01a_part02_attributed_2021-06-29.json:bag_0518100000287656,n_vertices,68
not_watertight,Source A,TheHague3D_batch_01a_part02_attributed_2021-06-29.json,TheHague3D_batch_01a_part02_attributed_2021-06-29.json:bag_0518100000342971,n_vertices,70
not_watertight,Source A,TheHague3D_batch_01a_part02_attributed_2021-06-29.json,TheHague3D_batch_01a_part02_attributed_2021-06-29.json:bag_0518100001640003,n_vertices,59
not_watertight,Source A,TheHague3D_batch_01a_part02_attributed_2021-06-29.json,TheHague3D_batch_01a_part02_attributed_2021-06-29.json:bag_0518100000339029,n_vertices,118
not_watertight,Source A,TheHague3D_batch_01a_part02_attributed_2021-06-29.json,TheHague3D_batch_01a_part02_attributed_2021-06-29.json:bag_0518100000222550,n_vertices,196
not_watertight,Source A,TheHague3D_batch_01a_part02_attributed_2021-06-29.json,TheHague3D_batch_01a_part02_attributed_2021-06-29.json:bag_0518100000206625,n_vertices,635
not_watertight,Source A,TheHague3D_batch_01a_part02_attributed_2021-06-29.json,TheHague3D_batch_01a_part02_attributed_2021-06-29.json:bag_0518100000352755,n_vertices,174
not_watertight,Source A,TheHague3D_batch_01a_part02_attributed_2021-06-29.json,TheHague3D_batch_01a_part02_attributed_2021-06-29.json:bag_0518100000323818,n_vertices,326
not_watertight,Source A,TheHague3D_batch_01a_part02_attributed_2021-06-29.json,TheHague3D_batch_01a_part02_attributed_2021-06-29.json:bag_0518100000271038,n_vertices,126
not_watertight,Source A,TheHague3D_batch_01a_part02_attributed_2021-06-29.json,TheHague3D_batch_01a_part02_attributed_2021-06-29.json:bag_0518100000315046,n_vertices,335
not_watertight,Source A,TheHague3D_batch_01a_part02_attributed_2021-06-29.json,TheHague3D_batch_01a_part02_attributed_2021-06-29.json:bag_0518100000241078,n_vertices,139
not_watertight,Source A,TheHague3D_batch_01a_part03_attributed_2021-06-29.json,TheHague3D_batch_01a_part03_attributed_2021-06-29.json:bag_0518100000303996,n_vertices,49
not_watertight,Source A,TheHague3D_batch_01a_part03_attributed_2021-06-29.json,TheHague3D_batch_01a_part03_attributed_2021-06-29.json:bag_0518100000321727,n_vertices,26
not_watertight,Source A,TheHague3D_batch_01a_part03_attributed_2021-06-29.json,TheHague3D_batch_01a_part03_attributed_2021-06-29.json:bag_0518100000238910,n_vertices,49
not_watertight,Source A,TheHague3D_batch_01a_part03_attributed_2021-06-29.json,TheHague3D_batch_01a_part03_attributed_2021-06-29.json:bag_0518100000319661,n_vertices,17
not_watertight,Source A,TheHague3D_batch_01a_part03_attributed_2021-06-29.json,TheHague3D_batch_01a_part03_attributed_2021-06-29.json:bag_0518100000303357,n_vertices,155
not_watertight,Source A,TheHague3D_batch_01a_part03_attributed_2021-06-29.json,TheHague3D_batch_01a_part03_attributed_2021-06-29.json:bag_0518100000241849,n_vertices,95
not_watertight,Source A,TheHague3D_batch_01a_part03_attributed_2021-06-29.json,TheHague3D_batch_01a_part03_attributed_2021-06-29.json:bag_0518100000277513,n_vertices,224
not_watertight,Source A,TheHague3D_batch_01a_part03_attributed_2021-06-29.json,TheHague3D_batch_01a_part03_attributed_2021-06-29.json:bag_0518100000286355,n_vertices,65
not_watertight,Source A,TheHague3D_batch_01a_part03_attributed_2021-06-29.json,TheHague3D_batch_01a_part03_attributed_2021-06-29.json:bag_0518100000300779,n_vertices,26
not_watertight,Source A,TheHague3D_batch_01a_part03_attributed_2021-06-29.json,TheHague3D_batch_01a_part03_attributed_2021-06-29.json:bag_0518100000215760,n_vertices,96
not_watertight,Source A,TheHague3D_batch_01a_part03_attributed_2021-06-29.json,TheHague3D_batch_01a_part03_attributed_2021-06-29.json:bag_0518100000336727,n_vertices,85
not_watertight,Source A,TheHague3D_batch_01a_part03_attributed_2021-06-29.json,TheHague3D_batch_01a_part03_attributed_2021-06-29.json:bag_0518100000340385,n_vertices,71
not_watertight,Source A,TheHague3D_batch_01a_part03_attributed_2021-06-29.json,TheHague3D_batch_01a_part03_attributed_2021-06-29.json:bag_0518100000270385,n_vertices,163
not_watertight,Source A,TheHague3D_batch_01a_part03_attributed_2021-06-29.json,TheHague3D_batch_01a_part03_attributed_2021-06-29.json:bag_0518100000303071,n_vertices,23
not_watertight,Source A,TheHague3D_batch_01a_part03_attributed_2021-06-29.json,TheHague3D_batch_01a_part03_attributed_2021-06-29.json:bag_0518100000336032,n_vertices,31
not_watertight,Source A,TheHague3D_batch_01a_part03_attributed_2021-06-29.json,TheHague3D_batch_01a_part03_attributed_2021-06-29.json:bag_0518100000272774,n_vertices,198
not_watertight,Source A,TheHague3D_batch_01a_part03_attributed_2021-06-29.json,TheHague3D_batch_01a_part03_attributed_2021-06-29.json:bag_0518100000322572,n_vertices,117
not_watertight,Source A,TheHague3D_batch_01a_part03_attributed_2021-06-29.json,TheHague3D_batch_01a_part03_attributed_2021-06-29.json:bag_0518100000343670,n_vertices,57
not_watertight,Source A,TheHague3D_batch_01a_part03_attributed_2021-06-29.json,TheHague3D_batch_01a_part03_attributed_2021-06-29.json:bag_0518100000303503,n_vertices,45
not_watertight,Source A,TheHague3D_batch_01a_part03_attributed_2021-06-29.json,TheHague3D_batch_01a_part03_attributed_2021-06-29.json:bag_0518100000225762,n_vertices,55
not_watertight,Source A,TheHague3D_batch_01a_part03_attributed_2021-06-29.json,TheHague3D_batch_01a_part03_attributed_2021-06-29.json:bag_0518100000353685,n_vertices,56
not_watertight,Source A,TheHague3D_batch_01a_part03_attributed_2021-06-29.json,TheHague3D_batch_01a_part03_attributed_2021-06-29.json:bag_0518100000300306,n_vertices,135
not_watertight,Source A,TheHague3D_batch_01a_part03_attributed_2021-06-29.json,TheHague3D_batch_01a_part03_attributed_2021-06-29.json:bag_0518100000324924,n_vertices,66
not_watertight,Source A,TheHague3D_batch_01a_part03_attributed_2021-06-29.json,TheHague3D_batch_01a_part03_attributed_2021-06-29.json:bag_0518100000345293,n_vertices,117
not_watertight,Source A,TheHague3D_batch_01a_part03_attributed_2021-06-29.json,TheHague3D_batch_01a_part03_attributed_2021-06-29.json:bag_0518100000272428,n_vertices,39
not_watertight,Source A,TheHague3D_batch_01a_part03_attributed_2021-06-29.json,TheHague3D_batch_01a_part03_attributed_2021-06-29.json:bag_0518100000302884,n_vertices,62
not_watertight,Source A,TheHague3D_batch_01a_part03_attributed_2021-06-29.json,TheHague3D_batch_01a_part03_attributed_2021-06-29.json:bag_0518100000276137,n_vertices,200
not_watertight,Source A,TheHague3D_batch_01a_part03_attributed_2021-06-29.json,TheHague3D_batch_01a_part03_attributed_2021-06-29.json:bag_0518100000215794,n_vertices,68
not_watertight,Source A,TheHague3D_batch_01a_part03_attributed_2021-06-29.json,TheHague3D_batch_01a_part03_attributed_2021-06-29.json:bag_0518100001640130,n_vertices,21
not_watertight,Source A,TheHague3D_batch_01a_part03_attributed_2021-06-29.json,TheHague3D_batch_01a_part03_attributed_2021-06-29.json:bag_0518100000213816,n_vertices,202
not_watertight,Source A,TheHague3D_batch_01a_part03_attributed_2021-06-29.json,TheHague3D_batch_01a_part03_attributed_2021-06-29.json:bag_0518100000276247,n_vertices,68
not_watertight,Source A,TheHague3D_batch_01a_part03_attributed_2021-06-29.json,TheHague3D_batch_01a_part03_attributed_2021-06-29.json:bag_0518100000212464,n_vertices,149
not_watertight,Source A,TheHague3D_batch_01a_part03_attributed_2021-06-29.json,TheHague3D_batch_01a_part03_attributed_2021-06-29.json:bag_0518100000216439,n_vertices,29
not_watertight,Source A,TheHague3D_batch_01a_part03_attributed_2021-06-29.json,TheHague3D_batch_01a_part03_attributed_2021-06-29.json:bag_0518100000241817,n_vertices,253
not_watertight,Source A,TheHague3D_batch_01a_part03_attributed_2021-06-29.json,TheHague3D_batch_01a_part03_attributed_2021-06-29.json:bag_0518100000273326,n_vertices,646
not_watertight,Source A,TheHague3D_batch_01a_part03_attributed_2021-06-29.json,TheHague3D_batch_01a_part03_attributed_2021-06-29.json:bag_0518100000233881,n_vertices,162
not_watertight,Source A,TheHague3D_batch_01a_part03_attributed_2021-06-29.json,TheHague3D_batch_01a_part03_attributed_2021-06-29.json:bag_0518100000319244,n_vertices,113
not_watertight,Source A,TheHague3D_batch_01a_part03_attributed_2021-06-29.json,TheHague3D_batch_01a_part03_attributed_2021-06-29.json:bag_0518100000217735,n_vertices,133
not_watertight,Source A,TheHague3D_batch_01a_part03_attributed_2021-06-29.json,TheHague3D_batch_01a_part03_attributed_2021-06-29.json:bag_0518100000209172,n_vertices,55
not_watertight,Source A,TheHague3D_batch_01a_part03_attributed_2021-06-29.json,TheHague3D_batch_01a_part03_attributed_2021-06-29.json:bag_0518100000301957,n_vertices,141
not_watertight,Source A,TheHague3D_batch_01a_part03_attributed_2021-06-29.json,TheHague3D_batch_01a_part03_attributed_2021-06-29.json:bag_0518100000206307,n_vertices,201
not_watertight,Source A,TheHague3D_batch_01a_part03_attributed_2021-06-29.json,TheHague3D_batch_01a_part03_attributed_2021-06-29.json:bag_0518100000301999,n_vertices,44
not_watertight,Source A,TheHague3D_batch_01a_part03_attributed_2021-06-29.json,TheHague3D_batch_01a_part03_attributed_2021-06-29.json:bag_0518100001638935,n_vertices,85
not_watertight,Source A,TheHague3D_batch_01a_part03_attributed_2021-06-29.json,TheHague3D_batch_01a_part03_attributed_2021-06-29.json:bag_0518100000291460,n_vertices,42
not_watertight,Source A,TheHague3D_batch_01a_part03_attributed_2021-06-29.json,TheHague3D_batch_01a_part03_attributed_2021-06-29.json:bag_0518100000286720,n_vertices,120
not_watertight,Source A,TheHague3D_batch_01a_part03_attributed_2021-06-29.json,TheHague3D_batch_01a_part03_attributed_2021-06-29.json:bag_0518100000217972,n_vertices,100
not_watertight,Source A,TheHague3D_batch_01a_part03_attributed_2021-06-29.json,TheHague3D_batch_01a_part03_attributed_2021-06-29.json:bag_0518100000277718,n_vertices,137
not_watertight,Source A,TheHague3D_batch_01a_part03_attributed_2021-06-29.json,TheHague3D_batch_01a_part03_attributed_2021-06-29.json:bag_0518100000205806,n_vertices,72
not_watertight,Source A,TheHague3D_batch_01a_part03_attributed_2021-06-29.json,TheHague3D_batch_01a_part03_attributed_2021-06-29.json:bag_0518100000302191,n_vertices,72
not_watertight,Source A,TheHague3D_batch_01a_part03_attributed_2021-06-29.json,TheHague3D_batch_01a_part03_attributed_2021-06-29.json:bag_0518100000226312,n_vertices,334
not_watertight,Source A,TheHague3D_batch_02_wijk29_attributed_2021_08_19.json,TheHague3D_batch_02_wijk29_attributed_2021_08_19.json:bag_0518100001643004,n_vertices,85
not_watertight,Source A,TheHague3D_batch_02_wijk29_attributed_2021_08_19.json,TheHague3D_batch_02_wijk29_attributed_2021_08_19.json:bag_0518100000225312,n_vertices,30
not_watertight,Source A,TheHague3D_batch_02_wijk29_attributed_2021_08_19.json,TheHague3D_batch_02_wijk29_attributed_2021_08_19.json:bag_0518100000325908,n_vertices,25
not_watertight,Source A,TheHague3D_batch_02_wijk29_attributed_2021_08_19.json,TheHague3D_batch_02_wijk29_attributed_2021_08_19.json:bag_0518100000238499,n_vertices,38
not_watertight,Source A,TheHague3D_batch_02_wijk29_attributed_2021_08_19.json,TheHague3D_batch_02_wijk29_attributed_2021_08_19.json:bag_0518100000315983,n_vertices,60
not_watertight,Source A,TheHague3D_batch_02_wijk29_attributed_2021_08_19.json,TheHague3D_batch_02_wijk29_attributed_2021_08_19.json:bag_0518100000215104,n_vertices,44
not_watertight,Source A,TheHague3D_batch_02_wijk29_attributed_2021_08_19.json,TheHague3D_batch_02_wijk29_attributed_2021_08_19.json:bag_0518100000321286,n_vertices,85
not_watertight,Source A,TheHague3D_batch_02_wijk29_attributed_2021_08_19.json,TheHague3D_batch_02_wijk29_attributed_2021_08_19.json:bag_0518100000342071,n_vertices,53
not_watertight,Source A,TheHague3D_batch_02_wijk29_attributed_2021_08_19.json,TheHague3D_batch_02_wijk29_attributed_2021_08_19.json:bag_0518100000213619,n_vertices,20
not_watertight,Source A,TheHague3D_batch_02_wijk29_attributed_2021_08_19.json,TheHague3D_batch_02_wijk29_attributed_2021_08_19.json:bag_0518100000284313,n_vertices,26
not_watertight,Source A,TheHague3D_batch_02_wijk29_attributed_2021_08_19.json,TheHague3D_batch_02_wijk29_attributed_2021_08_19.json:bag_0518100000205581,n_vertices,28
not_watertight,Source A,TheHague3D_batch_02_wijk29_attributed_2021_08_19.json,TheHague3D_batch_02_wijk29_attributed_2021_08_19.json:bag_0518100000353592,n_vertices,52
not_watertight,Source A,TheHague3D_batch_02_wijk29_attributed_2021_08_19.json,TheHague3D_batch_02_wijk29_attributed_2021_08_19.json:bag_0518100000337787,n_vertices,103
not_watertight,Source A,TheHague3D_batch_02_wijk29_attributed_2021_08_19.json,TheHague3D_batch_02_wijk29_attributed_2021_08_19.json:bag_0518100000232293,n_vertices,62
not_watertight,Source A,TheHague3D_batch_02_wijk29_attributed_2021_08_19.json,TheHague3D_batch_02_wijk29_attributed_2021_08_19.json:bag_0518100000206042,n_vertices,64
not_watertight,Source A,TheHague3D_batch_02_wijk29_attributed_2021_08_19.json,TheHague3D_batch_02_wijk29_attributed_2021_08_19.json:bag_0518100000208418,n_vertices,69
not_watertight,Source A,TheHague3D_batch_02_wijk29_attributed_2021_08_19.json,TheHague3D_batch_02_wijk29_attributed_2021_08_19.json:bag_0518100000282544,n_vertices,56
not_watertight,Source A,TheHague3D_batch_02_wijk29_attributed_2021_08_19.json,TheHague3D_batch_02_wijk29_attributed_2021_08_19.json:bag_0518100000217779,n_vertices,21
not_watertight,Source A,TheHague3D_batch_02_wijk29_attributed_2021_08_19.json,TheHague3D_batch_02_wijk29_attributed_2021_08_19.json:bag_0518100000283267,n_vertices,55
not_watertight,Source A,TheHague3D_batch_02_wijk29_attributed_2021_08_19.json,TheHague3D_batch_02_wijk29_attributed_2021_08_19.json:bag_0518100000220486,n_vertices,46
not_watertight,Source A,TheHague3D_batch_02_wijk29_attributed_2021_08_19.json,TheHague3D_batch_02_wijk29_attributed_2021_08_19.json:bag_0518100000277589,n_vertices,12
not_watertight,Source A,TheHague3D_batch_02_wijk29_attributed_2021_08_19.json,TheHague3D_batch_02_wijk29_attributed_2021_08_19.json:bag_0518100000296878,n_vertices,88
not_watertight,Source A,TheHague3D_batch_02_wijk29_attributed_2021_08_19.json,TheHague3D_batch_02_wijk29_attributed_2021_08_19.json:bag_0518100000203166,n_vertices,58
not_watertight,Source A,TheHague3D_batch_02_wijk29_attributed_2021_08_19.json,TheHague3D_batch_02_wijk29_attributed_2021_08_19.json:bag_0518100000296907,n_vertices,62
not_watertight,Source A,TheHague3D_batch_02_wijk29_attributed_2021_08_19.json,TheHague3D_batch_02_wijk29_attributed_2021_08_19.json:bag_0518100000221298,n_vertices,54
not_watertight,Source A,TheHague3D_batch_02_wijk29_attributed_2021_08_19.json,TheHague3D_batch_02_wijk29_attributed_2021_08_19.json:bag_0518100000212775,n_vertices,56
not_watertight,Source A,TheHague3D_batch_02_wijk29_attributed_2021_08_19.json,TheHague3D_batch_02_wijk29_attributed_2021_08_19.json:bag_0518100000226703,n_vertices,16
not_watertight,Source A,TheHague3D_batch_02_wijk29_attributed_2021_08_19.json,TheHague3D_batch_02_wijk29_attributed_2021_08_19.json:bag_0518100000336786,n_vertices,30
not_watertight,Source A,TheHague3D_batch_02_wijk29_attributed_2021_08_19.json,TheHague3D_batch_02_wijk29_attributed_2021_08_19.json:bag_0518100000337089,n_vertices,61
not_watertight,Source A,TheHague3D_batch_02_wijk29_attributed_2021_08_19.json,TheHague3D_batch_02_wijk29_attributed_2021_08_19.json:bag_0518100000319695,n_vertices,16
not_watertight,Source A,TheHague3D_batch_02_wijk29_attributed_2021_08_19.json,TheHague3D_batch_02_wijk29_attributed_2021_08_19.json:bag_0518100000271615,n_vertices,154
not_watertight,Source A,TheHague3D_batch_02_wijk29_attributed_2021_08_19.json,TheHague3D_batch_02_wijk29_attributed_2021_08_19.json:bag_0518100000300494,n_vertices,21
not_watertight,Source A,TheHague3D_batch_02_wijk29_attributed_2021_08_19.json,TheHague3D_batch_02_wijk29_attributed_2021_08_19.json:bag_0518100000212290,n_vertices,92
not_watertight,Source A,TheHague3D_batch_02_wijk29_attributed_2021_08_19.json,TheHague3D_batch_02_wijk29_attributed_2021_08_19.json:bag_0518100000225792,n_vertices,16
not_watertight,Source A,TheHague3D_batch_02_wijk29_attributed_2021_08_19.json,TheHague3D_batch_02_wijk29_attributed_2021_08_19.json:bag_0518100000338787,n_vertices,60
not_watertight,Source A,TheHague3D_batch_02_wijk29_attributed_2021_08_19.json,TheHague3D_batch_02_wijk29_attributed_2021_08_19.json:bag_0518100000270378,n_vertices,34
not_watertight,Source A,TheHague3D_batch_02_wijk29_attributed_2021_08_19.json,TheHague3D_batch_02_wijk29_attributed_2021_08_19.json:bag_0518100000217129,n_vertices,67
not_watertight,Source A,TheHague3D_batch_02_wijk29_attributed_2021_08_19.json,TheHague3D_batch_02_wijk29_attributed_2021_08_19.json:bag_0518100000306869,n_vertices,41
not_watertight,Source A,TheHague3D_batch_02_wijk29_attributed_2021_08_19.json,TheHague3D_batch_02_wijk29_attributed_2021_08_19.json:bag_0518100000221177,n_vertices,30
not_watertight,Source A,TheHague3D_batch_02_wijk29_attributed_2021_08_19.json,TheHague3D_batch_02_wijk29_attributed_2021_08_19.json:bag_0518100000340912,n_vertices,30
not_watertight,Source A,TheHague3D_batch_02_wijk29_attributed_2021_08_19.json,TheHague3D_batch_02_wijk29_attributed_2021_08_19.json:bag_0518100000298564,n_vertices,32
not_watertight,Source A,TheHague3D_batch_02_wijk29_attributed_2021_08_19.json,TheHague3D_batch_02_wijk29_attributed_2021_08_19.json:bag_0518100000326203,n_vertices,48
not_watertight,Source A,TheHague3D_batch_02_wijk29_attributed_2021_08_19.json,TheHague3D_batch_02_wijk29_attributed_2021_08_19.json:bag_0518100000226345,n_vertices,20
not_watertight,Source A,TheHague3D_batch_02_wijk29_attributed_2021_08_19.json,TheHague3D_batch_02_wijk29_attributed_2021_08_19.json:bag_0518100000300736,n_vertices,72
not_watertight,Source A,TheHague3D_batch_02_wijk29_attributed_2021_08_19.json,TheHague3D_batch_02_wijk29_attributed_2021_08_19.json:bag_0518100001669822,n_vertices,16
not_watertight,Source A,TheHague3D_batch_02_wijk29_attributed_2021_08_19.json,TheHague3D_batch_02_wijk29_attributed_2021_08_19.json:bag_0518100000218062,n_vertices,22
not_watertight,Source A,TheHague3D_batch_02_wijk29_attributed_2021_08_19.json,TheHague3D_batch_02_wijk29_attributed_2021_08_19.json:bag_0518100000316374,n_vertices,35
not_watertight,Source A,TheHague3D_batch_02_wijk29_attributed_2021_08_19.json,TheHague3D_batch_02_wijk29_attributed_2021_08_19.json:bag_0518100000308085,n_vertices,38
not_watertight,Source A,TheHague3D_batch_02_wijk29_attributed_2021_08_19.json,TheHague3D_batch_02_wijk29_attributed_2021_08_19.json:bag_0518100000345348,n_vertices,16
not_watertight,Source A,TheHague3D_batch_02_wijk29_attributed_2021_08_19.json,TheHague3D_batch_02_wijk29_attributed_2021_08_19.json:bag_0518100000219361,n_vertices,52
not_watertight,Source A,TheHague3D_batch_02_wijk29_attributed_2021_08_19.json,TheHague3D_batch_02_wijk29_attributed_2021_08_19.json:bag_0518100000322485,n_vertices,37
not_watertight,Source A,TheHague3D_batch_02_wijk29_attributed_2021_08_19.json,TheHague3D_batch_02_wijk29_attributed_2021_08_19.json:bag_0518100000220523,n_vertices,56
not_watertight,Source A,TheHague3D_batch_02_wijk29_attributed_2021_08_19.json,TheHague3D_batch_02_wijk29_attributed_2021_08_19.json:bag_0518100001762671,n_vertices,10
not_watertight,Source A,TheHague3D_batch_02_wijk29_attributed_2021_08_19.json,TheHague3D_batch_02_wijk29_attributed_2021_08_19.json:bag_0518100000322179,n_vertices,21
not_watertight,Source A,TheHague3D_batch_02_wijk29_attributed_2021_08_19.json,TheHague3D_batch_02_wijk29_attributed_2021_08_19.json:bag_0518100000343458,n_vertices,10
not_watertight,Source A,TheHague3D_batch_02_wijk29_attributed_2021_08_19.json,TheHague3D_batch_02_wijk29_attributed_2021_08_19.json:bag_0518100000302059,n_vertices,32
not_watertight,Source A,TheHague3D_batch_02_wijk29_attributed_2021_08_19.json,TheHague3D_batch_02_wijk29_attributed_2021_08_19.json:bag_0518100000224159,n_vertices,22
not_watertight,Source A,TheHague3D_batch_02_wijk29_attributed_2021_08_19.json,TheHague3D_batch_02_wijk29_attributed_2021_08_19.json:bag_0518100000242095,n_vertices,106
not_watertight,Source A,TheHague3D_batch_02_wijk29_attributed_2021_08_19.json,TheHague3D_batch_02_wijk29_attributed_2021_08_19.json:bag_0518100000210890,n_vertices,64
not_watertight,Source A,TheHague3D_batch_02_wijk29_attributed_2021_08_19.json,TheHague3D_batch_02_wijk29_attributed_2021_08_19.json:bag_0518100000285211,n_vertices,74
not_watertight,Source A,TheHague3D_batch_02_wijk29_attributed_2021_08_19.json,TheHague3D_batch_02_wijk29_attributed_2021_08_19.json:bag_0518100000301649,n_vertices,50
not_watertight,Source A,TheHague3D_batch_02_wijk29_attributed_2021_08_19.json,TheHague3D_batch_02_wijk29_attributed_2021_08_19.json:bag_0518100000272045,n_vertices,24
not_watertight,Source A,TheHague3D_batch_02_wijk29_attributed_2021_08_19.json,TheHague3D_batch_02_wijk29_attributed_2021_08_19.json:bag_0518100000210215,n_vertices,89
not_watertight,Source A,TheHague3D_batch_02_wijk29_attributed_2021_08_19.json,TheHague3D_batch_02_wijk29_attributed_2021_08_19.json:bag_0518100000234487,n_vertices,22
not_watertight,Source A,TheHague3D_batch_02_wijk29_attributed_2021_08_19.json,TheHague3D_batch_02_wijk29_attributed_2021_08_19.json:bag_0518100000300573,n_vertices,12
not_watertight,Source A,TheHague3D_batch_02_wijk29_attributed_2021_08_19.json,TheHague3D_batch_02_wijk29_attributed_2021_08_19.json:bag_0518100000344319,n_vertices,105
not_watertight,Source A,TheHague3D_batch_02_wijk29_attributed_2021_08_19.json,TheHague3D_batch_02_wijk29_attributed_2021_08_19.json:bag_0518100000222350,n_vertices,38
not_watertight,Source A,TheHague3D_batch_02_wijk29_attributed_2021_08_19.json,TheHague3D_batch_02_wijk29_attributed_2021_08_19.json:bag_0518100000228811,n_vertices,24
not_watertight,Source A,TheHague3D_batch_02_wijk29_attributed_2021_08_19.json,TheHague3D_batch_02_wijk29_attributed_2021_08_19.json:bag_0518100000263861,n_vertices,14
not_watertight,Source A,TheHague3D_batch_02_wijk29_attributed_2021_08_19.json,TheHague3D_batch_02_wijk29_attributed_2021_08_19.json:bag_0518100000346711,n_vertices,22
not_watertight,Source A,TheHague3D_batch_02_wijk29_attributed_2021_08_19.json,TheHague3D_batch_02_wijk29_attributed_2021_08_19.json:bag_0518100000217126,n_vertices,30
not_watertight,Source A,TheHague3D_batch_02_wijk29_attributed_2021_08_19.json,TheHague3D_batch_02_wijk29_attributed_2021_08_19.json:bag_0518100000223827,n_vertices,32
not_watertight,Source A,TheHague3D_batch_02_wijk29_attributed_2021_08_19.json,TheHague3D_batch_02_wijk29_attributed_2021_08_19.json:bag_0518100000206736,n_vertices,86
not_watertight,Source A,TheHague3D_batch_02_wijk29_attributed_2021_08_19.json,TheHague3D_batch_02_wijk29_attributed_2021_08_19.json:bag_0518100000297928,n_vertices,30
not_watertight,Source A,TheHague3D_batch_02_wijk29_attributed_2021_08_19.json,TheHague3D_batch_02_wijk29_attributed_2021_08_19.json:bag_0518100000335939,n_vertices,28
not_watertight,Source A,TheHague3D_batch_02_wijk29_attributed_2021_08_19.json,TheHague3D_batch_02_wijk29_attributed_2021_08_19.json:bag_0518100000321985,n_vertices,28
not_watertight,Source A,TheHague3D_batch_02_wijk29_attributed_2021_08_19.json,TheHague3D_batch_02_wijk29_attributed_2021_08_19.json:bag_0518100000223950,n_vertices,38
not_watertight,Source A,TheHague3D_batch_02_wijk29_attributed_2021_08_19.json,TheHague3D_batch_02_wijk29_attributed_2021_08_19.json:bag_0518100001755745,n_vertices,10
not_watertight,Source A,TheHague3D_batch_02_wijk29_attributed_2021_08_19.json,TheHague3D_batch_02_wijk29_attributed_2021_08_19.json:bag_0518100000346748,n_vertices,45
not_watertight,Source A,TheHague3D_batch_02_wijk29_attributed_2021_08_19.json,TheHague3D_batch_02_wijk29_attributed_2021_08_19.json:bag_0518100000285758,n_vertices,50
not_watertight,Source A,TheHague3D_batch_02_wijk29_attributed_2021_08_19.json,TheHague3D_batch_02_wijk29_attributed_2021_08_19.json:bag_0518100000322163,n_vertices,27
not_watertight,Source A,TheHague3D_batch_02_wijk29_attributed_2021_08_19.json,TheHague3D_batch_02_wijk29_attributed_2021_08_19.json:bag_0518100000324014,n_vertices,55
not_watertight,Source A,TheHague3D_batch_02_wijk29_attributed_2021_08_19.json,TheHague3D_batch_02_wijk29_attributed_2021_08_19.json:bag_0518100000226253,n_vertices,18
not_watertight,Source A,TheHague3D_batch_02_wijk29_attributed_2021_08_19.json,TheHague3D_batch_02_wijk29_attributed_2021_08_19.json:bag_0518100000302269,n_vertices,34
not_watertight,Source A,TheHague3D_batch_02_wijk29_attributed_2021_08_19.json,TheHague3D_batch_02_wijk29_attributed_2021_08_19.json:bag_0518100001666798,n_vertices,12
not_watertight,Source A,TheHague3D_batch_02_wijk29_attributed_2021_08_19.json,TheHague3D_batch_02_wijk29_attributed_2021_08_19.json:bag_0518100000204931,n_vertices,20
not_watertight,Source A,TheHague3D_batch_02_wijk29_attributed_2021_08_19.json,TheHague3D_batch_02_wijk29_attributed_2021_08_19.json:bag_0518100000241305,n_vertices,16
not_watertight,Source A,TheHague3D_batch_02_wijk29_attributed_2021_08_19.json,TheHague3D_batch_02_wijk29_attributed_2021_08_19.json:bag_0518100000353008,n_vertices,48
not_watertight,Source A,TheHague3D_batch_02_wijk29_attributed_2021_08_19.json,TheHague3D_batch_02_wijk29_attributed_2021_08_19.json:bag_0518100000223727,n_vertices,24
not_watertight,Source A,TheHague3D_batch_02_wijk29_attributed_2021_08_19.json,TheHague3D_batch_02_wijk29_attributed_2021_08_19.json:bag_0518100000232564,n_vertices,22
not_watertight,Source A,TheHague3D_batch_02_wijk29_attributed_2021_08_19.json,TheHague3D_batch_02_wijk29_attributed_2021_08_19.json:bag_0518100001640167,n_vertices,36
not_watertight,Source A,TheHague3D_batch_02_wijk29_attributed_2021_08_19.json,TheHague3D_batch_02_wijk29_attributed_2021_08_19.json:bag_0518100000282343,n_vertices,40
not_watertight,Source A,TheHague3D_batch_02_wijk29_attributed_2021_08_19.json,TheHague3D_batch_02_wijk29_attributed_2021_08_19.json:bag_0518100000339180,n_vertices,26
not_watertight,Source A,TheHague3D_batch_02_wijk29_attributed_2021_08_19.json,TheHague3D_batch_02_wijk29_attributed_2021_08_19.json:bag_0518100000296998,n_vertices,28
not_watertight,Source A,TheHague3D_batch_02_wijk29_attributed_2021_08_19.json,TheHague3D_batch_02_wijk29_attributed_2021_08_19.json:bag_0518100000268837,n_vertices,14
not_watertight,Source A,TheHague3D_batch_02_wijk29_attributed_2021_08_19.json,TheHague3D_batch_02_wijk29_attributed_2021_08_19.json:bag_0518100000323487,n_vertices,22
not_watertight,Source A,TheHague3D_batch_02_wijk29_attributed_2021_08_19.json,TheHague3D_batch_02_wijk29_attributed_2021_08_19.json:bag_0518100000321730,n_vertices,36
not_watertight,Source A,TheHague3D_batch_02_wijk29_attributed_2021_08_19.json,TheHague3D_batch_02_wijk29_attributed_2021_08_19.json:bag_0518100000210571,n_vertices,24
not_watertight,Source A,TheHague3D_batch_02_wijk29_attributed_2021_08_19.json,TheHague3D_batch_02_wijk29_attributed_2021_08_19.json:bag_0518100000300096,n_vertices,44
not_watertight,Source A,TheHague3D_batch_02_wijk29_attributed_2021_08_19.json,TheHague3D_batch_02_wijk29_attributed_2021_08_19.json:bag_0518100000275142,n_vertices,57
not_watertight,Source A,TheHague3D_batch_02_wijk29_attributed_2021_08_19.json,TheHague3D_batch_02_wijk29_attributed_2021_08_19.json:bag_0518100000235808,n_vertices,26
not_watertight,Source A,TheHague3D_batch_02_wijk29_attributed_2021_08_19.json,TheHague3D_batch_02_wijk29_attributed_2021_08_19.json:bag_0518100000204705,n_vertices,30
not_watertight,Source A,TheHague3D_batch_02_wijk29_attributed_2021_08_19.json,TheHague3D_batch_02_wijk29_attributed_2021_08_19.json:bag_0518100000208515,n_vertices,249
not_watertight,Source A,TheHague3D_batch_02_wijk29_attributed_2021_08_19.json,TheHague3D_batch_02_wijk29_attributed_2021_08_19.json:bag_0518100000278560,n_vertices,63
not_watertight,Source A,TheHague3D_batch_02_wijk29_attributed_2021_08_19.json,TheHague3D_batch_02_wijk29_attributed_2021_08_19.json:bag_0518100000297368,n_vertices,106
not_watertight,Source A,TheHague3D_batch_02_wijk29_attributed_2021_08_19.json,TheHague3D_batch_02_wijk29_attributed_2021_08_19.json:bag_0518100000313362,n_vertices,14
not_watertight,Source A,TheHague3D_batch_02_wijk29_attributed_2021_08_19.json,TheHague3D_batch_02_wijk29_attributed_2021_08_19.json:bag_0518100000214777,n_vertices,20
not_watertight,Source A,TheHague3D_batch_02_wijk29_attributed_2021_08_19.json,TheHague3D_batch_02_wijk29_attributed_2021_08_19.json:bag_0518100000336782,n_vertices,14
not_watertight,Source A,TheHague3D_batch_02_wijk29_attributed_2021_08_19.json,TheHague3D_batch_02_wijk29_attributed_2021_08_19.json:bag_0518100001762657,n_vertices,10
not_watertight,Source A,TheHague3D_batch_02_wijk29_attributed_2021_08_19.json,TheHague3D_batch_02_wijk29_attributed_2021_08_19.json:bag_0518100000204195,n_vertices,22
not_watertight,Source A,TheHague3D_batch_02_wijk29_attributed_2021_08_19.json,TheHague3D_batch_02_wijk29_attributed_2021_08_19.json:bag_0518100000316460,n_vertices,66
not_watertight,Source A,TheHague3D_batch_02_wijk29_attributed_2021_08_19.json,TheHague3D_batch_02_wijk29_attributed_2021_08_19.json:bag_0518100000214280,n_vertices,214
not_watertight,Source A,TheHague3D_batch_02_wijk29_attributed_2021_08_19.json,TheHague3D_batch_02_wijk29_attributed_2021_08_19.json:bag_0518100000231518,n_vertices,20
not_watertight,Source A,TheHague3D_batch_02_wijk29_attributed_2021_08_19.json,TheHague3D_batch_02_wijk29_attributed_2021_08_19.json:bag_0518100000221963,n_vertices,10
not_watertight,Source A,TheHague3D_batch_02_wijk29_attributed_2021_08_19.json,TheHague3D_batch_02_wijk29_attributed_2021_08_19.json:bag_0518100000203155,n_vertices,26
not_watertight,Source A,TheHague3D_batch_02_wijk29_attributed_2021_08_19.json,TheHague3D_batch_02_wijk29_attributed_2021_08_19.json:bag_0518100000221545,n_vertices,40
not_watertight,Source A,TheHague3D_batch_02_wijk29_attributed_2021_08_19.json,TheHague3D_batch_02_wijk29_attributed_2021_08_19.json:bag_0518100000277049,n_vertices,34
not_watertight,Source A,TheHague3D_batch_02_wijk29_attributed_2021_08_19.json,TheHague3D_batch_02_wijk29_attributed_2021_08_19.json:bag_0518100000212325,n_vertices,48
not_watertight,Source A,TheHague3D_batch_02_wijk29_attributed_2021_08_19.json,TheHague3D_batch_02_wijk29_attributed_2021_08_19.json:bag_0518100000346015,n_vertices,64
not_watertight,Source A,TheHague3D_batch_02_wijk29_attributed_2021_08_19.json,TheHague3D_batch_02_wijk29_attributed_2021_08_19.json:bag_0518100000242983,n_vertices,16
not_watertight,Source A,TheHague3D_batch_02_wijk29_attributed_2021_08_19.json,TheHague3D_batch_02_wijk29_attributed_2021_08_19.json:bag_0518100000321098,n_vertices,95
not_watertight,Source A,TheHague3D_batch_02_wijk29_attributed_2021_08_19.json,TheHague3D_batch_02_wijk29_attributed_2021_08_19.json:bag_0518100000340895,n_vertices,30
not_watertight,Source A,TheHague3D_batch_02_wijk29_attributed_2021_08_19.json,TheHague3D_batch_02_wijk29_attributed_2021_08_19.json:bag_0518100000221169,n_vertices,26
not_watertight,Source A,TheHague3D_batch_02_wijk29_attributed_2021_08_19.json,TheHague3D_batch_02_wijk29_attributed_2021_08_19.json:bag_0518100000242656,n_vertices,68
not_watertight,Source A,TheHague3D_batch_02_wijk29_attributed_2021_08_19.json,TheHague3D_batch_02_wijk29_attributed_2021_08_19.json:bag_0518100000224257,n_vertices,24
not_watertight,Source A,TheHague3D_batch_02_wijk29_attributed_2021_08_19.json,TheHague3D_batch_02_wijk29_attributed_2021_08_19.json:bag_0518100000218658,n_vertices,38
not_watertight,Source A,TheHague3D_batch_02_wijk29_attributed_2021_08_19.json,TheHague3D_batch_02_wijk29_attributed_2021_08_19.json:bag_0518100000213202,n_vertices,22
not_watertight,Source A,TheHague3D_batch_02_wijk29_attributed_2021_08_19.json,TheHague3D_batch_02_wijk29_attributed_2021_08_19.json:bag_0518100000342970,n_vertices,50
not_watertight,Source A,TheHague3D_batch_02_wijk29_attributed_2021_08_19.json,TheHague3D_batch_02_wijk29_attributed_2021_08_19.json:bag_0518100000274623,n_vertices,40
not_watertight,Source A,TheHague3D_batch_02_wijk29_attributed_2021_08_19.json,TheHague3D_batch_02_wijk29_attributed_2021_08_19.json:bag_0518100000228851,n_vertices,31
not_watertight,Source A,TheHague3D_batch_02_wijk29_attributed_2021_08_19.json,TheHague3D_batch_02_wijk29_attributed_2021_08_19.json:bag_0518100000324365,n_vertices,53
not_watertight,Source A,TheHague3D_batch_02_wijk29_attributed_2021_08_19.json,TheHague3D_batch_02_wijk29_attributed_2021_08_19.json:bag_0518100000327606,n_vertices,24
not_watertight,Source A,TheHague3D_batch_02_wijk29_attributed_2021_08_19.json,TheHague3D_batch_02_wijk29_attributed_2021_08_19.json:bag_0518100000324432,n_vertices,72
not_watertight,Source A,TheHague3D_batch_02_wijk29_attributed_2021_08_19.json,TheHague3D_batch_02_wijk29_attributed_2021_08_19.json:bag_0518100000342842,n_vertices,70
not_watertight,Source A,TheHague3D_batch_02_wijk29_attributed_2021_08_19.json,TheHague3D_batch_02_wijk29_attributed_2021_08_19.json:bag_0518100000307183,n_vertices,101
not_watertight,Source A,TheHague3D_batch_02_wijk29_attributed_2021_08_19.json,TheHague3D_batch_02_wijk29_attributed_2021_08_19.json:bag_0518100000316941,n_vertices,24
not_watertight,Source A,TheHague3D_batch_02_wijk29_attributed_2021_08_19.json,TheHague3D_batch_02_wijk29_attributed_2021_08_19.json:bag_0518100000224595,n_vertices,56
not_watertight,Source A,TheHague3D_batch_02_wijk29_attributed_2021_08_19.json,TheHague3D_batch_02_wijk29_attributed_2021_08_19.json:bag_0518100000338632,n_vertices,40
not_watertight,Source A,TheHague3D_batch_02_wijk29_attributed_2021_08_19.json,TheHague3D_batch_02_wijk29_attributed_2021_08_19.json:bag_0518100000306078,n_vertices,50
not_watertight,Source A,TheHague3D_batch_02_wijk29_attributed_2021_08_19.json,TheHague3D_batch_02_wijk29_attributed_2021_08_19.json:bag_0518100000206903,n_vertices,31
not_watertight,Source A,TheHague3D_batch_02_wijk29_attributed_2021_08_19.json,TheHague3D_batch_02_wijk29_attributed_2021_08_19.json:bag_0518100000314578,n_vertices,69
not_watertight,Source A,TheHague3D_batch_02_wijk29_attributed_2021_08_19.json,TheHague3D_batch_02_wijk29_attributed_2021_08_19.json:bag_0518100000224725,n_vertices,59
not_watertight,Source A,TheHague3D_batch_02_wijk29_attributed_2021_08_19.json,TheHague3D_batch_02_wijk29_attributed_2021_08_19.json:bag_0518100000317814,n_vertices,61
not_watertight,Source A,TheHague3D_batch_02_wijk29_attributed_2021_08_19.json,TheHague3D_batch_02_wijk29_attributed_2021_08_19.json:bag_0518100000219338,n_vertices,26
not_watertight,Source A,TheHague3D_batch_02_wijk29_attributed_2021_08_19.json,TheHague3D_batch_02_wijk29_attributed_2021_08_19.json:bag_0518100000243927,n_vertices,28
not_watertight,Source A,TheHague3D_batch_02_wijk29_attributed_2021_08_19.json,TheHague3D_batch_02_wijk29_attributed_2021_08_19.json:bag_0518100000339423,n_vertices,86
not_watertight,Source A,TheHague3D_batch_02_wijk29_attributed_2021_08_19.json,TheHague3D_batch_02_wijk29_attributed_2021_08_19.json:bag_0518100000222275,n_vertices,16
not_watertight,Source A,TheHague3D_batch_02_wijk29_attributed_2021_08_19.json,TheHague3D_batch_02_wijk29_attributed_2021_08_19.json:bag_0518100000277162,n_vertices,12
not_watertight,Source A,TheHague3D_batch_02_wijk29_attributed_2021_08_19.json,TheHague3D_batch_02_wijk29_attributed_2021_08_19.json:bag_0518100000227232,n_vertices,51
not_watertight,Source A,TheHague3D_batch_02_wijk29_attributed_2021_08_19.json,TheHague3D_batch_02_wijk29_attributed_2021_08_19.json:bag_0518100000303859,n_vertices,46
not_watertight,Source A,TheHague3D_batch_02_wijk29_attributed_2021_08_19.json,TheHague3D_batch_02_wijk29_attributed_2021_08_19.json:bag_0518100000204196,n_vertices,26
not_watertight,Source A,TheHague3D_batch_02_wijk29_attributed_2021_08_19.json,TheHague3D_batch_02_wijk29_attributed_2021_08_19.json:bag_0518100000220521,n_vertices,50
not_watertight,Source A,TheHague3D_batch_02_wijk29_attributed_2021_08_19.json,TheHague3D_batch_02_wijk29_attributed_2021_08_19.json:bag_0518100000236747,n_vertices,31
not_watertight,Source A,TheHague3D_batch_02_wijk29_attributed_2021_08_19.json,TheHague3D_batch_02_wijk29_attributed_2021_08_19.json:bag_0518100000221549,n_vertices,37
not_watertight,Source A,TheHague3D_batch_02_wijk29_attributed_2021_08_19.json,TheHague3D_batch_02_wijk29_attributed_2021_08_19.json:bag_0518100000222243,n_vertices,28
not_watertight,Source A,TheHague3D_batch_02_wijk29_attributed_2021_08_19.json,TheHague3D_batch_02_wijk29_attributed_2021_08_19.json:bag_0518100000273972,n_vertices,32
not_watertight,Source A,TheHague3D_batch_02_wijk29_attributed_2021_08_19.json,TheHague3D_batch_02_wijk29_attributed_2021_08_19.json:bag_0518100000217661,n_vertices,25
not_watertight,Source A,TheHague3D_batch_02_wijk29_attributed_2021_08_19.json,TheHague3D_batch_02_wijk29_attributed_2021_08_19.json:bag_0518100000223962,n_vertices,22
not_watertight,Source A,TheHague3D_batch_02_wijk29_attributed_2021_08_19.json,TheHague3D_batch_02_wijk29_attributed_2021_08_19.json:bag_0518100000233696,n_vertices,30
not_watertight,Source A,TheHague3D_batch_02_wijk29_attributed_2021_08_19.json,TheHague3D_batch_02_wijk29_attributed_2021_08_19.json:bag_0518100000345992,n_vertices,58
not_watertight,Source A,TheHague3D_batch_02_wijk29_attributed_2021_08_19.json,TheHague3D_batch_02_wijk29_attributed_2021_08_19.json:bag_0518100000338697,n_vertices,30
not_watertight,Source A,TheHague3D_batch_02_wijk29_attributed_2021_08_19.json,TheHague3D_batch_02_wijk29_attributed_2021_08_19.json:bag_0518100000306815,n_vertices,72
not_watertight,Source A,TheHague3D_batch_02_wijk29_attributed_2021_08_19.json,TheHague3D_batch_02_wijk29_attributed_2021_08_19.json:bag_0518100000204178,n_vertices,36
not_watertight,Source A,TheHague3D_batch_02_wijk29_attributed_2021_08_19.json,TheHague3D_batch_02_wijk29_attributed_2021_08_19.json:bag_0518100000220766,n_vertices,60
not_watertight,Source A,TheHague3D_batch_02_wijk29_attributed_2021_08_19.json,TheHague3D_batch_02_wijk29_attributed_2021_08_19.json:bag_0518100000306193,n_vertices,43
not_watertight,Source A,TheHague3D_batch_02_wijk29_attributed_2021_08_19.json,TheHague3D_batch_02_wijk29_attributed_2021_08_19.json:bag_0518100000216416,n_vertices,20
not_watertight,Source A,TheHague3D_batch_02_wijk29_attributed_2021_08_19.json,TheHague3D_batch_02_wijk29_attributed_2021_08_19.json:bag_0518100000294394,n_vertices,22
repeated_ring_vertex,Source A,TheHague3D_batch_01a_part01_attributed_2021-06-29.json,TheHague3D_batch_01a_part01_attributed_2021-06-29.json:bag_0518100000344028,n_vertices,246
repeated_ring_vertex,Source A,TheHague3D_batch_01a_part01_attributed_2021-06-29.json,TheHague3D_batch_01a_part01_attributed_2021-06-29.json:bag_0518100000339442,n_vertices,205
repeated_ring_vertex,Source A,TheHague3D_batch_01a_part01_attributed_2021-06-29.json,TheHague3D_batch_01a_part01_attributed_2021-06-29.json:bag_0518100000271256,n_vertices,49
repeated_ring_vertex,Source A,TheHague3D_batch_01a_part02_attributed_2021-06-29.json,TheHague3D_batch_01a_part02_attributed_2021-06-29.json:bag_0518100000272165,n_vertices,171
repeated_ring_vertex,Source A,TheHague3D_batch_01a_part02_attributed_2021-06-29.json,TheHague3D_batch_01a_part02_attributed_2021-06-29.json:bag_0518100000287656,n_vertices,68
repeated_ring_vertex,Source A,TheHague3D_batch_01a_part02_attributed_2021-06-29.json,TheHague3D_batch_01a_part02_attributed_2021-06-29.json:bag_0518100000241078,n_vertices,139
repeated_ring_vertex,Source A,TheHague3D_batch_01a_part03_attributed_2021-06-29.json,TheHague3D_batch_01a_part03_attributed_2021-06-29.json:bag_0518100000270385,n_vertices,163
repeated_ring_vertex,Source A,TheHague3D_batch_01a_part03_attributed_2021-06-29.json,TheHague3D_batch_01a_part03_attributed_2021-06-29.json:bag_0518100000304937,n_vertices,63
repeated_ring_vertex,Source A,TheHague3D_batch_01a_part03_attributed_2021-06-29.json,TheHague3D_batch_01a_part03_attributed_2021-06-29.json:bag_0518100000271861,n_vertices,97
repeated_ring_vertex,Source A,TheHague3D_batch_01a_part03_attributed_2021-06-29.json,TheHague3D_batch_01a_part03_attributed_2021-06-29.json:bag_0518100000205806,n_vertices,72
repeated_ring_vertex,Source A,TheHague3D_batch_02_wijk29_attributed_2021_08_19.json,TheHague3D_batch_02_wijk29_attributed_2021_08_19.json:bag_0518100000353592,n_vertices,52
repeated_ring_vertex,Source A,TheHague3D_batch_02_wijk29_attributed_2021_08_19.json,TheHague3D_batch_02_wijk29_attributed_2021_08_19.json:bag_0518100000203166,n_vertices,58
repeated_ring_vertex,Source A,TheHague3D_batch_02_wijk29_attributed_2021_08_19.json,TheHague3D_batch_02_wijk29_attributed_2021_08_19.json:bag_0518100000225792,n_vertices,16
repeated_ring_vertex,Source A,TheHague3D_batch_02_wijk29_attributed_2021_08_19.json,TheHague3D_batch_02_wijk29_attributed_2021_08_19.json:bag_0518100000219917,n_vertices,38
repeated_ring_vertex,Source A,TheHague3D_batch_02_wijk29_attributed_2021_08_19.json,TheHague3D_batch_02_wijk29_attributed_2021_08_19.json:bag_0518100000270378,n_vertices,34
repeated_ring_vertex,Source A,TheHague3D_batch_02_wijk29_attributed_2021_08_19.json,TheHague3D_batch_02_wijk29_attributed_2021_08_19.json:bag_0518100000217129,n_vertices,67
repeated_ring_vertex,Source A,TheHague3D_batch_02_wijk29_attributed_2021_08_19.json,TheHague3D_batch_02_wijk29_attributed_2021_08_19.json:bag_0518100000221177,n_vertices,30
repeated_ring_vertex,Source A,TheHague3D_batch_02_wijk29_attributed_2021_08_19.json,TheHague3D_batch_02_wijk29_attributed_2021_08_19.json:bag_0518100000340912,n_vertices,30
repeated_ring_vertex,Source A,TheHague3D_batch_02_wijk29_attributed_2021_08_19.json,TheHague3D_batch_02_wijk29_attributed_2021_08_19.json:bag_0518100000226345,n_vertices,20
repeated_ring_vertex,Source A,TheHague3D_batch_02_wijk29_attributed_2021_08_19.json,TheHague3D_batch_02_wijk29_attributed_2021_08_19.json:bag_0518100000285211,n_vertices,74
repeated_ring_vertex,Source A,TheHague3D_batch_02_wijk29_attributed_2021_08_19.json,TheHague3D_batch_02_wijk29_attributed_2021_08_19.json:bag_0518100000242506,n_vertices,34
repeated_ring_vertex,Source A,TheHague3D_batch_02_wijk29_attributed_2021_08_19.json,TheHague3D_batch_02_wijk29_attributed_2021_08_19.json:bag_0518100000223950,n_vertices,38
repeated_ring_vertex,Source A,TheHague3D_batch_02_wijk29_attributed_2021_08_19.json,TheHague3D_batch_02_wijk29_attributed_2021_08_19.json:bag_0518100000285758,n_vertices,50
repeated_ring_vertex,Source A,TheHague3D_batch_02_wijk29_attributed_2021_08_19.json,TheHague3D_batch_02_wijk29_attributed_2021_08_19.json:bag_0518100000223727,n_vertices,24
repeated_ring_vertex,Source A,TheHague3D_batch_02_wijk29_attributed_2021_08_19.json,TheHague3D_batch_02_wijk29_attributed_2021_08_19.json:bag_0518100000214280,n_vertices,214
repeated_ring_vertex,Source A,TheHague3D_batch_02_wijk29_attributed_2021_08_19.json,TheHague3D_batch_02_wijk29_attributed_2021_08_19.json:bag_0518100000212325,n_vertices,48
repeated_ring_vertex,Source A,TheHague3D_batch_02_wijk29_attributed_2021_08_19.json,TheHague3D_batch_02_wijk29_attributed_2021_08_19.json:bag_0518100000353755,n_vertices,47
repeated_ring_vertex,Source A,TheHague3D_batch_02_wijk29_attributed_2021_08_19.json,TheHague3D_batch_02_wijk29_attributed_2021_08_19.json:bag_0518100000333447,n_vertices,34
repeated_ring_vertex,Source A,TheHague3D_batch_02_wijk29_attributed_2021_08_19.json,TheHague3D_batch_02_wijk29_attributed_2021_08_19.json:bag_0518100000306078,n_vertices,50
repeated_ring_vertex,Source A,TheHague3D_batch_02_wijk29_attributed_2021_08_19.json,TheHague3D_batch_02_wijk29_attributed_2021_08_19.json:bag_0518100000317814,n_vertices,61
repeated_ring_vertex,Source A,TheHague3D_batch_02_wijk29_attributed_2021_08_19.json,TheHague3D_batch_02_wijk29_attributed_2021_08_19.json:bag_0518100000339423,n_vertices,86
repeated_ring_vertex,Source A,TheHague3D_batch_02_wijk29_attributed_2021_08_19.json,TheHague3D_batch_02_wijk29_attributed_2021_08_19.json:bag_0518100000222111,n_vertices,28
repeated_ring_vertex,Source A,TheHague3D_batch_02_wijk29_attributed_2021_08_19.json,TheHague3D_batch_02_wijk29_attributed_2021_08_19.json:bag_0518100000279694,n_vertices,35
repeated_ring_vertex,Source A,TheHague3D_batch_02_wijk29_attributed_2021_08_19.json,TheHague3D_batch_02_wijk29_attributed_2021_08_19.json:bag_0518100000343101,n_vertices,26
repeated_ring_vertex,Source A,TheHague3D_batch_02_wijk29_attributed_2021_08_19.json,TheHague3D_batch_02_wijk29_attributed_2021_08_19.json:bag_0518100000225529,n_vertices,66
repeated_ring_vertex,Source A,TheHague3D_batch_02_wijk29_attributed_2021_08_19.json,TheHague3D_batch_02_wijk29_attributed_2021_08_19.json:bag_0518100000235083,n_vertices,20
repeated_ring_vertex,Source A,TheHague3D_batch_02_wijk29_attributed_2021_08_19.json,TheHague3D_batch_02_wijk29_attributed_2021_08_19.json:bag_0518100000217383,n_vertices,32
repeated_ring_vertex,Source A,TheHague3D_batch_02_wijk29_attributed_2021_08_19.json,TheHague3D_batch_02_wijk29_attributed_2021_08_19.json:bag_0518100000223016,n_vertices,104
repeated_ring_vertex,Source A,TheHague3D_batch_02_wijk29_attributed_2021_08_19.json,TheHague3D_batch_02_wijk29_attributed_2021_08_19.json:bag_0518100000228810,n_vertices,22
repeated_ring_vertex,Source A,TheHague3D_batch_02_wijk29_attributed_2021_08_19.json,TheHague3D_batch_02_wijk29_attributed_2021_08_19.json:bag_0518100000341676,n_vertices,36
repeated_ring_vertex,Source A,TheHague3D_batch_02_wijk29_attributed_2021_08_19.json,TheHague3D_batch_02_wijk29_attributed_2021_08_19.json:bag_0518100000296001,n_vertices,20
repeated_ring_vertex,Source A,TheHague3D_batch_02_wijk29_attributed_2021_08_19.json,TheHague3D_batch_02_wijk29_attributed_2021_08_19.json:bag_0518100000219607,n_vertices,46
repeated_ring_vertex,Source A,TheHague3D_batch_02_wijk29_attributed_2021_08_19.json,TheHague3D_batch_02_wijk29_attributed_2021_08_19.json:bag_0518100000288567,n_vertices,132
repeated_ring_vertex,Source A,TheHague3D_batch_02_wijk29_attributed_2021_08_19.json,TheHague3D_batch_02_wijk29_attributed_2021_08_19.json:bag_0518100000216320,n_vertices,60
repeated_ring_vertex,Source A,TheHague3D_batch_02_wijk29_attributed_2021_08_19.json,TheHague3D_batch_02_wijk29_attributed_2021_08_19.json:bag_0518100000276539,n_vertices,85
repeated_ring_vertex,Source A,TheHague3D_batch_02_wijk29_attributed_2021_08_19.json,TheHague3D_batch_02_wijk29_attributed_2021_08_19.json:bag_0518100000242575,n_vertices,22
repeated_ring_vertex,Source A,TheHague3D_batch_02_wijk29_attributed_2021_08_19.json,TheHague3D_batch_02_wijk29_attributed_2021_08_19.json:bag_0518100000342788,n_vertices,24
repeated_ring_vertex,Source A,TheHague3D_batch_02_wijk29_attributed_2021_08_19.json,TheHague3D_batch_02_wijk29_attributed_2021_08_19.json:bag_0518100000320664,n_vertices,34
repeated_ring_vertex,Source A,TheHague3D_batch_02_wijk29_attributed_2021_08_19.json,TheHague3D_batch_02_wijk29_attributed_2021_08_19.json:bag_0518100000246694,n_vertices,50
repeated_ring_vertex,Source A,TheHague3D_batch_02_wijk29_attributed_2021_08_19.json,TheHague3D_batch_02_wijk29_attributed_2021_08_19.json:bag_0518100000336443,n_vertices,52
repeated_ring_vertex,Source A,TheHague3D_batch_02_wijk29_attributed_2021_08_19.json,TheHague3D_batch_02_wijk29_attributed_2021_08_19.json:bag_0518100000268986,n_vertices,20
repeated_ring_vertex,Source A,TheHague3D_batch_02_wijk29_attributed_2021_08_19.json,TheHague3D_batch_02_wijk29_attributed_2021_08_19.json:bag_0518100000236704,n_vertices,28
repeated_ring_vertex,Source A,TheHague3D_batch_02_wijk29_attributed_2021_08_19.json,TheHague3D_batch_02_wijk29_attributed_2021_08_19.json:bag_0518100000214799,n_vertices,85
repeated_ring_vertex,Source A,TheHague3D_batch_02_wijk29_attributed_2021_08_19.json,TheHague3D_batch_02_wijk29_attributed_2021_08_19.json:bag_0518100000219421,n_vertices,18
repeated_ring_vertex,Source A,TheHague3D_batch_02_wijk29_attributed_2021_08_19.json,TheHague3D_batch_02_wijk29_attributed_2021_08_19.json:bag_0518100000231152,n_vertices,44
repeated_ring_vertex,Source A,TheHague3D_batch_02_wijk29_attributed_2021_08_19.json,TheHague3D_batch_02_wijk29_attributed_2021_08_19.json:bag_0518100000280166,n_vertices,48
repeated_ring_vertex,Source A,TheHague3D_batch_02_wijk29_attributed_2021_08_19.json,TheHague3D_batch_02_wijk29_attributed_2021_08_19.json:bag_0518100000226418,n_vertices,36
repeated_ring_vertex,Source A,TheHague3D_batch_02_wijk29_attributed_2021_08_19.json,TheHague3D_batch_02_wijk29_attributed_2021_08_19.json:bag_0518100000243761,n_vertices,26
repeated_ring_vertex,Source A,TheHague3D_batch_02_wijk29_attributed_2021_08_19.json,TheHague3D_batch_02_wijk29_attributed_2021_08_19.json:bag_0518100001746547,n_vertices,28
repeated_ring_vertex,Source A,TheHague3D_batch_02_wijk29_attributed_2021_08_19.json,TheHague3D_batch_02_wijk29_attributed_2021_08_19.json:bag_0518100000298502,n_vertices,16
repeated_ring_vertex,Source A,TheHague3D_batch_02_wijk29_attributed_2021_08_19.json,TheHague3D_batch_02_wijk29_attributed_2021_08_19.json:bag_0518100000240976,n_vertices,194
repeated_ring_vertex,Source A,TheHague3D_batch_02_wijk29_attributed_2021_08_19.json,TheHague3D_batch_02_wijk29_attributed_2021_08_19.json:bag_0518100000308322,n_vertices,18
repeated_ring_vertex,Source A,TheHague3D_batch_02_wijk29_attributed_2021_08_19.json,TheHague3D_batch_02_wijk29_attributed_2021_08_19.json:bag_0518100000220695,n_vertices,80
repeated_ring_vertex,Source A,TheHague3D_batch_02_wijk29_attributed_2021_08_19.json,TheHague3D_batch_02_wijk29_attributed_2021_08_19.json:bag_0518100000214411,n_vertices,125
repeated_ring_vertex,Source A,TheHague3D_batch_02_wijk29_attributed_2021_08_19.json,TheHague3D_batch_02_wijk29_attributed_2021_08_19.json:bag_0518100001755628,n_vertices,259
repeated_ring_vertex,Source A,TheHague3D_batch_02_wijk29_attributed_2021_08_19.json,TheHague3D_batch_02_wijk29_attributed_2021_08_19.json:bag_0518100000209913,n_vertices,66
repeated_ring_vertex,Source A,TheHague3D_batch_02_wijk29_attributed_2021_08_19.json,TheHague3D_batch_02_wijk29_attributed_2021_08_19.json:bag_0518100001640172,n_vertices,136
repeated_ring_vertex,Source A,TheHague3D_batch_02_wijk29_attributed_2021_08_19.json,TheHague3D_batch_02_wijk29_attributed_2021_08_19.json:bag_0518100000221180,n_vertices,162
repeated_ring_vertex,Source A,TheHague3D_batch_02_wijk29_attributed_2021_08_19.json,TheHague3D_batch_02_wijk29_attributed_2021_08_19.json:bag_0518100000214191,n_vertices,53
repeated_ring_vertex,Source A,TheHague3D_batch_02_wijk29_attributed_2021_08_19.json,TheHague3D_batch_02_wijk29_attributed_2021_08_19.json:bag_0518100000237227,n_vertices,182
repeated_ring_vertex,Source A,TheHague3D_batch_02_wijk29_attributed_2021_08_19.json,TheHague3D_batch_02_wijk29_attributed_2021_08_19.json:bag_0518100000304573,n_vertices,113
repeated_ring_vertex,Source A,TheHague3D_batch_02_wijk29_attributed_2021_08_19.json,TheHague3D_batch_02_wijk29_attributed_2021_08_19.json:bag_0518100000303376,n_vertices,74
repeated_ring_vertex,Source A,TheHague3D_batch_02_wijk29_attributed_2021_08_19.json,TheHague3D_batch_02_wijk29_attributed_2021_08_19.json:bag_0518100000319226,n_vertices,20
repeated_ring_vertex,Source A,TheHague3D_batch_02_wijk29_attributed_2021_08_19.json,TheHague3D_batch_02_wijk29_attributed_2021_08_19.json:bag_0518100000273321,n_vertices,72
repeated_ring_vertex,Source A,TheHague3D_batch_02_wijk29_attributed_2021_08_19.json,TheHague3D_batch_02_wijk29_attributed_2021_08_19.json:bag_0518100000211025,n_vertices,32
repeated_ring_vertex,Source A,TheHague3D_batch_02_wijk29_attributed_2021_08_19.json,TheHague3D_batch_02_wijk29_attributed_2021_08_19.json:bag_0518100000296421,n_vertices,34
repeated_ring_vertex,Source A,TheHague3D_batch_02_wijk29_attributed_2021_08_19.json,TheHague3D_batch_02_wijk29_attributed_2021_08_19.json:bag_0518100000241937,n_vertices,38
repeated_ring_vertex,Source A,TheHague3D_batch_02_wijk29_attributed_2021_08_19.json,TheHague3D_batch_02_wijk29_attributed_2021_08_19.json:bag_0518100000273312,n_vertices,127
repeated_ring_vertex,Source A,TheHague3D_batch_02_wijk29_attributed_2021_08_19.json,TheHague3D_batch_02_wijk29_attributed_2021_08_19.json:bag_0518100000289080,n_vertices,211
repeated_ring_vertex,Source A,TheHague3D_batch_02_wijk29_attributed_2021_08_19.json,TheHague3D_batch_02_wijk29_attributed_2021_08_19.json:bag_0518100000270084,n_vertices,54
repeated_ring_vertex,Source A,TheHague3D_batch_02_wijk29_attributed_2021_08_19.json,TheHague3D_batch_02_wijk29_attributed_2021_08_19.json:bag_0518100000336894,n_vertices,20
repeated_ring_vertex,Source A,TheHague3D_batch_02_wijk29_attributed_2021_08_19.json,TheHague3D_batch_02_wijk29_attributed_2021_08_19.json:bag_0518100000296031,n_vertices,208
repeated_ring_vertex,Source A,TheHague3D_batch_02_wijk29_attributed_2021_08_19.json,TheHague3D_batch_02_wijk29_attributed_2021_08_19.json:bag_0518100000206742,n_vertices,20
repeated_ring_vertex,Source A,TheHague3D_batch_02_wijk29_attributed_2021_08_19.json,TheHague3D_batch_02_wijk29_attributed_2021_08_19.json:bag_0518100000335893,n_vertices,53
repeated_ring_vertex,Source A,TheHague3D_batch_02_wijk29_attributed_2021_08_19.json,TheHague3D_batch_02_wijk29_attributed_2021_08_19.json:bag_0518100000283667,n_vertices,59
repeated_ring_vertex,Source A,TheHague3D_batch_02_wijk29_attributed_2021_08_19.json,TheHague3D_batch_02_wijk29_attributed_2021_08_19.json:bag_0518100000297301,n_vertices,408
repeated_ring_vertex,Source A,TheHague3D_batch_02_wijk29_attributed_2021_08_19.json,TheHague3D_batch_02_wijk29_attributed_2021_08_19.json:bag_0518100000270867,n_vertices,50
repeated_ring_vertex,Source A,TheHague3D_batch_02_wijk29_attributed_2021_08_19.json,TheHague3D_batch_02_wijk29_attributed_2021_08_19.json:bag_0518100001641693,n_vertices,63
repeated_ring_vertex,Source A,TheHague3D_batch_02_wijk29_attributed_2021_08_19.json,TheHague3D_batch_02_wijk29_attributed_2021_08_19.json:bag_0518100000269493,n_vertices,69
repeated_ring_vertex,Source A,TheHague3D_batch_02_wijk29_attributed_2021_08_19.json,TheHague3D_batch_02_wijk29_attributed_2021_08_19.json:bag_0518100000272881,n_vertices,102
repeated_ring_vertex,Source A,TheHague3D_batch_02_wijk29_attributed_2021_08_19.json,TheHague3D_batch_02_wijk29_attributed_2021_08_19.json:bag_0518100000276616,n_vertices,205
repeated_ring_vertex,Source A,TheHague3D_batch_02_wijk33_attributed_2021_08_19.json,TheHague3D_batch_02_wijk33_attributed_2021_08_19.json:bag_0518100001625343,n_vertices,77
repeated_ring_vertex,Source A,TheHague3D_batch_02_wijk33_attributed_2021_08_19.json,TheHague3D_batch_02_wijk33_attributed_2021_08_19.json:bag_0518100000303085,n_vertices,40
repeated_ring_vertex,Source A,TheHague3D_batch_02_wijk33_attributed_2021_08_19.json,TheHague3D_batch_02_wijk33_attributed_2021_08_19.json:bag_0518100000297512,n_vertices,18
repeated_ring_vertex,Source A,TheHague3D_batch_02_wijk33_attributed_2021_08_19.json,TheHague3D_batch_02_wijk33_attributed_2021_08_19.json:bag_0518100000224619,n_vertices,30
repeated_ring_vertex,Source A,TheHague3D_batch_02_wijk33_attributed_2021_08_19.json,TheHague3D_batch_02_wijk33_attributed_2021_08_19.json:bag_0518100000276840,n_vertices,30
repeated_ring_vertex,Source A,TheHague3D_batch_02_wijk33_attributed_2021_08_19.json,TheHague3D_batch_02_wijk33_attributed_2021_08_19.json:bag_0518100000337969,n_vertices,20
repeated_ring_vertex,Source A,TheHague3D_batch_02_wijk33_attributed_2021_08_19.json,TheHague3D_batch_02_wijk33_attributed_2021_08_19.json:bag_0518100000242012,n_vertices,28
repeated_ring_vertex,Source A,TheHague3D_batch_02_wijk33_attributed_2021_08_19.json,TheHague3D_batch_02_wijk33_attributed_2021_08_19.json:bag_0518100000212204,n_vertices,24
repeated_ring_vertex,Source A,TheHague3D_batch_02_wijk33_attributed_2021_08_19.json,TheHague3D_batch_02_wijk33_attributed_2021_08_19.json:bag_0518100000278508,n_vertices,26
repeated_ring_vertex,Source A,TheHague3D_batch_02_wijk33_attributed_2021_08_19.json,TheHague3D_batch_02_wijk33_attributed_2021_08_19.json:bag_0518100000286547,n_vertices,74
repeated_ring_vertex,Source A,TheHague3D_batch_02_wijk33_attributed_2021_08_19.json,TheHague3D_batch_02_wijk33_attributed_2021_08_19.json:bag_0518100000233657,n_vertices,70
repeated_ring_vertex,Source A,TheHague3D_batch_02_wijk33_attributed_2021_08_19.json,TheHague3D_batch_02_wijk33_attributed_2021_08_19.json:bag_0518100000343737,n_vertices,80
repeated_ring_vertex,Source A,TheHague3D_batch_02_wijk33_attributed_2021_08_19.json,TheHague3D_batch_02_wijk33_attributed_2021_08_19.json:bag_0518100000225799,n_vertices,26
repeated_ring_vertex,Source A,TheHague3D_batch_02_wijk33_attributed_2021_08_19.json,TheHague3D_batch_02_wijk33_attributed_2021_08_19.json:bag_0518100000318775,n_vertices,16
repeated_ring_vertex,Source A,TheHague3D_batch_02_wijk33_attributed_2021_08_19.json,TheHague3D_batch_02_wijk33_attributed_2021_08_19.json:bag_0518100001642427,n_vertices,21
repeated_ring_vertex,Source A,TheHague3D_batch_02_wijk33_attributed_2021_08_19.json,TheHague3D_batch_02_wijk33_attributed_2021_08_19.json:bag_0518100001752644,n_vertices,60
repeated_ring_vertex,Source A,TheHague3D_batch_02_wijk33_attributed_2021_08_19.json,TheHague3D_batch_02_wijk33_attributed_2021_08_19.json:bag_0518100001752630,n_vertices,63
repeated_ring_vertex,Source A,TheHague3D_batch_02_wijk33_attributed_2021_08_19.json,TheHague3D_batch_02_wijk33_attributed_2021_08_19.json:bag_0518100001752633,n_vertices,65
repeated_ring_vertex,Source A,TheHague3D_batch_02_wijk33_attributed_2021_08_19.json,TheHague3D_batch_02_wijk33_attributed_2021_08_19.json:bag_0518100000224981,n_vertices,36
repeated_ring_vertex,Source A,TheHague3D_batch_02_wijk33_attributed_2021_08_19.json,TheHague3D_batch_02_wijk33_attributed_2021_08_19.json:bag_0518100000249630,n_vertices,36
repeated_ring_vertex,Source A,TheHague3D_batch_02_wijk33_attributed_2021_08_19.json,TheHague3D_batch_02_wijk33_attributed_2021_08_19.json:bag_0518100001669624,n_vertices,57
repeated_ring_vertex,Source A,TheHague3D_batch_02_wijk33_attributed_2021_08_19.json,TheHague3D_batch_02_wijk33_attributed_2021_08_19.json:bag_0518100000298706,n_vertices,38
repeated_ring_vertex,Source A,TheHague3D_batch_02_wijk33_attributed_2021_08_19.json,TheHague3D_batch_02_wijk33_attributed_2021_08_19.json:bag_0518100000315916,n_vertices,501
repeated_ring_vertex,Source A,TheHague3D_batch_02_wijk33_attributed_2021_08_19.json,TheHague3D_batch_02_wijk33_attributed_2021_08_19.json:bag_0518100001752665,n_vertices,50
repeated_ring_vertex,Source A,TheHague3D_batch_02_wijk33_attributed_2021_08_19.json,TheHague3D_batch_02_wijk33_attributed_2021_08_19.json:bag_0518100001752650,n_vertices,46
repeated_ring_vertex,Source A,TheHague3D_batch_02_wijk33_attributed_2021_08_19.json,TheHague3D_batch_02_wijk33_attributed_2021_08_19.json:bag_0518100001752664,n_vertices,63
repeated_ring_vertex,Source A,TheHague3D_batch_02_wijk33_attributed_2021_08_19.json,TheHague3D_batch_02_wijk33_attributed_2021_08_19.json:bag_0518100001752651,n_vertices,47
repeated_ring_vertex,Source A,TheHague3D_batch_02_wijk34_attributed_2021_08_19.json,TheHague3D_batch_02_wijk34_attributed_2021_08_19.json:bag_0518100000273414,n_vertices,50
repeated_ring_vertex,Source A,TheHague3D_batch_02_wijk34_attributed_2021_08_19.json,TheHague3D_batch_02_wijk34_attributed_2021_08_19.json:bag_0518100000317178,n_vertices,47
repeated_ring_vertex,Source A,TheHague3D_batch_02_wijk34_attributed_2021_08_19.json,TheHague3D_batch_02_wijk34_attributed_2021_08_19.json:bag_0518100000305079,n_vertices,28
repeated_ring_vertex,Source A,TheHague3D_batch_02_wijk34_attributed_2021_08_19.json,TheHague3D_batch_02_wijk34_attributed_2021_08_19.json:bag_0518100000321733,n_vertices,16
repeated_ring_vertex,Source A,TheHague3D_batch_02_wijk34_attributed_2021_08_19.json,TheHague3D_batch_02_wijk34_attributed_2021_08_19.json:bag_0518100000307046,n_vertices,16
repeated_ring_vertex,Source A,TheHague3D_batch_02_wijk34_attributed_2021_08_19.json,TheHague3D_batch_02_wijk34_attributed_2021_08_19.json:bag_0518100000220857,n_vertices,42
repeated_ring_vertex,Source A,TheHague3D_batch_02_wijk34_attributed_2021_08_19.json,TheHague3D_batch_02_wijk34_attributed_2021_08_19.json:bag_0518100000236133,n_vertices,44
repeated_ring_vertex,Source A,TheHague3D_batch_02_wijk34_attributed_2021_08_19.json,TheHague3D_batch_02_wijk34_attributed_2021_08_19.json:bag_0518100000205610,n_vertices,36
repeated_ring_vertex,Source A,TheHague3D_batch_02_wijk34_attributed_2021_08_19.json,TheHague3D_batch_02_wijk34_attributed_2021_08_19.json:bag_0518100000323584,n_vertices,38
repeated_ring_vertex,Source A,TheHague3D_batch_02_wijk34_attributed_2021_08_19.json,TheHague3D_batch_02_wijk34_attributed_2021_08_19.json:bag_0518100000295380,n_vertices,104
repeated_ring_vertex,Source A,TheHague3D_batch_02_wijk34_attributed_2021_08_19.json,TheHague3D_batch_02_wijk34_attributed_2021_08_19.json:bag_0518100000323862,n_vertices,18
repeated_ring_vertex,Source A,TheHague3D_batch_02_wijk34_attributed_2021_08_19.json,TheHague3D_batch_02_wijk34_attributed_2021_08_19.json:bag_0518100000314620,n_vertices,156
repeated_ring_vertex,Source A,TheHague3D_batch_02_wijk34_attributed_2021_08_19.json,TheHague3D_batch_02_wijk34_attributed_2021_08_19.json:bag_0518100000217318,n_vertices,37
repeated_ring_vertex,Source A,TheHague3D_batch_02_wijk34_attributed_2021_08_19.json,TheHague3D_batch_02_wijk34_attributed_2021_08_19.json:bag_0518100000280776,n_vertices,30
repeated_ring_vertex,Source A,TheHague3D_batch_02_wijk34_attributed_2021_08_19.json,TheHague3D_batch_02_wijk34_attributed_2021_08_19.json:bag_0518100000316455,n_vertices,156
repeated_ring_vertex,Source A,TheHague3D_batch_02_wijk34_attributed_2021_08_19.json,TheHague3D_batch_02_wijk34_attributed_2021_08_19.json:bag_0518100000246611,n_vertices,28
repeated_ring_vertex,Source A,TheHague3D_batch_02_wijk34_attributed_2021_08_19.json,TheHague3D_batch_02_wijk34_attributed_2021_08_19.json:bag_0518100000353174,n_vertices,78
repeated_ring_vertex,Source A,TheHague3D_batch_02_wijk36_attributed_2021_08_19.json,TheHague3D_batch_02_wijk36_attributed_2021_08_19.json:bag_0518100001629625,n_vertices,98
repeated_ring_vertex,Source A,TheHague3D_batch_02_wijk36_attributed_2021_08_19.json,TheHague3D_batch_02_wijk36_attributed_2021_08_19.json:bag_0518100000306104,n_vertices,20
repeated_ring_vertex,Source A,TheHague3D_batch_02_wijk36_attributed_2021_08_19.json,TheHague3D_batch_02_wijk36_attributed_2021_08_19.json:bag_0518100000336560,n_vertices,44
repeated_ring_vertex,Source A,TheHague3D_batch_02_wijk36_attributed_2021_08_19.json,TheHague3D_batch_02_wijk36_attributed_2021_08_19.json:bag_0518100000284554,n_vertices,58
repeated_ring_vertex,Source A,TheHague3D_batch_02_wijk36_attributed_2021_08_19.json,TheHague3D_batch_02_wijk36_attributed_2021_08_19.json:bag_0518100000343742,n_vertices,40
repeated_ring_vertex,Source A,TheHague3D_batch_02_wijk36_attributed_2021_08_19.json,TheHague3D_batch_02_wijk36_attributed_2021_08_19.json:bag_0518100000228634,n_vertices,53
repeated_ring_vertex,Source A,TheHague3D_batch_02_wijk36_attributed_2021_08_19.json,TheHague3D_batch_02_wijk36_attributed_2021_08_19.json:bag_0518100000339285,n_vertices,32
repeated_ring_vertex,Source A,TheHague3D_batch_02_wijk36_attributed_2021_08_19.json,TheHague3D_batch_02_wijk36_attributed_2021_08_19.json:bag_0518100000229772,n_vertices,211
repeated_ring_vertex,Source A,TheHague3D_batch_02_wijk36_attributed_2021_08_19.json,TheHague3D_batch_02_wijk36_attributed_2021_08_19.json:bag_0518100000210696,n_vertices,45
repeated_ring_vertex,Source A,TheHague3D_batch_02_wijk36_attributed_2021_08_19.json,TheHague3D_batch_02_wijk36_attributed_2021_08_19.json:bag_0518100000204069,n_vertices,26
repeated_ring_vertex,Source A,TheHague3D_batch_02_wijk36_attributed_2021_08_19.json,TheHague3D_batch_02_wijk36_attributed_2021_08_19.json:bag_0518100000279022,n_vertices,34
repeated_ring_vertex,Source A,TheHague3D_batch_02_wijk36_attributed_2021_08_19.json,TheHague3D_batch_02_wijk36_attributed_2021_08_19.json:bag_0518100001660248,n_vertices,15
repeated_ring_vertex,Source A,TheHague3D_batch_02_wijk36_attributed_2021_08_19.json,TheHague3D_batch_02_wijk36_attributed_2021_08_19.json:bag_0518100000287734,n_vertices,63
repeated_ring_vertex,Source A,TheHague3D_batch_02_wijk36_attributed_2021_08_19.json,TheHague3D_batch_02_wijk36_attributed_2021_08_19.json:bag_0518100000303739,n_vertices,44
repeated_ring_vertex,Source A,TheHague3D_batch_02_wijk36_attributed_2021_08_19.json,TheHague3D_batch_02_wijk36_attributed_2021_08_19.json:bag_0518100000320276,n_vertices,24
repeated_ring_vertex,Source A,TheHague3D_batch_02_wijk36_attributed_2021_08_19.json,TheHague3D_batch_02_wijk36_attributed_2021_08_19.json:bag_0518100000342141,n_vertices,74
repeated_ring_vertex,Source A,TheHague3D_batch_02_wijk36_attributed_2021_08_19.json,TheHague3D_batch_02_wijk36_attributed_2021_08_19.json:bag_0518100000316277,n_vertices,24
repeated_ring_vertex,Source A,TheHague3D_batch_02_wijk36_attributed_2021_08_19.json,TheHague3D_batch_02_wijk36_attributed_2021_08_19.json:bag_0518100000288162,n_vertices,26
repeated_ring_vertex,Source A,TheHague3D_batch_02_wijk36_attributed_2021_08_19.json,TheHague3D_batch_02_wijk36_attributed_2021_08_19.json:bag_0518100000321300,n_vertices,157
repeated_ring_vertex,Source A,TheHague3D_batch_02_wijk36_attributed_2021_08_19.json,TheHague3D_batch_02_wijk36_attributed_2021_08_19.json:bag_0518100000317408,n_vertices,267
repeated_ring_vertex,Source A,TheHague3D_batch_02_wijk36_attributed_2021_08_19.json,TheHague3D_batch_02_wijk36_attributed_2021_08_19.json:bag_0518100000343818,n_vertices,57
repeated_ring_vertex,Source A,TheHague3D_batch_02_wijk36_attributed_2021_08_19.json,TheHague3D_batch_02_wijk36_attributed_2021_08_19.json:bag_0518100000333442,n_vertices,270
repeated_ring_vertex,Source A,TheHague3D_batch_04_Wijk 13 Vogelwijk_attributed_2022-03-28.json,TheHague3D_batch_04_Wijk 13 Vogelwijk_attributed_2022-03-28.json:bag_0518100000282893,n_vertices,69
repeated_ring_vertex,Source A,TheHague3D_batch_04_Wijk 13 Vogelwijk_attributed_2022-03-28.json,TheHague3D_batch_04_Wijk 13 Vogelwijk_attributed_2022-03-28.json:bag_0518100001644871,n_vertices,1244
repeated_ring_vertex,Source A,TheHague3D_batch_04_Wijk 13 Vogelwijk_attributed_2022-03-28.json,TheHague3D_batch_04_Wijk 13 Vogelwijk_attributed_2022-03-28.json:bag_0518100000204292,n_vertices,48
repeated_ring_vertex,Source A,TheHague3D_batch_04_Wijk 15 Kijkduin en Ockenbur_attributed_2022-03-28.json,TheHague3D_batch_04_Wijk 15 Kijkduin en Ockenbur_attributed_2022-03-28.json:bag_0518100001761617,n_vertices,30
repeated_ring_vertex,Source A,TheHague3D_batch_04_Wijk 37 Groente- en Fruitmar_attributed_2022-03-28.json,TheHague3D_batch_04_Wijk 37 Groente- en Fruitmar_attributed_2022-03-28.json:bag_0518100000217474,n_vertices,335
repeated_ring_vertex,Source A,TheHague3D_batch_05_Wijk 11 Duinoord_2022-06-21.json,TheHague3D_batch_05_Wijk 11 Duinoord_2022-06-21.json:bag_0518100000324452,n_vertices,216
repeated_ring_vertex,Source A,TheHague3D_batch_05_Wijk 11 Duinoord_2022-06-21.json,TheHague3D_batch_05_Wijk 11 Duinoord_2022-06-21.json:bag_0518100000269917,n_vertices,134
repeated_ring_vertex,Source A,TheHague3D_batch_05_Wijk 11 Duinoord_2022-06-21.json,TheHague3D_batch_05_Wijk 11 Duinoord_2022-06-21.json:bag_0518100000315315,n_vertices,59
repeated_ring_vertex,Source A,TheHague3D_batch_05_Wijk 11 Duinoord_2022-06-21.json,TheHague3D_batch_05_Wijk 11 Duinoord_2022-06-21.json:bag_0518100000328627,n_vertices,51
repeated_ring_vertex,Source A,TheHague3D_batch_05_Wijk 11 Duinoord_2022-06-21.json,TheHague3D_batch_05_Wijk 11 Duinoord_2022-06-21.json:bag_0518100000284474,n_vertices,88
repeated_ring_vertex,Source A,TheHague3D_batch_05_Wijk 11 Duinoord_2022-06-21.json,TheHague3D_batch_05_Wijk 11 Duinoord_2022-06-21.json:bag_0518100000343807,n_vertices,84
repeated_ring_vertex,Source A,TheHague3D_batch_05_Wijk 11 Duinoord_2022-06-21.json,TheHague3D_batch_05_Wijk 11 Duinoord_2022-06-21.json:bag_0518100000355131,n_vertices,98
repeated_ring_vertex,Source A,TheHague3D_batch_05_Wijk 11 Duinoord_2022-06-21.json,TheHague3D_batch_05_Wijk 11 Duinoord_2022-06-21.json:bag_0518100000336216,n_vertices,234
repeated_ring_vertex,Source A,TheHague3D_batch_05_Wijk 11 Duinoord_2022-06-21.json,TheHague3D_batch_05_Wijk 11 Duinoord_2022-06-21.json:bag_0518100000211348,n_vertices,100
repeated_ring_vertex,Source A,TheHague3D_batch_05_Wijk 11 Duinoord_2022-06-21.json,TheHague3D_batch_05_Wijk 11 Duinoord_2022-06-21.json:bag_0518100000318327,n_vertices,63
repeated_ring_vertex,Source A,TheHague3D_batch_05_Wijk 11 Duinoord_2022-06-21.json,TheHague3D_batch_05_Wijk 11 Duinoord_2022-06-21.json:bag_0518100000285275,n_vertices,119
repeated_ring_vertex,Source A,TheHague3D_batch_05_Wijk 22 Zeeheldenkwartier_2022-06-22.json,TheHague3D_batch_05_Wijk 22 Zeeheldenkwartier_2022-06-22.json:bag_0518100000326980,n_vertices,48
repeated_ring_vertex,Source A,TheHague3D_batch_05_Wijk 22 Zeeheldenkwartier_2022-06-22.json,TheHague3D_batch_05_Wijk 22 Zeeheldenkwartier_2022-06-22.json:bag_0518100001648522,n_vertices,95
repeated_ring_vertex,Source A,TheHague3D_batch_05_Wijk 22 Zeeheldenkwartier_2022-06-22.json,TheHague3D_batch_05_Wijk 22 Zeeheldenkwartier_2022-06-22.json:bag_0518100000215636,n_vertices,37
repeated_ring_vertex,Source A,TheHague3D_batch_05_Wijk 22 Zeeheldenkwartier_2022-06-22.json,TheHague3D_batch_05_Wijk 22 Zeeheldenkwartier_2022-06-22.json:bag_0518100000334382,n_vertices,449
repeated_ring_vertex,Source A,TheHague3D_batch_05_Wijk 22 Zeeheldenkwartier_2022-06-22.json,TheHague3D_batch_05_Wijk 22 Zeeheldenkwartier_2022-06-22.json:bag_0518100000345435,n_vertices,171
repeated_ring_vertex,Source A,TheHague3D_batch_05_Wijk 22 Zeeheldenkwartier_2022-06-22.json,TheHague3D_batch_05_Wijk 22 Zeeheldenkwartier_2022-06-22.json:bag_0518100000211455,n_vertices,100
repeated_ring_vertex,Source A,TheHague3D_batch_05_Wijk 22 Zeeheldenkwartier_2022-06-22.json,TheHague3D_batch_05_Wijk 22 Zeeheldenkwartier_2022-06-22.json:bag_0518100000336535,n_vertices,58
repeated_ring_vertex,Source A,TheHague3D_batch_05_Wijk 22 Zeeheldenkwartier_2022-06-22.json,TheHague3D_batch_05_Wijk 22 Zeeheldenkwartier_2022-06-22.json:bag_0518100000209060,n_vertices,52
repeated_ring_vertex,Source A,TheHague3D_batch_05_Wijk 22 Zeeheldenkwartier_2022-06-22.json,TheHague3D_batch_05_Wijk 22 Zeeheldenkwartier_2022-06-22.json:bag_0518100000341668,n_vertices,168
repeated_ring_vertex,Source A,TheHague3D_batch_05_Wijk 22 Zeeheldenkwartier_2022-06-22.json,TheHague3D_batch_05_Wijk 22 Zeeheldenkwartier_2022-06-22.json:bag_0518100000208147,n_vertices,73
repeated_ring_vertex,Source A,TheHague3D_batch_05_Wijk 22 Zeeheldenkwartier_2022-06-22.json,TheHague3D_batch_05_Wijk 22 Zeeheldenkwartier_2022-06-22.json:bag_0518100000270579,n_vertices,75
repeated_ring_vertex,Source A,TheHague3D_batch_05_Wijk 22 Zeeheldenkwartier_2022-06-22.json,TheHague3D_batch_05_Wijk 22 Zeeheldenkwartier_2022-06-22.json:bag_0518100000300135,n_vertices,42
repeated_ring_vertex,Source A,TheHague3D_batch_05_Wijk 22 Zeeheldenkwartier_2022-06-22.json,TheHague3D_batch_05_Wijk 22 Zeeheldenkwartier_2022-06-22.json:bag_0518100000337757,n_vertices,204
repeated_ring_vertex,Source A,TheHague3D_batch_05_Wijk 22 Zeeheldenkwartier_2022-06-22.json,TheHague3D_batch_05_Wijk 22 Zeeheldenkwartier_2022-06-22.json:bag_0518100000274465,n_vertices,45
repeated_ring_vertex,Source A,TheHague3D_batch_05_Wijk 22 Zeeheldenkwartier_2022-06-22.json,TheHague3D_batch_05_Wijk 22 Zeeheldenkwartier_2022-06-22.json:bag_0518100001751041,n_vertices,103
repeated_ring_vertex,Source A,TheHague3D_batch_05_Wijk 4 Benoordenhout_2022-06-21.json,TheHague3D_batch_05_Wijk 4 Benoordenhout_2022-06-21.json:bag_0518100000326160,n_vertices,84
repeated_ring_vertex,Source A,TheHague3D_batch_05_Wijk 5 Archipelbuurt_2022-06-21.json,TheHague3D_batch_05_Wijk 5 Archipelbuurt_2022-06-21.json:bag_0518100000219648,n_vertices,1057
repeated_ring_vertex,Source A,TheHague3D_batch_05_Wijk 5 Archipelbuurt_2022-06-21.json,TheHague3D_batch_05_Wijk 5 Archipelbuurt_2022-06-21.json:bag_0518100000222067,n_vertices,52
repeated_ring_vertex,Source A,TheHague3D_batch_05_Wijk 5 Archipelbuurt_2022-06-21.json,TheHague3D_batch_05_Wijk 5 Archipelbuurt_2022-06-21.json:bag_0518100000342729,n_vertices,103
repeated_ring_vertex,Source A,TheHague3D_batch_05_Wijk 9 Geuzen- en Statenkwa_2022-06-21.json,TheHague3D_batch_05_Wijk 9 Geuzen- en Statenkwa_2022-06-21.json:bag_0518100000319043,n_vertices,75
repeated_ring_vertex,Source A,TheHague3D_batch_05_Wijk 9 Geuzen- en Statenkwa_2022-06-21.json,TheHague3D_batch_05_Wijk 9 Geuzen- en Statenkwa_2022-06-21.json:bag_0518100000214551,n_vertices,42
repeated_ring_vertex,Source A,TheHague3D_batch_05_Wijk 9 Geuzen- en Statenkwa_2022-06-21.json,TheHague3D_batch_05_Wijk 9 Geuzen- en Statenkwa_2022-06-21.json:bag_0518100000226092,n_vertices,227
repeated_ring_vertex,Source A,TheHague3D_batch_05_Wijk 9 Geuzen- en Statenkwa_2022-06-21.json,TheHague3D_batch_05_Wijk 9 Geuzen- en Statenkwa_2022-06-21.json:bag_0518100000225661,n_vertices,97
repeated_ring_vertex,Source A,TheHague3D_batch_06_Wijk 19 Vruchtenbuurt_2022-07-06.json,TheHague3D_batch_06_Wijk 19 Vruchtenbuurt_2022-07-06.json:bag_0518100000288421,n_vertices,86
repeated_ring_vertex,Source A,TheHague3D_batch_06_Wijk 19 Vruchtenbuurt_2022-07-06.json,TheHague3D_batch_06_Wijk 19 Vruchtenbuurt_2022-07-06.json:bag_0518100000216832,n_vertices,56
repeated_ring_vertex,Source A,TheHague3D_batch_06_Wijk 19 Vruchtenbuurt_2022-07-06.json,TheHague3D_batch_06_Wijk 19 Vruchtenbuurt_2022-07-06.json:bag_0518100000298786,n_vertices,68
repeated_ring_vertex,Source A,TheHague3D_batch_06_Wijk 19 Vruchtenbuurt_2022-07-06.json,TheHague3D_batch_06_Wijk 19 Vruchtenbuurt_2022-07-06.json:bag_0518100000287148,n_vertices,109
repeated_ring_vertex,Source A,TheHague3D_batch_06_Wijk 19 Vruchtenbuurt_2022-07-06.json,TheHague3D_batch_06_Wijk 19 Vruchtenbuurt_2022-07-06.json:bag_0518100000352436,n_vertices,50
repeated_ring_vertex,Source A,TheHague3D_batch_06_Wijk 19 Vruchtenbuurt_2022-07-06.json,TheHague3D_batch_06_Wijk 19 Vruchtenbuurt_2022-07-06.json:bag_0518100000334162,n_vertices,12
repeated_ring_vertex,Source A,TheHague3D_batch_06_Wijk 19 Vruchtenbuurt_2022-07-06.json,TheHague3D_batch_06_Wijk 19 Vruchtenbuurt_2022-07-06.json:bag_0518100000218333,n_vertices,109
repeated_ring_vertex,Source A,TheHague3D_batch_06_Wijk 19 Vruchtenbuurt_2022-07-06.json,TheHague3D_batch_06_Wijk 19 Vruchtenbuurt_2022-07-06.json:bag_0518100000244488,n_vertices,75
repeated_ring_vertex,Source A,TheHague3D_batch_06_Wijk 19 Vruchtenbuurt_2022-07-06.json,TheHague3D_batch_06_Wijk 19 Vruchtenbuurt_2022-07-06.json:bag_0518100000315303,n_vertices,79
repeated_ring_vertex,Source A,TheHague3D_batch_06_Wijk 19 Vruchtenbuurt_2022-07-06.json,TheHague3D_batch_06_Wijk 19 Vruchtenbuurt_2022-07-06.json:bag_0518100000222736,n_vertices,40
repeated_ring_vertex,Source A,TheHague3D_batch_06_Wijk 19 Vruchtenbuurt_2022-07-06.json,TheHague3D_batch_06_Wijk 19 Vruchtenbuurt_2022-07-06.json:bag_0518100000223667,n_vertices,107
repeated_ring_vertex,Source A,TheHague3D_batch_06_Wijk 19 Vruchtenbuurt_2022-07-06.json,TheHague3D_batch_06_Wijk 19 Vruchtenbuurt_2022-07-06.json:bag_0518100000232969,n_vertices,66
repeated_ring_vertex,Source A,TheHague3D_batch_06_Wijk 19 Vruchtenbuurt_2022-07-06.json,TheHague3D_batch_06_Wijk 19 Vruchtenbuurt_2022-07-06.json:bag_0518100000223120,n_vertices,52
repeated_ring_vertex,Source A,TheHague3D_batch_06_Wijk 19 Vruchtenbuurt_2022-07-06.json,TheHague3D_batch_06_Wijk 19 Vruchtenbuurt_2022-07-06.json:bag_0518100000275285,n_vertices,65
repeated_ring_vertex,Source A,TheHague3D_batch_06_Wijk 19 Vruchtenbuurt_2022-07-06.json,TheHague3D_batch_06_Wijk 19 Vruchtenbuurt_2022-07-06.json:bag_0518100000213348,n_vertices,49
repeated_ring_vertex,Source A,TheHague3D_batch_06_Wijk 19 Vruchtenbuurt_2022-07-06.json,TheHague3D_batch_06_Wijk 19 Vruchtenbuurt_2022-07-06.json:bag_0518100000238452,n_vertices,64
repeated_ring_vertex,Source A,TheHague3D_batch_06_Wijk 19 Vruchtenbuurt_2022-07-06.json,TheHague3D_batch_06_Wijk 19 Vruchtenbuurt_2022-07-06.json:bag_0518100000279122,n_vertices,102
repeated_ring_vertex,Source A,TheHague3D_batch_06_Wijk 19 Vruchtenbuurt_2022-07-06.json,TheHague3D_batch_06_Wijk 19 Vruchtenbuurt_2022-07-06.json:bag_0518100000317314,n_vertices,43
repeated_ring_vertex,Source A,TheHague3D_batch_06_Wijk 19 Vruchtenbuurt_2022-07-06.json,TheHague3D_batch_06_Wijk 19 Vruchtenbuurt_2022-07-06.json:bag_0518100000297859,n_vertices,37
repeated_ring_vertex,Source A,TheHague3D_batch_06_Wijk 19 Vruchtenbuurt_2022-07-06.json,TheHague3D_batch_06_Wijk 19 Vruchtenbuurt_2022-07-06.json:bag_0518100000229272,n_vertices,57
repeated_ring_vertex,Source A,TheHague3D_batch_06_Wijk 19 Vruchtenbuurt_2022-07-06.json,TheHague3D_batch_06_Wijk 19 Vruchtenbuurt_2022-07-06.json:bag_0518100000249007,n_vertices,102
repeated_ring_vertex,Source A,TheHague3D_batch_06_Wijk 19 Vruchtenbuurt_2022-07-06.json,TheHague3D_batch_06_Wijk 19 Vruchtenbuurt_2022-07-06.json:bag_0518100000203306,n_vertices,16
repeated_ring_vertex,Source A,TheHague3D_batch_06_Wijk 19 Vruchtenbuurt_2022-07-06.json,TheHague3D_batch_06_Wijk 19 Vruchtenbuurt_2022-07-06.json:bag_0518100000344079,n_vertices,67
repeated_ring_vertex,Source A,TheHague3D_batch_06_Wijk 19 Vruchtenbuurt_2022-07-06.json,TheHague3D_batch_06_Wijk 19 Vruchtenbuurt_2022-07-06.json:bag_0518100000237551,n_vertices,28
repeated_ring_vertex,Source A,TheHague3D_batch_06_Wijk 19 Vruchtenbuurt_2022-07-06.json,TheHague3D_batch_06_Wijk 19 Vruchtenbuurt_2022-07-06.json:bag_0518100000281822,n_vertices,67
repeated_ring_vertex,Source A,TheHague3D_batch_06_Wijk 20 Valkenboskwartier_2022-06-21.json,TheHague3D_batch_06_Wijk 20 Valkenboskwartier_2022-06-21.json:bag_0518100000278545,n_vertices,41
repeated_ring_vertex,Source A,TheHague3D_batch_06_Wijk 20 Valkenboskwartier_2022-06-21.json,TheHague3D_batch_06_Wijk 20 Valkenboskwartier_2022-06-21.json:bag_0518100000216513,n_vertices,94
repeated_ring_vertex,Source A,TheHague3D_batch_06_Wijk 20 Valkenboskwartier_2022-06-21.json,TheHague3D_batch_06_Wijk 20 Valkenboskwartier_2022-06-21.json:bag_0518100000324597,n_vertices,53
repeated_ring_vertex,Source A,TheHague3D_batch_06_Wijk 20 Valkenboskwartier_2022-06-21.json,TheHague3D_batch_06_Wijk 20 Valkenboskwartier_2022-06-21.json:bag_0518100000334767,n_vertices,55
repeated_ring_vertex,Source A,TheHague3D_batch_06_Wijk 20 Valkenboskwartier_2022-06-21.json,TheHague3D_batch_06_Wijk 20 Valkenboskwartier_2022-06-21.json:bag_0518100000220282,n_vertices,68
repeated_ring_vertex,Source A,TheHague3D_batch_06_Wijk 20 Valkenboskwartier_2022-06-21.json,TheHague3D_batch_06_Wijk 20 Valkenboskwartier_2022-06-21.json:bag_0518100000325951,n_vertices,29
repeated_ring_vertex,Source A,TheHague3D_batch_06_Wijk 20 Valkenboskwartier_2022-06-21.json,TheHague3D_batch_06_Wijk 20 Valkenboskwartier_2022-06-21.json:bag_0518100000221670,n_vertices,84
repeated_ring_vertex,Source A,TheHague3D_batch_06_Wijk 20 Valkenboskwartier_2022-06-21.json,TheHague3D_batch_06_Wijk 20 Valkenboskwartier_2022-06-21.json:bag_0518100000236871,n_vertices,41
repeated_ring_vertex,Source A,TheHague3D_batch_06_Wijk 20 Valkenboskwartier_2022-06-21.json,TheHague3D_batch_06_Wijk 20 Valkenboskwartier_2022-06-21.json:bag_0518100000227447,n_vertices,68
repeated_ring_vertex,Source A,TheHague3D_batch_06_Wijk 20 Valkenboskwartier_2022-06-21.json,TheHague3D_batch_06_Wijk 20 Valkenboskwartier_2022-06-21.json:bag_0518100000345063,n_vertices,72
repeated_ring_vertex,Source A,TheHague3D_batch_06_Wijk 21 Regentessekwartier_2022-06-21.json,TheHague3D_batch_06_Wijk 21 Regentessekwartier_2022-06-21.json:bag_0518100000234089,n_vertices,88
repeated_ring_vertex,Source A,TheHague3D_batch_06_Wijk 21 Regentessekwartier_2022-06-21.json,TheHague3D_batch_06_Wijk 21 Regentessekwartier_2022-06-21.json:bag_0518100000303368,n_vertices,63
repeated_ring_vertex,Source A,TheHague3D_batch_06_Wijk 21 Regentessekwartier_2022-06-21.json,TheHague3D_batch_06_Wijk 21 Regentessekwartier_2022-06-21.json:bag_0518100000281010,n_vertices,36
repeated_ring_vertex,Source A,TheHague3D_batch_06_Wijk 21 Regentessekwartier_2022-06-21.json,TheHague3D_batch_06_Wijk 21 Regentessekwartier_2022-06-21.json:bag_0518100000220104,n_vertices,64
repeated_ring_vertex,Source A,TheHague3D_batch_06_Wijk 21 Regentessekwartier_2022-06-21.json,TheHague3D_batch_06_Wijk 21 Regentessekwartier_2022-06-21.json:bag_0518100000288836,n_vertices,88
repeated_ring_vertex,Source A,TheHague3D_batch_06_Wijk 21 Regentessekwartier_2022-06-21.json,TheHague3D_batch_06_Wijk 21 Regentessekwartier_2022-06-21.json:bag_0518100000354137,n_vertices,86
repeated_ring_vertex,Source A,TheHague3D_batch_06_Wijk 21 Regentessekwartier_2022-06-21.json,TheHague3D_batch_06_Wijk 21 Regentessekwartier_2022-06-21.json:bag_0518100000231338,n_vertices,101
repeated_ring_vertex,Source A,TheHague3D_batch_06_Wijk 21 Regentessekwartier_2022-06-21.json,TheHague3D_batch_06_Wijk 21 Regentessekwartier_2022-06-21.json:bag_0518100000227071,n_vertices,71
repeated_ring_vertex,Source A,TheHague3D_batch_06_Wijk 21 Regentessekwartier_2022-06-21.json,TheHague3D_batch_06_Wijk 21 Regentessekwartier_2022-06-21.json:bag_0518100000241979,n_vertices,42
repeated_ring_vertex,Source A,TheHague3D_batch_06_Wijk 21 Regentessekwartier_2022-06-21.json,TheHague3D_batch_06_Wijk 21 Regentessekwartier_2022-06-21.json:bag_0518100000322835,n_vertices,69
repeated_ring_vertex,Source A,TheHague3D_batch_06_Wijk 21 Regentessekwartier_2022-06-21.json,TheHague3D_batch_06_Wijk 21 Regentessekwartier_2022-06-21.json:bag_0518100000228583,n_vertices,60
repeated_ring_vertex,Source A,TheHague3D_batch_06_Wijk 21 Regentessekwartier_2022-06-21.json,TheHague3D_batch_06_Wijk 21 Regentessekwartier_2022-06-21.json:bag_0518100000214549,n_vertices,101
repeated_ring_vertex,Source A,TheHague3D_batch_06_Wijk 21 Regentessekwartier_2022-06-21.json,TheHague3D_batch_06_Wijk 21 Regentessekwartier_2022-06-21.json:bag_0518100000302050,n_vertices,66
repeated_ring_vertex,Source A,TheHague3D_batch_06_Wijk 21 Regentessekwartier_2022-06-21.json,TheHague3D_batch_06_Wijk 21 Regentessekwartier_2022-06-21.json:bag_0518100000218171,n_vertices,132
repeated_ring_vertex,Source A,TheHague3D_batch_06_Wijk 21 Regentessekwartier_2022-06-21.json,TheHague3D_batch_06_Wijk 21 Regentessekwartier_2022-06-21.json:bag_0518100000321659,n_vertices,30
repeated_ring_vertex,Source A,TheHague3D_batch_06_Wijk 21 Regentessekwartier_2022-06-21.json,TheHague3D_batch_06_Wijk 21 Regentessekwartier_2022-06-21.json:bag_0518100000343154,n_vertices,82
repeated_ring_vertex,Source A,TheHague3D_batch_06_Wijk 21 Regentessekwartier_2022-06-21.json,TheHague3D_batch_06_Wijk 21 Regentessekwartier_2022-06-21.json:bag_0518100000282501,n_vertices,30
repeated_ring_vertex,Source A,TheHague3D_batch_06_Wijk 21 Regentessekwartier_2022-06-21.json,TheHague3D_batch_06_Wijk 21 Regentessekwartier_2022-06-21.json:bag_0518100000321795,n_vertices,65
repeated_ring_vertex,Source A,TheHague3D_batch_06_Wijk 21 Regentessekwartier_2022-06-21.json,TheHague3D_batch_06_Wijk 21 Regentessekwartier_2022-06-21.json:bag_0518100000204565,n_vertices,108
repeated_ring_vertex,Source A,TheHague3D_batch_06_Wijk 21 Regentessekwartier_2022-06-21.json,TheHague3D_batch_06_Wijk 21 Regentessekwartier_2022-06-21.json:bag_0518100000334580,n_vertices,72
repeated_ring_vertex,Source A,TheHague3D_batch_06_Wijk 21 Regentessekwartier_2022-06-21.json,TheHague3D_batch_06_Wijk 21 Regentessekwartier_2022-06-21.json:bag_0518100000270133,n_vertices,228
repeated_ring_vertex,Source A,TheHague3D_batch_06_Wijk 21 Regentessekwartier_2022-06-21.json,TheHague3D_batch_06_Wijk 21 Regentessekwartier_2022-06-21.json:bag_0518100000339103,n_vertices,42
repeated_ring_vertex,Source A,TheHague3D_batch_06_Wijk 25 Mariahoeve en Marlot_2022-06-21.json,TheHague3D_batch_06_Wijk 25 Mariahoeve en Marlot_2022-06-21.json:bag_0518100000213718,n_vertices,88
repeated_ring_vertex,Source A,TheHague3D_batch_06_Wijk 25 Mariahoeve en Marlot_2022-06-21.json,TheHague3D_batch_06_Wijk 25 Mariahoeve en Marlot_2022-06-21.json:bag_0518100000273357,n_vertices,169
repeated_ring_vertex,Source A,TheHague3D_batch_06_Wijk 25 Mariahoeve en Marlot_2022-06-21.json,TheHague3D_batch_06_Wijk 25 Mariahoeve en Marlot_2022-06-21.json:bag_0518100000354011,n_vertices,46
repeated_ring_vertex,Source A,TheHague3D_batch_06_Wijk 25 Mariahoeve en Marlot_2022-06-21.json,TheHague3D_batch_06_Wijk 25 Mariahoeve en Marlot_2022-06-21.json:bag_0518100000217441,n_vertices,952
repeated_ring_vertex,Source A,TheHague3D_batch_06_Wijk 25 Mariahoeve en Marlot_2022-06-21.json,TheHague3D_batch_06_Wijk 25 Mariahoeve en Marlot_2022-06-21.json:bag_0518100000317579,n_vertices,25
repeated_ring_vertex,Source A,TheHague3D_batch_06_Wijk 25 Mariahoeve en Marlot_2022-06-21.json,TheHague3D_batch_06_Wijk 25 Mariahoeve en Marlot_2022-06-21.json:bag_0518100000320974,n_vertices,211
repeated_ring_vertex,Source A,TheHague3D_batch_06_Wijk 31 Rustenburg en Oostbr_2022-06-21.json,TheHague3D_batch_06_Wijk 31 Rustenburg en Oostbr_2022-06-21.json:bag_0518100000279973,n_vertices,20
repeated_ring_vertex,Source A,TheHague3D_batch_06_Wijk 31 Rustenburg en Oostbr_2022-06-21.json,TheHague3D_batch_06_Wijk 31 Rustenburg en Oostbr_2022-06-21.json:bag_0518100000318482,n_vertices,30
repeated_ring_vertex,Source A,TheHague3D_batch_06_Wijk 31 Rustenburg en Oostbr_2022-06-21.json,TheHague3D_batch_06_Wijk 31 Rustenburg en Oostbr_2022-06-21.json:bag_0518100000337815,n_vertices,64
repeated_ring_vertex,Source A,TheHague3D_batch_06_Wijk 31 Rustenburg en Oostbr_2022-06-21.json,TheHague3D_batch_06_Wijk 31 Rustenburg en Oostbr_2022-06-21.json:bag_0518100000210565,n_vertices,36
repeated_ring_vertex,Source A,TheHague3D_batch_06_Wijk 31 Rustenburg en Oostbr_2022-06-21.json,TheHague3D_batch_06_Wijk 31 Rustenburg en Oostbr_2022-06-21.json:bag_0518100000269121,n_vertices,571
repeated_ring_vertex,Source A,TheHague3D_batch_06_Wijk 31 Rustenburg en Oostbr_2022-06-21.json,TheHague3D_batch_06_Wijk 31 Rustenburg en Oostbr_2022-06-21.json:bag_0518100000323933,n_vertices,104
repeated_ring_vertex,Source A,TheHague3D_batch_06_Wijk 31 Rustenburg en Oostbr_2022-06-21.json,TheHague3D_batch_06_Wijk 31 Rustenburg en Oostbr_2022-06-21.json:bag_0518100000276648,n_vertices,36
repeated_ring_vertex,Source A,TheHague3D_batch_06_Wijk 31 Rustenburg en Oostbr_2022-06-21.json,TheHague3D_batch_06_Wijk 31 Rustenburg en Oostbr_2022-06-21.json:bag_0518100000343179,n_vertices,38
repeated_ring_vertex,Source A,TheHague3D_batch_06_Wijk 31 Rustenburg en Oostbr_2022-06-21.json,TheHague3D_batch_06_Wijk 31 Rustenburg en Oostbr_2022-06-21.json:bag_0518100000267382,n_vertices,45
repeated_ring_vertex,Source A,TheHague3D_batch_06_Wijk 31 Rustenburg en Oostbr_2022-06-21.json,TheHague3D_batch_06_Wijk 31 Rustenburg en Oostbr_2022-06-21.json:bag_0518100000236772,n_vertices,48
repeated_ring_vertex,Source A,TheHague3D_batch_06_Wijk 31 Rustenburg en Oostbr_2022-06-21.json,TheHague3D_batch_06_Wijk 31 Rustenburg en Oostbr_2022-06-21.json:bag_0518100000244802,n_vertices,22
repeated_ring_vertex,Source A,TheHague3D_batch_06_Wijk 31 Rustenburg en Oostbr_2022-06-21.json,TheHague3D_batch_06_Wijk 31 Rustenburg en Oostbr_2022-06-21.json:bag_0518100000302308,n_vertices,22
repeated_ring_vertex,Source A,TheHague3D_batch_06_Wijk 31 Rustenburg en Oostbr_2022-06-21.json,TheHague3D_batch_06_Wijk 31 Rustenburg en Oostbr_2022-06-21.json:bag_0518100000353074,n_vertices,40
repeated_ring_vertex,Source A,TheHague3D_batch_06_Wijk 31 Rustenburg en Oostbr_2022-06-21.json,TheHague3D_batch_06_Wijk 31 Rustenburg en Oostbr_2022-06-21.json:bag_0518100000271453,n_vertices,67
repeated_ring_vertex,Source A,TheHague3D_batch_06_Wijk 31 Rustenburg en Oostbr_2022-06-21.json,TheHague3D_batch_06_Wijk 31 Rustenburg en Oostbr_2022-06-21.json:bag_0518100000224114,n_vertices,52
repeated_ring_vertex,Source A,TheHague3D_batch_06_Wijk 31 Rustenburg en Oostbr_2022-06-21.json,TheHague3D_batch_06_Wijk 31 Rustenburg en Oostbr_2022-06-21.json:bag_0518100000283900,n_vertices,27
repeated_ring_vertex,Source A,TheHague3D_batch_06_Wijk 31 Rustenburg en Oostbr_2022-06-21.json,TheHague3D_batch_06_Wijk 31 Rustenburg en Oostbr_2022-06-21.json:bag_0518100000275314,n_vertices,58
repeated_ring_vertex,Source A,TheHague3D_batch_06_Wijk 32 Leyenburg_2022-06-21.json,TheHague3D_batch_06_Wijk 32 Leyenburg_2022-06-21.json:bag_0518100001669938,n_vertices,18
repeated_ring_vertex,Source A,TheHague3D_batch_06_Wijk 32 Leyenburg_2022-06-21.json,TheHague3D_batch_06_Wijk 32 Leyenburg_2022-06-21.json:bag_0518100000342108,n_vertices,35
repeated_ring_vertex,Source A,TheHague3D_batch_06_Wijk 32 Leyenburg_2022-06-21.json,TheHague3D_batch_06_Wijk 32 Leyenburg_2022-06-21.json:bag_0518100000231383,n_vertices,26
repeated_ring_vertex,Source A,TheHague3D_batch_06_Wijk 32 Leyenburg_2022-06-21.json,TheHague3D_batch_06_Wijk 32 Leyenburg_2022-06-21.json:bag_0518100000300217,n_vertices,34
repeated_ring_vertex,Source A,TheHague3D_batch_06_Wijk 32 Leyenburg_2022-06-21.json,TheHague3D_batch_06_Wijk 32 Leyenburg_2022-06-21.json:bag_0518100000296453,n_vertices,38
repeated_ring_vertex,Source A,TheHague3D_batch_06_Wijk 32 Leyenburg_2022-06-21.json,TheHague3D_batch_06_Wijk 32 Leyenburg_2022-06-21.json:bag_0518100001753471,n_vertices,55
repeated_ring_vertex,Source A,TheHague3D_batch_06_Wijk 32 Leyenburg_2022-06-21.json,TheHague3D_batch_06_Wijk 32 Leyenburg_2022-06-21.json:bag_0518100000297246,n_vertices,200
repeated_ring_vertex,Source A,TheHague3D_batch_06_Wijk 32 Leyenburg_2022-06-21.json,TheHague3D_batch_06_Wijk 32 Leyenburg_2022-06-21.json:bag_0518100000214586,n_vertices,57
repeated_ring_vertex,Source A,TheHague3D_batch_06_Wijk 32 Leyenburg_2022-06-21.json,TheHague3D_batch_06_Wijk 32 Leyenburg_2022-06-21.json:bag_0518100000207544,n_vertices,34
repeated_ring_vertex,Source A,TheHague3D_batch_06_Wijk 32 Leyenburg_2022-06-21.json,TheHague3D_batch_06_Wijk 32 Leyenburg_2022-06-21.json:bag_0518100000212597,n_vertices,97
repeated_ring_vertex,Source A,TheHague3D_batch_06_Wijk 32 Leyenburg_2022-06-21.json,TheHague3D_batch_06_Wijk 32 Leyenburg_2022-06-21.json:bag_0518100000304156,n_vertices,48
repeated_ring_vertex,Source A,TheHague3D_batch_06_Wijk 32 Leyenburg_2022-06-21.json,TheHague3D_batch_06_Wijk 32 Leyenburg_2022-06-21.json:bag_0518100000214063,n_vertices,36
repeated_ring_vertex,Source A,TheHague3D_batch_06_Wijk 32 Leyenburg_2022-06-21.json,TheHague3D_batch_06_Wijk 32 Leyenburg_2022-06-21.json:bag_0518100000232272,n_vertices,51
repeated_ring_vertex,Source A,TheHague3D_batch_06_Wijk 32 Leyenburg_2022-06-21.json,TheHague3D_batch_06_Wijk 32 Leyenburg_2022-06-21.json:bag_0518100000270694,n_vertices,39
repeated_ring_vertex,Source A,TheHague3D_batch_06_Wijk 32 Leyenburg_2022-06-21.json,TheHague3D_batch_06_Wijk 32 Leyenburg_2022-06-21.json:bag_0518100000237235,n_vertices,45
repeated_ring_vertex,Source A,TheHague3D_batch_06_Wijk 32 Leyenburg_2022-06-21.json,TheHague3D_batch_06_Wijk 32 Leyenburg_2022-06-21.json:bag_0518100000271716,n_vertices,48
repeated_ring_vertex,Source A,TheHague3D_batch_06_Wijk 32 Leyenburg_2022-06-21.json,TheHague3D_batch_06_Wijk 32 Leyenburg_2022-06-21.json:bag_0518100000227883,n_vertices,47
repeated_ring_vertex,Source A,TheHague3D_batch_06_Wijk 32 Leyenburg_2022-06-21.json,TheHague3D_batch_06_Wijk 32 Leyenburg_2022-06-21.json:bag_0518100000285288,n_vertices,166
repeated_ring_vertex,Source A,TheHague3D_batch_06_Wijk 32 Leyenburg_2022-06-21.json,TheHague3D_batch_06_Wijk 32 Leyenburg_2022-06-21.json:bag_0518100000297702,n_vertices,104
repeated_ring_vertex,Source A,TheHague3D_batch_06_Wijk 32 Leyenburg_2022-06-21.json,TheHague3D_batch_06_Wijk 32 Leyenburg_2022-06-21.json:bag_0518100000285892,n_vertices,68
repeated_ring_vertex,Source A,TheHague3D_batch_06_Wijk 32 Leyenburg_2022-06-21.json,TheHague3D_batch_06_Wijk 32 Leyenburg_2022-06-21.json:bag_0518100000302520,n_vertices,52
repeated_ring_vertex,Source A,TheHague3D_batch_06_Wijk 32 Leyenburg_2022-06-21.json,TheHague3D_batch_06_Wijk 32 Leyenburg_2022-06-21.json:bag_0518100000285905,n_vertices,82
repeated_ring_vertex,Source A,TheHague3D_batch_06_Wijk 32 Leyenburg_2022-06-21.json,TheHague3D_batch_06_Wijk 32 Leyenburg_2022-06-21.json:bag_0518100000298908,n_vertices,84
repeated_ring_vertex,Source A,TheHague3D_batch_06_Wijk 32 Leyenburg_2022-06-21.json,TheHague3D_batch_06_Wijk 32 Leyenburg_2022-06-21.json:bag_0518100000302407,n_vertices,185
repeated_ring_vertex,Source A,TheHague3D_batch_06_Wijk 32 Leyenburg_2022-06-21.json,TheHague3D_batch_06_Wijk 32 Leyenburg_2022-06-21.json:bag_0518100000238058,n_vertices,30
repeated_ring_vertex,Source A,TheHague3D_batch_06_Wijk 35 Zuiderpark_2022-06-21.json,TheHague3D_batch_06_Wijk 35 Zuiderpark_2022-06-21.json:bag_0518100000219682,n_vertices,139
repeated_ring_vertex,Source A,TheHague3D_Batch_07_Bohemen en Meer en Bos_2022-08-08.json,TheHague3D_Batch_07_Bohemen en Meer en Bos_2022-08-08.json:bag_0518100000345931,n_vertices,86
repeated_ring_vertex,Source A,TheHague3D_Batch_07_Bohemen en Meer en Bos_2022-08-08.json,TheHague3D_Batch_07_Bohemen en Meer en Bos_2022-08-08.json:bag_0518100000342035,n_vertices,19
repeated_ring_vertex,Source A,TheHague3D_Batch_07_Bohemen en Meer en Bos_2022-08-08.json,TheHague3D_Batch_07_Bohemen en Meer en Bos_2022-08-08.json:bag_0518100000340312,n_vertices,42
repeated_ring_vertex,Source A,TheHague3D_Batch_07_Kraayenstein en de Uithof_2022-08-08.json,TheHague3D_Batch_07_Kraayenstein en de Uithof_2022-08-08.json:bag_0518100000208292,n_vertices,108
repeated_ring_vertex,Source A,TheHague3D_Batch_07_Kraayenstein en de Uithof_2022-08-08.json,TheHague3D_Batch_07_Kraayenstein en de Uithof_2022-08-08.json:bag_0518100001756095,n_vertices,57
repeated_ring_vertex,Source A,TheHague3D_Batch_07_Kraayenstein en de Uithof_2022-08-08.json,TheHague3D_Batch_07_Kraayenstein en de Uithof_2022-08-08.json:bag_0518100001635936,n_vertices,61
repeated_ring_vertex,Source A,TheHague3D_Batch_07_Kraayenstein en de Uithof_2022-08-08.json,TheHague3D_Batch_07_Kraayenstein en de Uithof_2022-08-08.json:bag_0518100001761380,n_vertices,124
repeated_ring_vertex,Source A,TheHague3D_Batch_07_Kraayenstein en de Uithof_2022-08-08.json,TheHague3D_Batch_07_Kraayenstein en de Uithof_2022-08-08.json:bag_0518100001757634,n_vertices,49
repeated_ring_vertex,Source A,TheHague3D_Batch_07_Kraayenstein en de Uithof_2022-08-08.json,TheHague3D_Batch_07_Kraayenstein en de Uithof_2022-08-08.json:bag_0518100001671291,n_vertices,46
repeated_ring_vertex,Source A,TheHague3D_Batch_07_Loosduinen_2022-08-08.json,TheHague3D_Batch_07_Loosduinen_2022-08-08.json:bag_0518100000322455,n_vertices,35
repeated_ring_vertex,Source A,TheHague3D_Batch_07_Loosduinen_2022-08-08.json,TheHague3D_Batch_07_Loosduinen_2022-08-08.json:bag_0518100000337252,n_vertices,37
repeated_ring_vertex,Source A,TheHague3D_Batch_07_Loosduinen_2022-08-08.json,TheHague3D_Batch_07_Loosduinen_2022-08-08.json:bag_0518100000208821,n_vertices,24
repeated_ring_vertex,Source A,TheHague3D_Batch_07_Loosduinen_2022-08-08.json,TheHague3D_Batch_07_Loosduinen_2022-08-08.json:bag_0518100000303276,n_vertices,24
repeated_ring_vertex,Source A,TheHague3D_Batch_07_Loosduinen_2022-08-08.json,TheHague3D_Batch_07_Loosduinen_2022-08-08.json:bag_0518100000268776,n_vertices,18
repeated_ring_vertex,Source A,TheHague3D_Batch_07_Loosduinen_2022-08-08.json,TheHague3D_Batch_07_Loosduinen_2022-08-08.json:bag_0518100000354692,n_vertices,40
repeated_ring_vertex,Source A,TheHague3D_Batch_07_Loosduinen_2022-08-08.json,TheHague3D_Batch_07_Loosduinen_2022-08-08.json:bag_0518100000302337,n_vertices,27
repeated_ring_vertex,Source A,TheHague3D_Batch_07_Loosduinen_2022-08-08.json,TheHague3D_Batch_07_Loosduinen_2022-08-08.json:bag_0518100000278595,n_vertices,22
repeated_ring_vertex,Source A,TheHague3D_Batch_07_Loosduinen_2022-08-08.json,TheHague3D_Batch_07_Loosduinen_2022-08-08.json:bag_0518100000322223,n_vertices,36
repeated_ring_vertex,Source A,TheHague3D_Batch_07_Loosduinen_2022-08-08.json,TheHague3D_Batch_07_Loosduinen_2022-08-08.json:bag_0518100000247142,n_vertices,29
repeated_ring_vertex,Source A,TheHague3D_Batch_07_Loosduinen_2022-08-08.json,TheHague3D_Batch_07_Loosduinen_2022-08-08.json:bag_0518100000324505,n_vertices,34
repeated_ring_vertex,Source A,TheHague3D_Batch_07_Loosduinen_2022-08-08.json,TheHague3D_Batch_07_Loosduinen_2022-08-08.json:bag_0518100000321768,n_vertices,29
repeated_ring_vertex,Source A,TheHague3D_Batch_07_Loosduinen_2022-08-08.json,TheHague3D_Batch_07_Loosduinen_2022-08-08.json:bag_0518100000324506,n_vertices,47
repeated_ring_vertex,Source A,TheHague3D_Batch_07_Loosduinen_2022-08-08.json,TheHague3D_Batch_07_Loosduinen_2022-08-08.json:bag_0518100000285300,n_vertices,23
repeated_ring_vertex,Source A,TheHague3D_Batch_07_Loosduinen_2022-08-08.json,TheHague3D_Batch_07_Loosduinen_2022-08-08.json:bag_0518100000307189,n_vertices,38
repeated_ring_vertex,Source A,TheHague3D_Batch_07_Loosduinen_2022-08-08.json,TheHague3D_Batch_07_Loosduinen_2022-08-08.json:bag_0518100000232631,n_vertices,25
repeated_ring_vertex,Source A,TheHague3D_Batch_07_Loosduinen_2022-08-08.json,TheHague3D_Batch_07_Loosduinen_2022-08-08.json:bag_0518100000275327,n_vertices,117
repeated_ring_vertex,Source A,TheHague3D_Batch_07_Loosduinen_2022-08-08.json,TheHague3D_Batch_07_Loosduinen_2022-08-08.json:bag_0518100000244753,n_vertices,14
repeated_ring_vertex,Source A,TheHague3D_Batch_07_Loosduinen_2022-08-08.json,TheHague3D_Batch_07_Loosduinen_2022-08-08.json:bag_0518100000210300,n_vertices,92
repeated_ring_vertex,Source A,TheHague3D_Batch_07_Loosduinen_2022-08-08.json,TheHague3D_Batch_07_Loosduinen_2022-08-08.json:bag_0518100000277650,n_vertices,24
repeated_ring_vertex,Source A,TheHague3D_Batch_07_Waldeck_2022-08-08.json,TheHague3D_Batch_07_Waldeck_2022-08-08.json:bag_0518100000318381,n_vertices,26
repeated_ring_vertex,Source A,TheHague3D_Batch_07_Waldeck_2022-08-08.json,TheHague3D_Batch_07_Waldeck_2022-08-08.json:bag_0518100000216155,n_vertices,16
repeated_ring_vertex,Source A,TheHague3D_Batch_07_Waldeck_2022-08-08.json,TheHague3D_Batch_07_Waldeck_2022-08-08.json:bag_0518100000344538,n_vertices,55
repeated_ring_vertex,Source A,TheHague3D_Batch_07_Waldeck_2022-08-08.json,TheHague3D_Batch_07_Waldeck_2022-08-08.json:bag_0518100000230632,n_vertices,82
repeated_ring_vertex,Source A,TheHague3D_Batch_07_Waldeck_2022-08-08.json,TheHague3D_Batch_07_Waldeck_2022-08-08.json:bag_0518100000302146,n_vertices,56
repeated_ring_vertex,Source A,TheHague3D_Batch_07_Waldeck_2022-08-08.json,TheHague3D_Batch_07_Waldeck_2022-08-08.json:bag_0518100000232173,n_vertices,105
repeated_ring_vertex,Source A,TheHague3D_Batch_07_Waldeck_2022-08-08.json,TheHague3D_Batch_07_Waldeck_2022-08-08.json:bag_0518100000277324,n_vertices,51
repeated_ring_vertex,Source A,TheHague3D_Batch_07_Wateringse_Veld_2022-08-08.json,TheHague3D_Batch_07_Wateringse_Veld_2022-08-08.json:bag_0518100000320603,n_vertices,18
repeated_ring_vertex,Source A,TheHague3D_Batch_07_Wateringse_Veld_2022-08-08.json,TheHague3D_Batch_07_Wateringse_Veld_2022-08-08.json:bag_0518100000253581,n_vertices,47
repeated_ring_vertex,Source A,TheHague3D_Batch_07_Wateringse_Veld_2022-08-08.json,TheHague3D_Batch_07_Wateringse_Veld_2022-08-08.json:bag_0518100000298714,n_vertices,22
repeated_ring_vertex,Source A,TheHague3D_Batch_07_Wateringse_Veld_2022-08-08.json,TheHague3D_Batch_07_Wateringse_Veld_2022-08-08.json:bag_0518100000300747,n_vertices,80
repeated_ring_vertex,Source A,TheHague3D_Batch_07_Wateringse_Veld_2022-08-08.json,TheHague3D_Batch_07_Wateringse_Veld_2022-08-08.json:bag_0518100000232610,n_vertices,46
repeated_ring_vertex,Source A,TheHague3D_Batch_07_Wateringse_Veld_2022-08-08.json,TheHague3D_Batch_07_Wateringse_Veld_2022-08-08.json:bag_0518100000253570,n_vertices,42
repeated_ring_vertex,Source A,TheHague3D_Batch_07_Wateringse_Veld_2022-08-08.json,TheHague3D_Batch_07_Wateringse_Veld_2022-08-08.json:bag_0518100000318102,n_vertices,27
repeated_ring_vertex,Source A,TheHague3D_Batch_07_Wateringse_Veld_2022-08-08.json,TheHague3D_Batch_07_Wateringse_Veld_2022-08-08.json:bag_0518100000212398,n_vertices,63
repeated_ring_vertex,Source A,TheHague3D_Batch_07_Wateringse_Veld_2022-08-08.json,TheHague3D_Batch_07_Wateringse_Veld_2022-08-08.json:bag_0518100000283158,n_vertices,28
repeated_ring_vertex,Source A,TheHague3D_Batch_07_Wateringse_Veld_2022-08-08.json,TheHague3D_Batch_07_Wateringse_Veld_2022-08-08.json:bag_0518100000218584,n_vertices,18
repeated_ring_vertex,Source A,TheHague3D_Batch_07_Wateringse_Veld_2022-08-08.json,TheHague3D_Batch_07_Wateringse_Veld_2022-08-08.json:bag_0518100001755604,n_vertices,36
repeated_ring_vertex,Source A,TheHague3D_Batch_07_Wateringse_Veld_2022-08-08.json,TheHague3D_Batch_07_Wateringse_Veld_2022-08-08.json:bag_0518100000311609,n_vertices,10
repeated_ring_vertex,Source A,TheHague3D_Batch_07_Wateringse_Veld_2022-08-08.json,TheHague3D_Batch_07_Wateringse_Veld_2022-08-08.json:bag_0518100000318107,n_vertices,22
repeated_ring_vertex,Source A,TheHague3D_Batch_07_Wateringse_Veld_2022-08-08.json,TheHague3D_Batch_07_Wateringse_Veld_2022-08-08.json:bag_0518100000226851,n_vertices,150
repeated_ring_vertex,Source A,TheHague3D_Batch_07_Wateringse_Veld_2022-08-08.json,TheHague3D_Batch_07_Wateringse_Veld_2022-08-08.json:bag_0518100000211712,n_vertices,23
repeated_ring_vertex,Source A,TheHague3D_Batch_07_Wateringse_Veld_2022-08-08.json,TheHague3D_Batch_07_Wateringse_Veld_2022-08-08.json:bag_0518100000206790,n_vertices,114
repeated_ring_vertex,Source A,TheHague3D_Batch_07_Wateringse_Veld_2022-08-08.json,TheHague3D_Batch_07_Wateringse_Veld_2022-08-08.json:bag_0518100000325017,n_vertices,67
repeated_ring_vertex,Source A,TheHague3D_Batch_07_Wateringse_Veld_2022-08-08.json,TheHague3D_Batch_07_Wateringse_Veld_2022-08-08.json:bag_0518100000236788,n_vertices,31
repeated_ring_vertex,Source A,TheHague3D_Batch_07_Wateringse_Veld_2022-08-08.json,TheHague3D_Batch_07_Wateringse_Veld_2022-08-08.json:bag_0518100000221945,n_vertices,31
repeated_ring_vertex,Source A,TheHague3D_Batch_07_Wateringse_Veld_2022-08-08.json,TheHague3D_Batch_07_Wateringse_Veld_2022-08-08.json:bag_0518100001626981,n_vertices,62
repeated_ring_vertex,Source A,TheHague3D_Batch_07_Wateringse_Veld_2022-08-08.json,TheHague3D_Batch_07_Wateringse_Veld_2022-08-08.json:bag_0518100000321535,n_vertices,63
repeated_ring_vertex,Source A,TheHague3D_Batch_08_Forepark_2022-08-08.json,TheHague3D_Batch_08_Forepark_2022-08-08.json:bag_0518100000340967,n_vertices,899
repeated_ring_vertex,Source A,TheHague3D_Batch_08_Forepark_2022-08-08.json,TheHague3D_Batch_08_Forepark_2022-08-08.json:bag_0518100000322721,n_vertices,108
repeated_ring_vertex,Source A,TheHague3D_Batch_08_Forepark_2022-08-08.json,TheHague3D_Batch_08_Forepark_2022-08-08.json:bag_0518100000273015,n_vertices,1369
repeated_ring_vertex,Source A,TheHague3D_Batch_08_Forepark_2022-08-08.json,TheHague3D_Batch_08_Forepark_2022-08-08.json:bag_0518100000273202,n_vertices,1039
repeated_ring_vertex,Source A,TheHague3D_Batch_08_Leidschenveen_2022-08-08.json,TheHague3D_Batch_08_Leidschenveen_2022-08-08.json:bag_0518100000252269,n_vertices,29
repeated_ring_vertex,Source A,TheHague3D_Batch_08_Leidschenveen_2022-08-08.json,TheHague3D_Batch_08_Leidschenveen_2022-08-08.json:bag_0518100000297621,n_vertices,33
repeated_ring_vertex,Source A,TheHague3D_Batch_08_Leidschenveen_2022-08-08.json,TheHague3D_Batch_08_Leidschenveen_2022-08-08.json:bag_0518100000320070,n_vertices,33
repeated_ring_vertex,Source A,TheHague3D_Batch_08_Leidschenveen_2022-08-08.json,TheHague3D_Batch_08_Leidschenveen_2022-08-08.json:bag_0518100000318819,n_vertices,32
repeated_ring_vertex,Source A,TheHague3D_Batch_08_Leidschenveen_2022-08-08.json,TheHague3D_Batch_08_Leidschenveen_2022-08-08.json:bag_0518100000218839,n_vertices,63
repeated_ring_vertex,Source A,TheHague3D_Batch_08_Leidschenveen_2022-08-08.json,TheHague3D_Batch_08_Leidschenveen_2022-08-08.json:bag_0518100000344722,n_vertices,32
repeated_ring_vertex,Source A,TheHague3D_Batch_08_Leidschenveen_2022-08-08.json,TheHague3D_Batch_08_Leidschenveen_2022-08-08.json:bag_0518100000301217,n_vertices,30
repeated_ring_vertex,Source A,TheHague3D_Batch_08_Ypenburg_2022-08-08.json,TheHague3D_Batch_08_Ypenburg_2022-08-08.json:bag_0518100000223427,n_vertices,42
repeated_ring_vertex,Source A,TheHague3D_Batch_08_Ypenburg_2022-08-08.json,TheHague3D_Batch_08_Ypenburg_2022-08-08.json:bag_0518100000328615,n_vertices,22
repeated_ring_vertex,Source A,TheHague3D_Batch_08_Ypenburg_2022-08-08.json,TheHague3D_Batch_08_Ypenburg_2022-08-08.json:bag_0518100000339506,n_vertices,77
repeated_ring_vertex,Source A,TheHague3D_Batch_08_Ypenburg_2022-08-08.json,TheHague3D_Batch_08_Ypenburg_2022-08-08.json:bag_0518100000218953,n_vertices,29
repeated_ring_vertex,Source A,TheHague3D_Batch_08_Ypenburg_2022-08-08.json,TheHague3D_Batch_08_Ypenburg_2022-08-08.json:bag_0518100000276268,n_vertices,26
repeated_ring_vertex,Source A,TheHague3D_Batch_08_Ypenburg_2022-08-08.json,TheHague3D_Batch_08_Ypenburg_2022-08-08.json:bag_0518100000271132,n_vertices,78
repeated_ring_vertex,Source A,TheHague3D_Batch_08_Ypenburg_2022-08-08.json,TheHague3D_Batch_08_Ypenburg_2022-08-08.json:bag_0518100000248222,n_vertices,69
repeated_ring_vertex,Source A,TheHague3D_Batch_08_Ypenburg_2022-08-08.json,TheHague3D_Batch_08_Ypenburg_2022-08-08.json:bag_0518100000211363,n_vertices,18
repeated_ring_vertex,Source A,TheHague3D_Batch_08_Ypenburg_2022-08-08.json,TheHague3D_Batch_08_Ypenburg_2022-08-08.json:bag_0518100000222057,n_vertices,68
repeated_ring_vertex,Source A,TheHague3D_Batch_08_Ypenburg_2022-08-08.json,TheHague3D_Batch_08_Ypenburg_2022-08-08.json:bag_0518100000212977,n_vertices,32
repeated_ring_vertex,Source A,TheHague3D_Batch_08_Ypenburg_2022-08-08.json,TheHague3D_Batch_08_Ypenburg_2022-08-08.json:bag_0518100001650314,n_vertices,77
repeated_ring_vertex,Source A,TheHague3D_Batch_08_Ypenburg_2022-08-08.json,TheHague3D_Batch_08_Ypenburg_2022-08-08.json:bag_0518100000245547,n_vertices,26
repeated_ring_vertex,Source A,TheHague3D_Batch_08_Ypenburg_2022-08-08.json,TheHague3D_Batch_08_Ypenburg_2022-08-08.json:bag_0518100000318280,n_vertices,28
repeated_ring_vertex,Source A,TheHague3D_Batch_08_Ypenburg_2022-08-08.json,TheHague3D_Batch_08_Ypenburg_2022-08-08.json:bag_0518100000242971,n_vertices,30
repeated_ring_vertex,Source A,TheHague3D_Batch_08_Ypenburg_2022-08-08.json,TheHague3D_Batch_08_Ypenburg_2022-08-08.json:bag_0518100000325349,n_vertices,51
repeated_ring_vertex,Source A,TheHague3D_Batch_08_Ypenburg_2022-08-08.json,TheHague3D_Batch_08_Ypenburg_2022-08-08.json:bag_0518100000338254,n_vertices,40
repeated_ring_vertex,Source A,TheHague3D_Batch_08_Ypenburg_2022-08-08.json,TheHague3D_Batch_08_Ypenburg_2022-08-08.json:bag_0518100000281429,n_vertices,19
repeated_ring_vertex,Source A,TheHague3D_Batch_08_Ypenburg_2022-08-08.json,TheHague3D_Batch_08_Ypenburg_2022-08-08.json:bag_0518100000287776,n_vertices,18
repeated_ring_vertex,Source B,10-232-568.city.json,10-232-568.city.json:NL.IMBAG.Pand.1783100000003664-0,n_vertices,67
repeated_ring_vertex,Source B,10-232-568.city.json,10-232-568.city.json:NL.IMBAG.Pand.1783100000037173-0,n_vertices,33
repeated_ring_vertex,Source B,10-232-570.city.json,10-232-570.city.json:NL.IMBAG.Pand.1783100000032638-0,n_vertices,51
repeated_ring_vertex,Source B,10-232-570.city.json,10-232-570.city.json:NL.IMBAG.Pand.1783100000035195-0,n_vertices,42
repeated_ring_vertex,Source B,10-250-582.city.json,10-250-582.city.json:NL.IMBAG.Pand.0518100000269771-0,n_vertices,701
repeated_ring_vertex,Source B,10-256-598.city.json,10-256-598.city.json:NL.IMBAG.Pand.0518100000317660-2,n_vertices,99
repeated_ring_vertex,Source B,10-256-598.city.json,10-256-598.city.json:NL.IMBAG.Pand.0518100001630830-0,n_vertices,52
repeated_ring_vertex,Source B,10-256-598.city.json,10-256-598.city.json:NL.IMBAG.Pand.0518100001743621-0,n_vertices,160
repeated_ring_vertex,Source B,10-258-588.city.json,10-258-588.city.json:NL.IMBAG.Pand.0518100000280429-1,n_vertices,24
repeated_ring_vertex,Source B,10-258-590.city.json,10-258-590.city.json:NL.IMBAG.Pand.0518100000217894-0,n_vertices,109
repeated_ring_vertex,Source B,10-258-596.city.json,10-258-596.city.json:NL.IMBAG.Pand.0518100000270419-0,n_vertices,145
repeated_ring_vertex,Source B,10-258-596.city.json,10-258-596.city.json:NL.IMBAG.Pand.0518100000326350-0,n_vertices,67
repeated_ring_vertex,Source B,10-258-596.city.json,10-258-596.city.json:NL.IMBAG.Pand.0518100001644873-0,n_vertices,205
repeated_ring_vertex,Source B,10-258-598.city.json,10-258-598.city.json:NL.IMBAG.Pand.0518100000272861-0,n_vertices,240
repeated_ring_vertex,Source B,10-258-598.city.json,10-258-598.city.json:NL.IMBAG.Pand.0518100000273871-0,n_vertices,194
repeated_ring_vertex,Source B,10-258-598.city.json,10-258-598.city.json:NL.IMBAG.Pand.0518100000316759-0,n_vertices,76
repeated_ring_vertex,Source B,10-260-568.city.json,10-260-568.city.json:NL.IMBAG.Pand.1783100000070033-0,n_vertices,186
repeated_ring_vertex,Source B,10-260-570.city.json,10-260-570.city.json:NL.IMBAG.Pand.0518100000299381-0,n_vertices,50
repeated_ring_vertex,Source B,10-260-584.city.json,10-260-584.city.json:NL.IMBAG.Pand.0518100000212431-0,n_vertices,37
repeated_ring_vertex,Source B,10-260-584.city.json,10-260-584.city.json:NL.IMBAG.Pand.0518100000247797-0,n_vertices,88
repeated_ring_vertex,Source B,10-260-584.city.json,10-260-584.city.json:NL.IMBAG.Pand.0518100000326828-0,n_vertices,83
repeated_ring_vertex,Source B,10-260-588.city.json,10-260-588.city.json:NL.IMBAG.Pand.0518100000204777-0,n_vertices,79
repeated_ring_vertex,Source B,10-260-590.city.json,10-260-590.city.json:NL.IMBAG.Pand.0518100000299449-0,n_vertices,46
repeated_ring_vertex,Source B,10-260-598.city.json,10-260-598.city.json:NL.IMBAG.Pand.0518100000275617-0,n_vertices,87
repeated_ring_vertex,Source B,10-260-598.city.json,10-260-598.city.json:NL.IMBAG.Pand.0518100000304578-0,n_vertices,113
repeated_ring_vertex,Source B,10-260-600.city.json,10-260-600.city.json:NL.IMBAG.Pand.0518100000321427-0,n_vertices,120
repeated_ring_vertex,Source B,10-260-602.city.json,10-260-602.city.json:NL.IMBAG.Pand.0518100000296923-0,n_vertices,93
repeated_ring_vertex,Source B,10-260-602.city.json,10-260-602.city.json:NL.IMBAG.Pand.0518100000336345-0,n_vertices,744
repeated_ring_vertex,Source B,10-260-604.city.json,10-260-604.city.json:NL.IMBAG.Pand.0518100000277722-0,n_vertices,94
repeated_ring_vertex,Source B,10-262-568.city.json,10-262-568.city.json:NL.IMBAG.Pand.0518100000225233-0,n_vertices,69
repeated_ring_vertex,Source B,10-262-568.city.json,10-262-568.city.json:NL.IMBAG.Pand.0518100000346277-0,n_vertices,64
repeated_ring_vertex,Source B,10-262-570.city.json,10-262-570.city.json:NL.IMBAG.Pand.0518100000206790-0,n_vertices,521
repeated_ring_vertex,Source B,10-262-586.city.json,10-262-586.city.json:NL.IMBAG.Pand.0518100000352729-0,n_vertices,69
repeated_ring_vertex,Source B,10-262-596.city.json,10-262-596.city.json:NL.IMBAG.Pand.0518100000325404-0,n_vertices,420
repeated_ring_vertex,Source B,10-262-598.city.json,10-262-598.city.json:NL.IMBAG.Pand.0518100000286691-0,n_vertices,810
repeated_ring_vertex,Source B,10-262-598.city.json,10-262-598.city.json:NL.IMBAG.Pand.0518100000319149-0,n_vertices,1192
repeated_ring_vertex,Source B,10-262-600.city.json,10-262-600.city.json:NL.IMBAG.Pand.0518100000216419-0,n_vertices,274
repeated_ring_vertex,Source B,10-262-604.city.json,10-262-604.city.json:NL.IMBAG.Pand.0518100000207533-0,n_vertices,53
repeated_ring_vertex,Source B,10-262-604.city.json,10-262-604.city.json:NL.IMBAG.Pand.0518100000275498-0,n_vertices,104
repeated_ring_vertex,Source B,10-262-606.city.json,10-262-606.city.json:NL.IMBAG.Pand.0518100000211276-0,n_vertices,1341
repeated_ring_vertex,Source B,10-264-568.city.json,10-264-568.city.json:NL.IMBAG.Pand.0518100000338354-0,n_vertices,92
repeated_ring_vertex,Source B,10-264-588.city.json,10-264-588.city.json:NL.IMBAG.Pand.0518100000302680-0,n_vertices,319
repeated_ring_vertex,Source B,10-264-588.city.json,10-264-588.city.json:NL.IMBAG.Pand.0518100001647491-0,n_vertices,156
repeated_ring_vertex,Source B,10-264-606.city.json,10-264-606.city.json:NL.IMBAG.Pand.0518100000285751-0,n_vertices,162
repeated_ring_vertex,Source B,10-266-584.city.json,10-266-584.city.json:NL.IMBAG.Pand.0518100000322479-0,n_vertices,44
repeated_ring_vertex,Source B,10-266-590.city.json,10-266-590.city.json:NL.IMBAG.Pand.0518100000326658-0,n_vertices,1519
repeated_ring_vertex,Source B,10-266-590.city.json,10-266-590.city.json:NL.IMBAG.Pand.0518100000335217-0,n_vertices,187
repeated_ring_vertex,Source B,10-266-594.city.json,10-266-594.city.json:NL.IMBAG.Pand.0518100000204076-0,n_vertices,16
repeated_ring_vertex,Source B,10-266-594.city.json,10-266-594.city.json:NL.IMBAG.Pand.0518100000329353-0,n_vertices,110
repeated_ring_vertex,Source B,10-266-606.city.json,10-266-606.city.json:NL.IMBAG.Pand.0518100000219161-0,n_vertices,93
repeated_ring_vertex,Source B,10-266-606.city.json,10-266-606.city.json:NL.IMBAG.Pand.0518100000335184-0,n_vertices,42
repeated_ring_vertex,Source B,10-268-588.city.json,10-268-588.city.json:NL.IMBAG.Pand.0518100000270295-0,n_vertices,161
repeated_ring_vertex,Source B,10-268-588.city.json,10-268-588.city.json:NL.IMBAG.Pand.0518100000287878-0,n_vertices,285
repeated_ring_vertex,Source B,10-268-588.city.json,10-268-588.city.json:NL.IMBAG.Pand.0518100001675099-0,n_vertices,134
repeated_ring_vertex,Source B,10-268-590.city.json,10-268-590.city.json:NL.IMBAG.Pand.0518100000229038-0,n_vertices,150
repeated_ring_vertex,Source B,10-268-590.city.json,10-268-590.city.json:NL.IMBAG.Pand.0518100000274795-0,n_vertices,344
repeated_ring_vertex,Source B,10-268-592.city.json,10-268-592.city.json:NL.IMBAG.Pand.0518100000206818-0,n_vertices,139
repeated_ring_vertex,Source B,10-268-592.city.json,10-268-592.city.json:NL.IMBAG.Pand.0518100000284281-0,n_vertices,174
repeated_ring_vertex,Source B,10-268-594.city.json,10-268-594.city.json:NL.IMBAG.Pand.0518100000237546-0,n_vertices,175
repeated_ring_vertex,Source B,10-268-594.city.json,10-268-594.city.json:NL.IMBAG.Pand.0518100000246722-0,n_vertices,215
repeated_ring_vertex,Source B,10-268-594.city.json,10-268-594.city.json:NL.IMBAG.Pand.0518100000315046-0,n_vertices,318
repeated_ring_vertex,Source B,10-268-594.city.json,10-268-594.city.json:NL.IMBAG.Pand.0518100000338035-0,n_vertices,427
repeated_ring_vertex,Source B,10-268-596.city.json,10-268-596.city.json:NL.IMBAG.Pand.0518100000246381-0,n_vertices,287
repeated_ring_vertex,Source B,10-268-596.city.json,10-268-596.city.json:NL.IMBAG.Pand.0518100000297367-0,n_vertices,439
repeated_ring_vertex,Source B,10-268-596.city.json,10-268-596.city.json:NL.IMBAG.Pand.0518100000354858-0,n_vertices,170
repeated_ring_vertex,Source B,10-268-598.city.json,10-268-598.city.json:NL.IMBAG.Pand.0518100000272884-0,n_vertices,97
repeated_ring_vertex,Source B,10-268-598.city.json,10-268-598.city.json:NL.IMBAG.Pand.0518100000339868-0,n_vertices,79
repeated_ring_vertex,Source B,10-268-598.city.json,10-268-598.city.json:NL.IMBAG.Pand.0518100001640476-0,n_vertices,70
repeated_ring_vertex,Source B,10-270-588.city.json,10-270-588.city.json:NL.IMBAG.Pand.0518100000245648-0,n_vertices,515
repeated_ring_vertex,Source B,10-270-588.city.json,10-270-588.city.json:NL.IMBAG.Pand.0518100000328708-0,n_vertices,273
repeated_ring_vertex,Source B,10-270-590.city.json,10-270-590.city.json:NL.IMBAG.Pand.0518100001756022-0,n_vertices,546
repeated_ring_vertex,Source B,10-270-592.city.json,10-270-592.city.json:NL.IMBAG.Pand.0518100000271185-0,n_vertices,473
repeated_ring_vertex,Source B,10-270-592.city.json,10-270-592.city.json:NL.IMBAG.Pand.0518100000323462-0,n_vertices,73
repeated_ring_vertex,Source B,10-270-592.city.json,10-270-592.city.json:NL.IMBAG.Pand.0518100000353587-0,n_vertices,486
repeated_ring_vertex,Source B,10-270-594.city.json,10-270-594.city.json:NL.IMBAG.Pand.0518100000281633-0,n_vertices,133
repeated_ring_vertex,Source B,10-270-594.city.json,10-270-594.city.json:NL.IMBAG.Pand.0518100000320502-0,n_vertices,365
repeated_ring_vertex,Source B,10-270-596.city.json,10-270-596.city.json:NL.IMBAG.Pand.0518100000213213-0,n_vertices,41
repeated_ring_vertex,Source B,10-270-596.city.json,10-270-596.city.json:NL.IMBAG.Pand.0518100000322431-0,n_vertices,62
repeated_ring_vertex,Source B,10-270-598.city.json,10-270-598.city.json:NL.IMBAG.Pand.0518100000226198-0,n_vertices,2961
repeated_ring_vertex,Source B,10-270-598.city.json,10-270-598.city.json:NL.IMBAG.Pand.0518100000242790-0,n_vertices,679
repeated_ring_vertex,Source B,10-270-598.city.json,10-270-598.city.json:NL.IMBAG.Pand.0518100000289965-0,n_vertices,68
repeated_ring_vertex,Source B,10-270-598.city.json,10-270-598.city.json:NL.IMBAG.Pand.0518100000320302-0,n_vertices,614
repeated_ring_vertex,Source B,10-272-588.city.json,10-272-588.city.json:NL.IMBAG.Pand.0518100000298496-0,n_vertices,628
repeated_ring_vertex,Source B,10-272-588.city.json,10-272-588.city.json:NL.IMBAG.Pand.0518100001629120-0,n_vertices,515
repeated_ring_vertex,Source B,10-272-590.city.json,10-272-590.city.json:NL.IMBAG.Pand.0518100000278808-0,n_vertices,133
repeated_ring_vertex,Source B,10-272-590.city.json,10-272-590.city.json:NL.IMBAG.Pand.0518100001648162-0,n_vertices,370
repeated_ring_vertex,Source B,10-274-588.city.json,10-274-588.city.json:NL.IMBAG.Pand.0518100000225439-0,n_vertices,1146
repeated_ring_vertex,Source B,10-274-588.city.json,10-274-588.city.json:NL.IMBAG.Pand.0518100000317196-0,n_vertices,1148
repeated_ring_vertex,Source B,10-274-588.city.json,10-274-588.city.json:NL.IMBAG.Pand.0518100001649070-0,n_vertices,606
repeated_ring_vertex,Source B,10-274-590.city.json,10-274-590.city.json:NL.IMBAG.Pand.0518100000321658-0,n_vertices,63
repeated_ring_vertex,Source B,10-276-582.city.json,10-276-582.city.json:NL.IMBAG.Pand.0603100000011832-0,n_vertices,148
repeated_ring_vertex,Source B,10-276-582.city.json,10-276-582.city.json:NL.IMBAG.Pand.0603100000013313-0,n_vertices,84
repeated_ring_vertex,Source B,10-278-580.city.json,10-278-580.city.json:NL.IMBAG.Pand.0603100000012860-0,n_vertices,98
repeated_ring_vertex,Source B,10-278-582.city.json,10-278-582.city.json:NL.IMBAG.Pand.0603100000010843-0,n_vertices,106
repeated_ring_vertex,Source B,10-286-588.city.json,10-286-588.city.json:NL.IMBAG.Pand.1916100000089254-0,n_vertices,82
repeated_ring_vertex,Source B,10-286-590.city.json,10-286-590.city.json:NL.IMBAG.Pand.1916100000089023-0,n_vertices,120
repeated_ring_vertex,Source B,10-286-590.city.json,10-286-590.city.json:NL.IMBAG.Pand.1916100000098272-0,n_vertices,51
repeated_ring_vertex,Source B,10-292-592.city.json,10-292-592.city.json:NL.IMBAG.Pand.1916100000102380-0,n_vertices,470
repeated_ring_vertex,Source B,10-294-592.city.json,10-294-592.city.json:NL.IMBAG.Pand.1916100000101324-0,n_vertices,462
repeated_ring_vertex,Source B,10-294-592.city.json,10-294-592.city.json:NL.IMBAG.Pand.1916100000115398-0,n_vertices,378
repeated_ring_vertex,Source B,10-294-592.city.json,10-294-592.city.json:NL.IMBAG.Pand.1916100000363263-2,n_vertices,434
repeated_ring_vertex,Source B,10-364-612.city.json,10-364-612.city.json:NL.IMBAG.Pand.0484100000011837-0,n_vertices,132
repeated_ring_vertex,Source B,10-364-612.city.json,10-364-612.city.json:NL.IMBAG.Pand.0484100000040659-0,n_vertices,244
repeated_ring_vertex,Source B,10-364-614.city.json,10-364-614.city.json:NL.IMBAG.Pand.0484100000015630-0,n_vertices,70
repeated_ring_vertex,Source B,10-364-618.city.json,10-364-618.city.json:NL.IMBAG.Pand.0484100000020550-0,n_vertices,43
repeated_ring_vertex,Source B,10-366-612.city.json,10-366-612.city.json:NL.IMBAG.Pand.0484100000012842-0,n_vertices,83
repeated_ring_vertex,Source B,10-366-612.city.json,10-366-612.city.json:NL.IMBAG.Pand.0484100000050092-0,n_vertices,219
repeated_ring_vertex,Source B,10-366-614.city.json,10-366-614.city.json:NL.IMBAG.Pand.0484100000013014-2,n_vertices,518
repeated_ring_vertex,Source B,10-366-614.city.json,10-366-614.city.json:NL.IMBAG.Pand.0484100000044402-0,n_vertices,29
repeated_ring_vertex,Source B,10-366-616.city.json,10-366-616.city.json:NL.IMBAG.Pand.0484100000016387-0,n_vertices,395
repeated_ring_vertex,Source B,10-388-594.city.json,10-388-594.city.json:NL.IMBAG.Pand.0497100000001941-0,n_vertices,190
repeated_ring_vertex,Source B,10-388-594.city.json,10-388-594.city.json:NL.IMBAG.Pand.1901100000024088-0,n_vertices,245
roof_normal_down,Source A,Stationsbuurt_2022-04-27.json,Stationsbuurt_2022-04-27.json:bag_0518100000229788,n_vertices,2632
roof_normal_down,Source A,Stationsbuurt_2022-04-27.json,Stationsbuurt_2022-04-27.json:bag_0518100000290635,n_vertices,74
roof_normal_down,Source A,Stationsbuurt_2022-04-27.json,Stationsbuurt_2022-04-27.json:bag_0518100000270462,n_vertices,394
roof_normal_down,Source A,TheHague3D_batch_01a_Landmark_Attributed_2021-06-29.json,TheHague3D_batch_01a_Landmark_Attributed_2021-06-29.json:bag_0518100000225802,n_vertices,1269
roof_normal_down,Source A,TheHague3D_batch_01a_part01_attributed_2021-06-29.json,TheHague3D_batch_01a_part01_attributed_2021-06-29.json:bag_0518100000239034,n_vertices,58
roof_normal_down,Source A,TheHague3D_batch_01a_part02_attributed_2021-06-29.json,TheHague3D_batch_01a_part02_attributed_2021-06-29.json:bag_0518100000339315,n_vertices,152
roof_normal_down,Source A,TheHague3D_batch_01a_part02_attributed_2021-06-29.json,TheHague3D_batch_01a_part02_attributed_2021-06-29.json:bag_0518100001754656,n_vertices,425
roof_normal_down,Source A,TheHague3D_batch_02_wijk29_attributed_2021_08_19.json,TheHague3D_batch_02_wijk29_attributed_2021_08_19.json:bag_0518100000212325,n_vertices,48
roof_normal_down,Source A,TheHague3D_batch_02_wijk36_attributed_2021_08_19.json,TheHague3D_batch_02_wijk36_attributed_2021_08_19.json:bag_0518100000207960,n_vertices,53
roof_normal_down,Source A,TheHague3D_batch_03_Haagse-Bos_attributed_2022-03-01.json,TheHague3D_batch_03_Haagse-Bos_attributed_2022-03-01.json:bag_0518100000301959,n_vertices,90
roof_normal_down,Source A,TheHague3D_batch_03_Haagse-Bos_attributed_2022-03-01.json,TheHague3D_batch_03_Haagse-Bos_attributed_2022-03-01.json:bag_0518100000345624,n_vertices,69
roof_normal_down,Source A,TheHague3D_batch_03_Haagse-Bos_attributed_2022-03-01.json,TheHague3D_batch_03_Haagse-Bos_attributed_2022-03-01.json:bag_0518100000327169,n_vertices,34
roof_normal_down,Source A,TheHague3D_batch_03_Haagse-Bos_attributed_2022-03-01.json,TheHague3D_batch_03_Haagse-Bos_attributed_2022-03-01.json:bag_0518100000224270,n_vertices,188
roof_normal_down,Source A,TheHague3D_batch_03_Haagse-Bos_attributed_2022-03-01.json,TheHague3D_batch_03_Haagse-Bos_attributed_2022-03-01.json:bag_0518100000270443,n_vertices,955
roof_normal_down,Source A,TheHague3D_batch_03_Haagse-Bos_attributed_2022-03-01.json,TheHague3D_batch_03_Haagse-Bos_attributed_2022-03-01.json:bag_0518100001664076,n_vertices,135
roof_normal_down,Source A,TheHague3D_batch_03_Haagse-Bos_attributed_2022-03-01.json,TheHague3D_batch_03_Haagse-Bos_attributed_2022-03-01.json:bag_0518100001625984,n_vertices,76
roof_normal_down,Source A,TheHague3D_batch_03_Haagse-Bos_attributed_2022-03-01.json,TheHague3D_batch_03_Haagse-Bos_attributed_2022-03-01.json:bag_0518100000269122,n_vertices,180
roof_normal_down,Source A,TheHague3D_batch_04_Wijk 13 Vogelwijk_attributed_2022-03-28.json,TheHague3D_batch_04_Wijk 13 Vogelwijk_attributed_2022-03-28.json:bag_0518100000324667,n_vertices,48
roof_normal_down,Source A,TheHague3D_batch_04_Wijk 13 Vogelwijk_attributed_2022-03-28.json,TheHague3D_batch_04_Wijk 13 Vogelwijk_attributed_2022-03-28.json:bag_0518100000235628,n_vertices,69
roof_normal_down,Source A,TheHague3D_batch_04_Wijk 15 Kijkduin en Ockenbur_attributed_2022-03-28.json,TheHague3D_batch_04_Wijk 15 Kijkduin en Ockenbur_attributed_2022-03-28.json:bag_0518100000216116,n_vertices,363
roof_normal_down,Source A,TheHague3D_batch_04_Wijk 15 Kijkduin en Ockenbur_attributed_2022-03-28.json,TheHague3D_batch_04_Wijk 15 Kijkduin en Ockenbur_attributed_2022-03-28.json:bag_0518100000225469,n_vertices,189
roof_normal_down,Source A,TheHague3D_batch_04_Wijk 2 BelgischPark_attributed_2022-03-28.json,TheHague3D_batch_04_Wijk 2 BelgischPark_attributed_2022-03-28.json:bag_0518100000225986,n_vertices,46
roof_normal_down,Source A,TheHague3D_batch_04_Wijk 30 Transvaalkwartier_attributed_2022-03-28.json,TheHague3D_batch_04_Wijk 30 Transvaalkwartier_attributed_2022-03-28.json:bag_0518100000280528,n_vertices,26
roof_normal_down,Source A,TheHague3D_batch_04_Wijk 30 Transvaalkwartier_attributed_2022-03-28.json,TheHague3D_batch_04_Wijk 30 Transvaalkwartier_attributed_2022-03-28.json:bag_0518100000273161,n_vertices,112
roof_normal_down,Source A,TheHague3D_batch_04_Wijk 30 Transvaalkwartier_attributed_2022-03-28.json,TheHague3D_batch_04_Wijk 30 Transvaalkwartier_attributed_2022-03-28.json:bag_0518100000319073,n_vertices,33
roof_normal_down,Source A,TheHague3D_batch_04_Wijk 30 Transvaalkwartier_attributed_2022-03-28.json,TheHague3D_batch_04_Wijk 30 Transvaalkwartier_attributed_2022-03-28.json:bag_0518100000353703,n_vertices,34
roof_normal_down,Source A,TheHague3D_batch_04_Wijk 30 Transvaalkwartier_attributed_2022-03-28.json,TheHague3D_batch_04_Wijk 30 Transvaalkwartier_attributed_2022-03-28.json:bag_0518100000279341,n_vertices,46
roof_normal_down,Source A,TheHague3D_batch_04_Wijk 30 Transvaalkwartier_attributed_2022-03-28.json,TheHague3D_batch_04_Wijk 30 Transvaalkwartier_attributed_2022-03-28.json:bag_0518100000234152,n_vertices,100
roof_normal_down,Source A,TheHague3D_batch_04_Wijk 30 Transvaalkwartier_attributed_2022-03-28.json,TheHague3D_batch_04_Wijk 30 Transvaalkwartier_attributed_2022-03-28.json:bag_0518100000239263,n_vertices,31
roof_normal_down,Source A,TheHague3D_batch_04_Wijk 30 Transvaalkwartier_attributed_2022-03-28.json,TheHague3D_batch_04_Wijk 30 Transvaalkwartier_attributed_2022-03-28.json:bag_0518100000235198,n_vertices,37
roof_normal_down,Source A,TheHague3D_batch_04_Wijk 30 Transvaalkwartier_attributed_2022-03-28.json,TheHague3D_batch_04_Wijk 30 Transvaalkwartier_attributed_2022-03-28.json:bag_0518100000279891,n_vertices,45
roof_normal_down,Source A,TheHague3D_batch_04_Wijk 30 Transvaalkwartier_attributed_2022-03-28.json,TheHague3D_batch_04_Wijk 30 Transvaalkwartier_attributed_2022-03-28.json:bag_0518100000289644,n_vertices,30
roof_normal_down,Source A,TheHague3D_batch_04_Wijk 30 Transvaalkwartier_attributed_2022-03-28.json,TheHague3D_batch_04_Wijk 30 Transvaalkwartier_attributed_2022-03-28.json:bag_0518100000338592,n_vertices,38
roof_normal_down,Source A,TheHague3D_batch_04_Wijk 30 Transvaalkwartier_attributed_2022-03-28.json,TheHague3D_batch_04_Wijk 30 Transvaalkwartier_attributed_2022-03-28.json:bag_0518100000342227,n_vertices,30
roof_normal_down,Source A,TheHague3D_batch_04_Wijk 30 Transvaalkwartier_attributed_2022-03-28.json,TheHague3D_batch_04_Wijk 30 Transvaalkwartier_attributed_2022-03-28.json:bag_0518100000327404,n_vertices,60
roof_normal_down,Source A,TheHague3D_batch_04_Wijk 30 Transvaalkwartier_attributed_2022-03-28.json,TheHague3D_batch_04_Wijk 30 Transvaalkwartier_attributed_2022-03-28.json:bag_0518100001638039,n_vertices,47
roof_normal_down,Source A,TheHague3D_batch_04_Wijk 30 Transvaalkwartier_attributed_2022-03-28.json,TheHague3D_batch_04_Wijk 30 Transvaalkwartier_attributed_2022-03-28.json:bag_0518100000240052,n_vertices,264
roof_normal_down,Source A,TheHague3D_batch_04_Wijk 30 Transvaalkwartier_attributed_2022-03-28.json,TheHague3D_batch_04_Wijk 30 Transvaalkwartier_attributed_2022-03-28.json:bag_0518100000267388,n_vertices,102
roof_normal_down,Source A,TheHague3D_batch_04_Wijk 30 Transvaalkwartier_attributed_2022-03-28.json,TheHague3D_batch_04_Wijk 30 Transvaalkwartier_attributed_2022-03-28.json:bag_0518100000211000,n_vertices,41
roof_normal_down,Source A,TheHague3D_batch_04_Wijk 30 Transvaalkwartier_attributed_2022-03-28.json,TheHague3D_batch_04_Wijk 30 Transvaalkwartier_attributed_2022-03-28.json:bag_0518100000227489,n_vertices,39
roof_normal_down,Source A,TheHague3D_batch_04_Wijk 30 Transvaalkwartier_attributed_2022-03-28.json,TheHague3D_batch_04_Wijk 30 Transvaalkwartier_attributed_2022-03-28.json:bag_0518100000278250,n_vertices,38
roof_normal_down,Source A,TheHague3D_batch_04_Wijk 30 Transvaalkwartier_attributed_2022-03-28.json,TheHague3D_batch_04_Wijk 30 Transvaalkwartier_attributed_2022-03-28.json:bag_0518100000308547,n_vertices,28
roof_normal_down,Source A,TheHague3D_batch_04_Wijk 30 Transvaalkwartier_attributed_2022-03-28.json,TheHague3D_batch_04_Wijk 30 Transvaalkwartier_attributed_2022-03-28.json:bag_0518100000305095,n_vertices,30
roof_normal_down,Source A,TheHague3D_batch_04_Wijk 30 Transvaalkwartier_attributed_2022-03-28.json,TheHague3D_batch_04_Wijk 30 Transvaalkwartier_attributed_2022-03-28.json:bag_0518100000339591,n_vertices,172
roof_normal_down,Source A,TheHague3D_batch_04_Wijk 30 Transvaalkwartier_attributed_2022-03-28.json,TheHague3D_batch_04_Wijk 30 Transvaalkwartier_attributed_2022-03-28.json:bag_0518100000338267,n_vertices,28
roof_normal_down,Source A,TheHague3D_batch_04_Wijk 30 Transvaalkwartier_attributed_2022-03-28.json,TheHague3D_batch_04_Wijk 30 Transvaalkwartier_attributed_2022-03-28.json:bag_0518100000340934,n_vertices,202
roof_normal_down,Source A,TheHague3D_batch_04_Wijk 30 Transvaalkwartier_attributed_2022-03-28.json,TheHague3D_batch_04_Wijk 30 Transvaalkwartier_attributed_2022-03-28.json:bag_0518100000219423,n_vertices,118
roof_normal_down,Source A,TheHague3D_batch_04_Wijk 30 Transvaalkwartier_attributed_2022-03-28.json,TheHague3D_batch_04_Wijk 30 Transvaalkwartier_attributed_2022-03-28.json:bag_0518100000288000,n_vertices,62
roof_normal_down,Source A,TheHague3D_batch_04_Wijk 30 Transvaalkwartier_attributed_2022-03-28.json,TheHague3D_batch_04_Wijk 30 Transvaalkwartier_attributed_2022-03-28.json:bag_0518100000308053,n_vertices,118
roof_normal_down,Source A,TheHague3D_batch_04_Wijk 30 Transvaalkwartier_attributed_2022-03-28.json,TheHague3D_batch_04_Wijk 30 Transvaalkwartier_attributed_2022-03-28.json:bag_0518100001629952,n_vertices,14
roof_normal_down,Source A,TheHague3D_batch_04_Wijk 30 Transvaalkwartier_attributed_2022-03-28.json,TheHague3D_batch_04_Wijk 30 Transvaalkwartier_attributed_2022-03-28.json:bag_0518100001637979,n_vertices,29
roof_normal_down,Source A,TheHague3D_batch_04_Wijk 30 Transvaalkwartier_attributed_2022-03-28.json,TheHague3D_batch_04_Wijk 30 Transvaalkwartier_attributed_2022-03-28.json:bag_0518100000287153,n_vertices,29
roof_normal_down,Source A,TheHague3D_batch_04_Wijk 30 Transvaalkwartier_attributed_2022-03-28.json,TheHague3D_batch_04_Wijk 30 Transvaalkwartier_attributed_2022-03-28.json:bag_0518100000250315,n_vertices,37
roof_normal_down,Source A,TheHague3D_batch_04_Wijk 30 Transvaalkwartier_attributed_2022-03-28.json,TheHague3D_batch_04_Wijk 30 Transvaalkwartier_attributed_2022-03-28.json:bag_0518100000283951,n_vertices,28
roof_normal_down,Source A,TheHague3D_batch_04_Wijk 30 Transvaalkwartier_attributed_2022-03-28.json,TheHague3D_batch_04_Wijk 30 Transvaalkwartier_attributed_2022-03-28.json:bag_0518100000335933,n_vertices,42
roof_normal_down,Source A,TheHague3D_batch_04_Wijk 30 Transvaalkwartier_attributed_2022-03-28.json,TheHague3D_batch_04_Wijk 30 Transvaalkwartier_attributed_2022-03-28.json:bag_0518100001629698,n_vertices,96
roof_normal_down,Source A,TheHague3D_batch_04_Wijk 30 Transvaalkwartier_attributed_2022-03-28.json,TheHague3D_batch_04_Wijk 30 Transvaalkwartier_attributed_2022-03-28.json:bag_0518100000224649,n_vertices,41
roof_normal_down,Source A,TheHague3D_batch_04_Wijk 30 Transvaalkwartier_attributed_2022-03-28.json,TheHague3D_batch_04_Wijk 30 Transvaalkwartier_attributed_2022-03-28.json:bag_0518100000233035,n_vertices,36
roof_normal_down,Source A,TheHague3D_batch_04_Wijk 30 Transvaalkwartier_attributed_2022-03-28.json,TheHague3D_batch_04_Wijk 30 Transvaalkwartier_attributed_2022-03-28.json:bag_0518100000300985,n_vertices,30
roof_normal_down,Source A,TheHague3D_batch_04_Wijk 30 Transvaalkwartier_attributed_2022-03-28.json,TheHague3D_batch_04_Wijk 30 Transvaalkwartier_attributed_2022-03-28.json:bag_0518100000301038,n_vertices,75
roof_normal_down,Source A,TheHague3D_batch_04_Wijk 30 Transvaalkwartier_attributed_2022-03-28.json,TheHague3D_batch_04_Wijk 30 Transvaalkwartier_attributed_2022-03-28.json:bag_0518100001637970,n_vertices,26
roof_normal_down,Source A,TheHague3D_batch_04_Wijk 30 Transvaalkwartier_attributed_2022-03-28.json,TheHague3D_batch_04_Wijk 30 Transvaalkwartier_attributed_2022-03-28.json:bag_0518100000254162,n_vertices,28
roof_normal_down,Source A,TheHague3D_batch_04_Wijk 30 Transvaalkwartier_attributed_2022-03-28.json,TheHague3D_batch_04_Wijk 30 Transvaalkwartier_attributed_2022-03-28.json:bag_0518100000239264,n_vertices,56
roof_normal_down,Source A,TheHague3D_batch_04_Wijk 30 Transvaalkwartier_attributed_2022-03-28.json,TheHague3D_batch_04_Wijk 30 Transvaalkwartier_attributed_2022-03-28.json:bag_0518100000242101,n_vertices,41
roof_normal_down,Source A,TheHague3D_batch_04_Wijk 30 Transvaalkwartier_attributed_2022-03-28.json,TheHague3D_batch_04_Wijk 30 Transvaalkwartier_attributed_2022-03-28.json:bag_0518100000231072,n_vertices,28
roof_normal_down,Source A,TheHague3D_batch_04_Wijk 30 Transvaalkwartier_attributed_2022-03-28.json,TheHague3D_batch_04_Wijk 30 Transvaalkwartier_attributed_2022-03-28.json:bag_0518100000317489,n_vertices,146
roof_normal_down,Source A,TheHague3D_batch_04_Wijk 30 Transvaalkwartier_attributed_2022-03-28.json,TheHague3D_batch_04_Wijk 30 Transvaalkwartier_attributed_2022-03-28.json:bag_0518100000276292,n_vertices,93
roof_normal_down,Source A,TheHague3D_batch_04_Wijk 30 Transvaalkwartier_attributed_2022-03-28.json,TheHague3D_batch_04_Wijk 30 Transvaalkwartier_attributed_2022-03-28.json:bag_0518100000318366,n_vertices,26
roof_normal_down,Source A,TheHague3D_batch_04_Wijk 30 Transvaalkwartier_attributed_2022-03-28.json,TheHague3D_batch_04_Wijk 30 Transvaalkwartier_attributed_2022-03-28.json:bag_0518100000217747,n_vertices,38
roof_normal_down,Source A,TheHague3D_batch_04_Wijk 30 Transvaalkwartier_attributed_2022-03-28.json,TheHague3D_batch_04_Wijk 30 Transvaalkwartier_attributed_2022-03-28.json:bag_0518100000206878,n_vertices,34
roof_normal_down,Source A,TheHague3D_batch_04_Wijk 30 Transvaalkwartier_attributed_2022-03-28.json,TheHague3D_batch_04_Wijk 30 Transvaalkwartier_attributed_2022-03-28.json:bag_0518100000289645,n_vertices,38
roof_normal_down,Source A,TheHague3D_batch_04_Wijk 30 Transvaalkwartier_attributed_2022-03-28.json,TheHague3D_batch_04_Wijk 30 Transvaalkwartier_attributed_2022-03-28.json:bag_0518100000226852,n_vertices,32
roof_normal_down,Source A,TheHague3D_batch_04_Wijk 30 Transvaalkwartier_attributed_2022-03-28.json,TheHague3D_batch_04_Wijk 30 Transvaalkwartier_attributed_2022-03-28.json:bag_0518100000215886,n_vertices,30
roof_normal_down,Source A,TheHague3D_batch_04_Wijk 30 Transvaalkwartier_attributed_2022-03-28.json,TheHague3D_batch_04_Wijk 30 Transvaalkwartier_attributed_2022-03-28.json:bag_0518100000326306,n_vertices,49
roof_normal_down,Source A,TheHague3D_batch_04_Wijk 30 Transvaalkwartier_attributed_2022-03-28.json,TheHague3D_batch_04_Wijk 30 Transvaalkwartier_attributed_2022-03-28.json:bag_0518100000353337,n_vertices,84
roof_normal_down,Source A,TheHague3D_batch_04_Wijk 30 Transvaalkwartier_attributed_2022-03-28.json,TheHague3D_batch_04_Wijk 30 Transvaalkwartier_attributed_2022-03-28.json:bag_0518100000315562,n_vertices,28
roof_normal_down,Source A,TheHague3D_batch_04_Wijk 30 Transvaalkwartier_attributed_2022-03-28.json,TheHague3D_batch_04_Wijk 30 Transvaalkwartier_attributed_2022-03-28.json:bag_0518100000309627,n_vertices,158
roof_normal_down,Source A,TheHague3D_batch_04_Wijk 30 Transvaalkwartier_attributed_2022-03-28.json,TheHague3D_batch_04_Wijk 30 Transvaalkwartier_attributed_2022-03-28.json:bag_0518100000305850,n_vertices,90
roof_normal_down,Source A,TheHague3D_batch_04_Wijk 30 Transvaalkwartier_attributed_2022-03-28.json,TheHague3D_batch_04_Wijk 30 Transvaalkwartier_attributed_2022-03-28.json:bag_0518100001746075,n_vertices,106
roof_normal_down,Source A,TheHague3D_batch_04_Wijk 30 Transvaalkwartier_attributed_2022-03-28.json,TheHague3D_batch_04_Wijk 30 Transvaalkwartier_attributed_2022-03-28.json:bag_0518100000239811,n_vertices,1589
roof_normal_down,Source A,TheHague3D_batch_04_Wijk 30 Transvaalkwartier_attributed_2022-03-28.json,TheHague3D_batch_04_Wijk 30 Transvaalkwartier_attributed_2022-03-28.json:bag_0518100000282344,n_vertices,116
roof_normal_down,Source A,TheHague3D_batch_04_Wijk 30 Transvaalkwartier_attributed_2022-03-28.json,TheHague3D_batch_04_Wijk 30 Transvaalkwartier_attributed_2022-03-28.json:bag_0518100000217193,n_vertices,188
roof_normal_down,Source A,TheHague3D_batch_04_Wijk 30 Transvaalkwartier_attributed_2022-03-28.json,TheHague3D_batch_04_Wijk 30 Transvaalkwartier_attributed_2022-03-28.json:bag_0518100000227679,n_vertices,338
roof_normal_down,Source A,TheHague3D_batch_04_Wijk 30 Transvaalkwartier_attributed_2022-03-28.json,TheHague3D_batch_04_Wijk 30 Transvaalkwartier_attributed_2022-03-28.json:bag_0518100000283800,n_vertices,104
roof_normal_down,Source A,TheHague3D_batch_04_Wijk 30 Transvaalkwartier_attributed_2022-03-28.json,TheHague3D_batch_04_Wijk 30 Transvaalkwartier_attributed_2022-03-28.json:bag_0518100000303107,n_vertices,33
roof_normal_down,Source A,TheHague3D_batch_04_Wijk 30 Transvaalkwartier_attributed_2022-03-28.json,TheHague3D_batch_04_Wijk 30 Transvaalkwartier_attributed_2022-03-28.json:bag_0518100000353297,n_vertices,188
roof_normal_down,Source A,TheHague3D_batch_04_Wijk 30 Transvaalkwartier_attributed_2022-03-28.json,TheHague3D_batch_04_Wijk 30 Transvaalkwartier_attributed_2022-03-28.json:bag_0518100000219066,n_vertices,65
roof_normal_down,Source A,TheHague3D_batch_04_Wijk 30 Transvaalkwartier_attributed_2022-03-28.json,TheHague3D_batch_04_Wijk 30 Transvaalkwartier_attributed_2022-03-28.json:bag_0518100000211578,n_vertices,47
roof_normal_down,Source A,TheHague3D_batch_04_Wijk 30 Transvaalkwartier_attributed_2022-03-28.json,TheHague3D_batch_04_Wijk 30 Transvaalkwartier_attributed_2022-03-28.json:bag_0518100000226778,n_vertices,157
roof_normal_down,Source A,TheHague3D_batch_04_Wijk 30 Transvaalkwartier_attributed_2022-03-28.json,TheHague3D_batch_04_Wijk 30 Transvaalkwartier_attributed_2022-03-28.json:bag_0518100000328159,n_vertices,60
roof_normal_down,Source A,TheHague3D_batch_04_Wijk 30 Transvaalkwartier_attributed_2022-03-28.json,TheHague3D_batch_04_Wijk 30 Transvaalkwartier_attributed_2022-03-28.json:bag_0518100000321545,n_vertices,270
roof_normal_down,Source A,TheHague3D_batch_04_Wijk 30 Transvaalkwartier_attributed_2022-03-28.json,TheHague3D_batch_04_Wijk 30 Transvaalkwartier_attributed_2022-03-28.json:bag_0518100000315698,n_vertices,171
roof_normal_down,Source A,TheHague3D_batch_04_Wijk 30 Transvaalkwartier_attributed_2022-03-28.json,TheHague3D_batch_04_Wijk 30 Transvaalkwartier_attributed_2022-03-28.json:bag_0518100000269026,n_vertices,122
roof_normal_down,Source A,TheHague3D_batch_04_Wijk 30 Transvaalkwartier_attributed_2022-03-28.json,TheHague3D_batch_04_Wijk 30 Transvaalkwartier_attributed_2022-03-28.json:bag_0518100000354652,n_vertices,64
roof_normal_down,Source A,TheHague3D_batch_04_Wijk 30 Transvaalkwartier_attributed_2022-03-28.json,TheHague3D_batch_04_Wijk 30 Transvaalkwartier_attributed_2022-03-28.json:bag_0518100000299915,n_vertices,145
roof_normal_down,Source A,TheHague3D_batch_04_Wijk 30 Transvaalkwartier_attributed_2022-03-28.json,TheHague3D_batch_04_Wijk 30 Transvaalkwartier_attributed_2022-03-28.json:bag_0518100000289204,n_vertices,91
roof_normal_down,Source A,TheHague3D_batch_04_Wijk 30 Transvaalkwartier_attributed_2022-03-28.json,TheHague3D_batch_04_Wijk 30 Transvaalkwartier_attributed_2022-03-28.json:bag_0518100000227785,n_vertices,107
roof_normal_down,Source A,TheHague3D_batch_04_Wijk 30 Transvaalkwartier_attributed_2022-03-28.json,TheHague3D_batch_04_Wijk 30 Transvaalkwartier_attributed_2022-03-28.json:bag_0518100000294818,n_vertices,72
roof_normal_down,Source A,TheHague3D_batch_04_Wijk 30 Transvaalkwartier_attributed_2022-03-28.json,TheHague3D_batch_04_Wijk 30 Transvaalkwartier_attributed_2022-03-28.json:bag_0518100001647491,n_vertices,57
roof_normal_down,Source A,TheHague3D_batch_04_Wijk 30 Transvaalkwartier_attributed_2022-03-28.json,TheHague3D_batch_04_Wijk 30 Transvaalkwartier_attributed_2022-03-28.json:bag_0518100000270572,n_vertices,305
roof_normal_down,Source A,TheHague3D_batch_04_Wijk 30 Transvaalkwartier_attributed_2022-03-28.json,TheHague3D_batch_04_Wijk 30 Transvaalkwartier_attributed_2022-03-28.json:bag_0518100000235981,n_vertices,114
roof_normal_down,Source A,TheHague3D_batch_04_Wijk 30 Transvaalkwartier_attributed_2022-03-28.json,TheHague3D_batch_04_Wijk 30 Transvaalkwartier_attributed_2022-03-28.json:bag_0518100000321069,n_vertices,218
roof_normal_down,Source A,TheHague3D_batch_04_Wijk 30 Transvaalkwartier_attributed_2022-03-28.json,TheHague3D_batch_04_Wijk 30 Transvaalkwartier_attributed_2022-03-28.json:bag_0518100000270312,n_vertices,156
roof_normal_down,Source A,TheHague3D_batch_04_Wijk 30 Transvaalkwartier_attributed_2022-03-28.json,TheHague3D_batch_04_Wijk 30 Transvaalkwartier_attributed_2022-03-28.json:bag_0518100000213678,n_vertices,436
roof_normal_down,Source A,TheHague3D_batch_04_Wijk 30 Transvaalkwartier_attributed_2022-03-28.json,TheHague3D_batch_04_Wijk 30 Transvaalkwartier_attributed_2022-03-28.json:bag_0518100000224340,n_vertices,123
roof_normal_down,Source A,TheHague3D_batch_04_Wijk 30 Transvaalkwartier_attributed_2022-03-28.json,TheHague3D_batch_04_Wijk 30 Transvaalkwartier_attributed_2022-03-28.json:bag_0518100000299505,n_vertices,115
roof_normal_down,Source A,TheHague3D_batch_04_Wijk 30 Transvaalkwartier_attributed_2022-03-28.json,TheHague3D_batch_04_Wijk 30 Transvaalkwartier_attributed_2022-03-28.json:bag_0518100000223000,n_vertices,45
roof_normal_down,Source A,TheHague3D_batch_04_Wijk 30 Transvaalkwartier_attributed_2022-03-28.json,TheHague3D_batch_04_Wijk 30 Transvaalkwartier_attributed_2022-03-28.json:bag_0518100000246819,n_vertices,188
roof_normal_down,Source A,TheHague3D_batch_04_Wijk 30 Transvaalkwartier_attributed_2022-03-28.json,TheHague3D_batch_04_Wijk 30 Transvaalkwartier_attributed_2022-03-28.json:bag_0518100000337268,n_vertices,835
roof_normal_down,Source A,TheHague3D_batch_04_Wijk 30 Transvaalkwartier_attributed_2022-03-28.json,TheHague3D_batch_04_Wijk 30 Transvaalkwartier_attributed_2022-03-28.json:bag_0518100000319190,n_vertices,30
roof_normal_down,Source A,TheHague3D_batch_04_Wijk 30 Transvaalkwartier_attributed_2022-03-28.json,TheHague3D_batch_04_Wijk 30 Transvaalkwartier_attributed_2022-03-28.json:bag_0518100000247485,n_vertices,533
roof_normal_down,Source A,TheHague3D_batch_04_Wijk 30 Transvaalkwartier_attributed_2022-03-28.json,TheHague3D_batch_04_Wijk 30 Transvaalkwartier_attributed_2022-03-28.json:bag_0518100000303840,n_vertices,40
roof_normal_down,Source A,TheHague3D_batch_04_Wijk 30 Transvaalkwartier_attributed_2022-03-28.json,TheHague3D_batch_04_Wijk 30 Transvaalkwartier_attributed_2022-03-28.json:bag_0518100000223866,n_vertices,85
roof_normal_down,Source A,TheHague3D_batch_04_Wijk 30 Transvaalkwartier_attributed_2022-03-28.json,TheHague3D_batch_04_Wijk 30 Transvaalkwartier_attributed_2022-03-28.json:bag_0518100000231839,n_vertices,98
roof_normal_down,Source A,TheHague3D_batch_04_Wijk 30 Transvaalkwartier_attributed_2022-03-28.json,TheHague3D_batch_04_Wijk 30 Transvaalkwartier_attributed_2022-03-28.json:bag_0518100000281229,n_vertices,154
roof_normal_down,Source A,TheHague3D_batch_04_Wijk 30 Transvaalkwartier_attributed_2022-03-28.json,TheHague3D_batch_04_Wijk 30 Transvaalkwartier_attributed_2022-03-28.json:bag_0518100000216875,n_vertices,67
roof_normal_down,Source A,TheHague3D_batch_04_Wijk 30 Transvaalkwartier_attributed_2022-03-28.json,TheHague3D_batch_04_Wijk 30 Transvaalkwartier_attributed_2022-03-28.json:bag_0518100000270720,n_vertices,84
roof_normal_down,Source A,TheHague3D_batch_04_Wijk 30 Transvaalkwartier_attributed_2022-03-28.json,TheHague3D_batch_04_Wijk 30 Transvaalkwartier_attributed_2022-03-28.json:bag_0518100000326987,n_vertices,95
roof_normal_down,Source A,TheHague3D_batch_04_Wijk 30 Transvaalkwartier_attributed_2022-03-28.json,TheHague3D_batch_04_Wijk 30 Transvaalkwartier_attributed_2022-03-28.json:bag_0518100000315425,n_vertices,80
roof_normal_down,Source A,TheHague3D_batch_04_Wijk 30 Transvaalkwartier_attributed_2022-03-28.json,TheHague3D_batch_04_Wijk 30 Transvaalkwartier_attributed_2022-03-28.json:bag_0518100000277607,n_vertices,160
roof_normal_down,Source A,TheHague3D_batch_04_Wijk 30 Transvaalkwartier_attributed_2022-03-28.json,TheHague3D_batch_04_Wijk 30 Transvaalkwartier_attributed_2022-03-28.json:bag_0518100000222498,n_vertices,55
roof_normal_down,Source A,TheHague3D_batch_04_Wijk 30 Transvaalkwartier_attributed_2022-03-28.json,TheHague3D_batch_04_Wijk 30 Transvaalkwartier_attributed_2022-03-28.json:bag_0518100000324475,n_vertices,33
roof_normal_down,Source A,TheHague3D_batch_04_Wijk 30 Transvaalkwartier_attributed_2022-03-28.json,TheHague3D_batch_04_Wijk 30 Transvaalkwartier_attributed_2022-03-28.json:bag_0518100000241340,n_vertices,95
roof_normal_down,Source A,TheHague3D_batch_04_Wijk 30 Transvaalkwartier_attributed_2022-03-28.json,TheHague3D_batch_04_Wijk 30 Transvaalkwartier_attributed_2022-03-28.json:bag_0518100000224898,n_vertices,76
roof_normal_down,Source A,TheHague3D_batch_04_Wijk 30 Transvaalkwartier_attributed_2022-03-28.json,TheHague3D_batch_04_Wijk 30 Transvaalkwartier_attributed_2022-03-28.json:bag_0518100000315534,n_vertices,210
roof_normal_down,Source A,TheHague3D_batch_04_Wijk 30 Transvaalkwartier_attributed_2022-03-28.json,TheHague3D_batch_04_Wijk 30 Transvaalkwartier_attributed_2022-03-28.json:bag_0518100000352434,n_vertices,180
roof_normal_down,Source A,TheHague3D_batch_05_Wijk 10 Zorgvliet_2022-06-21.json,TheHague3D_batch_05_Wijk 10 Zorgvliet_2022-06-21.json:bag_0518100000286691,n_vertices,928
roof_normal_down,Source A,TheHague3D_batch_05_Wijk 10 Zorgvliet_2022-06-21.json,TheHague3D_batch_05_Wijk 10 Zorgvliet_2022-06-21.json:bag_0518100000319149,n_vertices,524
roof_normal_down,Source A,TheHague3D_batch_05_Wijk 11 Duinoord_2022-06-21.json,TheHague3D_batch_05_Wijk 11 Duinoord_2022-06-21.json:bag_0518100000239067,n_vertices,40
roof_normal_down,Source A,TheHague3D_batch_05_Wijk 11 Duinoord_2022-06-21.json,TheHague3D_batch_05_Wijk 11 Duinoord_2022-06-21.json:bag_0518100000283289,n_vertices,98
roof_normal_down,Source A,TheHague3D_batch_05_Wijk 11 Duinoord_2022-06-21.json,TheHague3D_batch_05_Wijk 11 Duinoord_2022-06-21.json:bag_0518100000340564,n_vertices,273
roof_normal_down,Source A,TheHague3D_batch_05_Wijk 11 Duinoord_2022-06-21.json,TheHague3D_batch_05_Wijk 11 Duinoord_2022-06-21.json:bag_0518100000207504,n_vertices,83
roof_normal_down,Source A,TheHague3D_batch_05_Wijk 11 Duinoord_2022-06-21.json,TheHague3D_batch_05_Wijk 11 Duinoord_2022-06-21.json:bag_0518100000221598,n_vertices,89
roof_normal_down,Source A,TheHague3D_batch_05_Wijk 11 Duinoord_2022-06-21.json,TheHague3D_batch_05_Wijk 11 Duinoord_2022-06-21.json:bag_0518100001744011,n_vertices,95
roof_normal_down,Source A,TheHague3D_batch_05_Wijk 11 Duinoord_2022-06-21.json,TheHague3D_batch_05_Wijk 11 Duinoord_2022-06-21.json:bag_0518100000298428,n_vertices,116
roof_normal_down,Source A,TheHague3D_batch_05_Wijk 11 Duinoord_2022-06-21.json,TheHague3D_batch_05_Wijk 11 Duinoord_2022-06-21.json:bag_0518100000221596,n_vertices,125
roof_normal_down,Source A,TheHague3D_batch_05_Wijk 11 Duinoord_2022-06-21.json,TheHague3D_batch_05_Wijk 11 Duinoord_2022-06-21.json:bag_0518100000341677,n_vertices,120
roof_normal_down,Source A,TheHague3D_batch_05_Wijk 22 Zeeheldenkwartier_2022-06-22.json,TheHague3D_batch_05_Wijk 22 Zeeheldenkwartier_2022-06-22.json:bag_0518100000286273,n_vertices,45
roof_normal_down,Source A,TheHague3D_batch_05_Wijk 22 Zeeheldenkwartier_2022-06-22.json,TheHague3D_batch_05_Wijk 22 Zeeheldenkwartier_2022-06-22.json:bag_0518100000303599,n_vertices,101
roof_normal_down,Source A,TheHague3D_batch_05_Wijk 22 Zeeheldenkwartier_2022-06-22.json,TheHague3D_batch_05_Wijk 22 Zeeheldenkwartier_2022-06-22.json:bag_0518100000219064,n_vertices,17
roof_normal_down,Source A,TheHague3D_batch_05_Wijk 22 Zeeheldenkwartier_2022-06-22.json,TheHague3D_batch_05_Wijk 22 Zeeheldenkwartier_2022-06-22.json:bag_0518100000210611,n_vertices,1442
roof_normal_down,Source A,TheHague3D_batch_05_Wijk 22 Zeeheldenkwartier_2022-06-22.json,TheHague3D_batch_05_Wijk 22 Zeeheldenkwartier_2022-06-22.json:bag_0518100000203461,n_vertices,35
roof_normal_down,Source A,TheHague3D_batch_05_Wijk 22 Zeeheldenkwartier_2022-06-22.json,TheHague3D_batch_05_Wijk 22 Zeeheldenkwartier_2022-06-22.json:bag_0518100000343040,n_vertices,120
roof_normal_down,Source A,TheHague3D_batch_05_Wijk 23 Willemspark_2022-06-21.json,TheHague3D_batch_05_Wijk 23 Willemspark_2022-06-21.json:bag_0518100000246381,n_vertices,749
roof_normal_down,Source A,TheHague3D_batch_05_Wijk 23 Willemspark_2022-06-21.json,TheHague3D_batch_05_Wijk 23 Willemspark_2022-06-21.json:bag_0518100000298312,n_vertices,152
roof_normal_down,Source A,TheHague3D_batch_05_Wijk 3 Westbroekpark en Dut_2022-06-21.json,TheHague3D_batch_05_Wijk 3 Westbroekpark en Dut_2022-06-21.json:bag_0518100000221688,n_vertices,128
roof_normal_down,Source A,TheHague3D_batch_05_Wijk 3 Westbroekpark en Dut_2022-06-21.json,TheHague3D_batch_05_Wijk 3 Westbroekpark en Dut_2022-06-21.json:bag_0518100000325625,n_vertices,425
roof_normal_down,Source A,TheHague3D_batch_05_Wijk 3 Westbroekpark en Dut_2022-06-21.json,TheHague3D_batch_05_Wijk 3 Westbroekpark en Dut_2022-06-21.json:bag_0518100001640550,n_vertices,170
roof_normal_down,Source A,TheHague3D_batch_05_Wijk 3 Westbroekpark en Dut_2022-06-21.json,TheHague3D_batch_05_Wijk 3 Westbroekpark en Dut_2022-06-21.json:bag_0518100000285928,n_vertices,166
roof_normal_down,Source A,TheHague3D_batch_05_Wijk 3 Westbroekpark en Dut_2022-06-21.json,TheHague3D_batch_05_Wijk 3 Westbroekpark en Dut_2022-06-21.json:bag_0518100000302542,n_vertices,107
roof_normal_down,Source A,TheHague3D_batch_05_Wijk 3 Westbroekpark en Dut_2022-06-21.json,TheHague3D_batch_05_Wijk 3 Westbroekpark en Dut_2022-06-21.json:bag_0518100000325629,n_vertices,115
roof_normal_down,Source A,TheHague3D_batch_05_Wijk 3 Westbroekpark en Dut_2022-06-21.json,TheHague3D_batch_05_Wijk 3 Westbroekpark en Dut_2022-06-21.json:bag_0518100000279143,n_vertices,165
roof_normal_down,Source A,TheHague3D_batch_05_Wijk 3 Westbroekpark en Dut_2022-06-21.json,TheHague3D_batch_05_Wijk 3 Westbroekpark en Dut_2022-06-21.json:bag_0518100000318137,n_vertices,220
roof_normal_down,Source A,TheHague3D_batch_05_Wijk 3 Westbroekpark en Dut_2022-06-21.json,TheHague3D_batch_05_Wijk 3 Westbroekpark en Dut_2022-06-21.json:bag_0518100000335022,n_vertices,218
roof_normal_down,Source A,TheHague3D_batch_05_Wijk 3 Westbroekpark en Dut_2022-06-21.json,TheHague3D_batch_05_Wijk 3 Westbroekpark en Dut_2022-06-21.json:bag_0518100000283351,n_vertices,263
roof_normal_down,Source A,TheHague3D_batch_05_Wijk 3 Westbroekpark en Dut_2022-06-21.json,TheHague3D_batch_05_Wijk 3 Westbroekpark en Dut_2022-06-21.json:bag_0518100000337527,n_vertices,147
roof_normal_down,Source A,TheHague3D_batch_05_Wijk 3 Westbroekpark en Dut_2022-06-21.json,TheHague3D_batch_05_Wijk 3 Westbroekpark en Dut_2022-06-21.json:bag_0518100000287928,n_vertices,171
roof_normal_down,Source A,TheHague3D_batch_05_Wijk 4 Benoordenhout_2022-06-21.json,TheHague3D_batch_05_Wijk 4 Benoordenhout_2022-06-21.json:bag_0518100000305820,n_vertices,82
roof_normal_down,Source A,TheHague3D_batch_05_Wijk 4 Benoordenhout_2022-06-21.json,TheHague3D_batch_05_Wijk 4 Benoordenhout_2022-06-21.json:bag_0518100000237925,n_vertices,51
roof_normal_down,Source A,TheHague3D_batch_05_Wijk 4 Benoordenhout_2022-06-21.json,TheHague3D_batch_05_Wijk 4 Benoordenhout_2022-06-21.json:bag_0518100000289709,n_vertices,191
roof_normal_down,Source A,TheHague3D_batch_05_Wijk 4 Benoordenhout_2022-06-21.json,TheHague3D_batch_05_Wijk 4 Benoordenhout_2022-06-21.json:bag_0518100000226735,n_vertices,74
roof_normal_down,Source A,TheHague3D_batch_05_Wijk 4 Benoordenhout_2022-06-21.json,TheHague3D_batch_05_Wijk 4 Benoordenhout_2022-06-21.json:bag_0518100000299152,n_vertices,88
roof_normal_down,Source A,TheHague3D_batch_05_Wijk 4 Benoordenhout_2022-06-21.json,TheHague3D_batch_05_Wijk 4 Benoordenhout_2022-06-21.json:bag_0518100000218520,n_vertices,119
roof_normal_down,Source A,TheHague3D_batch_05_Wijk 4 Benoordenhout_2022-06-21.json,TheHague3D_batch_05_Wijk 4 Benoordenhout_2022-06-21.json:bag_0518100000212878,n_vertices,109
roof_normal_down,Source A,TheHague3D_batch_05_Wijk 4 Benoordenhout_2022-06-21.json,TheHague3D_batch_05_Wijk 4 Benoordenhout_2022-06-21.json:bag_0518100000304797,n_vertices,105
roof_normal_down,Source A,TheHague3D_batch_05_Wijk 4 Benoordenhout_2022-06-21.json,TheHague3D_batch_05_Wijk 4 Benoordenhout_2022-06-21.json:bag_0518100000209383,n_vertices,70
roof_normal_down,Source A,TheHague3D_batch_05_Wijk 4 Benoordenhout_2022-06-21.json,TheHague3D_batch_05_Wijk 4 Benoordenhout_2022-06-21.json:bag_0518100000337469,n_vertices,147
roof_normal_down,Source A,TheHague3D_batch_05_Wijk 4 Benoordenhout_2022-06-21.json,TheHague3D_batch_05_Wijk 4 Benoordenhout_2022-06-21.json:bag_0518100000215324,n_vertices,60
roof_normal_down,Source A,TheHague3D_batch_05_Wijk 4 Benoordenhout_2022-06-21.json,TheHague3D_batch_05_Wijk 4 Benoordenhout_2022-06-21.json:bag_0518100000326243,n_vertices,44
roof_normal_down,Source A,TheHague3D_batch_05_Wijk 4 Benoordenhout_2022-06-21.json,TheHague3D_batch_05_Wijk 4 Benoordenhout_2022-06-21.json:bag_0518100000346433,n_vertices,134
roof_normal_down,Source A,TheHague3D_batch_05_Wijk 4 Benoordenhout_2022-06-21.json,TheHague3D_batch_05_Wijk 4 Benoordenhout_2022-06-21.json:bag_0518100000237926,n_vertices,43
roof_normal_down,Source A,TheHague3D_batch_05_Wijk 4 Benoordenhout_2022-06-21.json,TheHague3D_batch_05_Wijk 4 Benoordenhout_2022-06-21.json:bag_0518100000231429,n_vertices,116
roof_normal_down,Source A,TheHague3D_batch_05_Wijk 4 Benoordenhout_2022-06-21.json,TheHague3D_batch_05_Wijk 4 Benoordenhout_2022-06-21.json:bag_0518100000279109,n_vertices,109
roof_normal_down,Source A,TheHague3D_batch_05_Wijk 4 Benoordenhout_2022-06-21.json,TheHague3D_batch_05_Wijk 4 Benoordenhout_2022-06-21.json:bag_0518100000203967,n_vertices,120
roof_normal_down,Source A,TheHague3D_batch_05_Wijk 4 Benoordenhout_2022-06-21.json,TheHague3D_batch_05_Wijk 4 Benoordenhout_2022-06-21.json:bag_0518100000207015,n_vertices,88
roof_normal_down,Source A,TheHague3D_batch_05_Wijk 4 Benoordenhout_2022-06-21.json,TheHague3D_batch_05_Wijk 4 Benoordenhout_2022-06-21.json:bag_0518100000230081,n_vertices,87
roof_normal_down,Source A,TheHague3D_batch_05_Wijk 4 Benoordenhout_2022-06-21.json,TheHague3D_batch_05_Wijk 4 Benoordenhout_2022-06-21.json:bag_0518100000278598,n_vertices,116
roof_normal_down,Source A,TheHague3D_batch_05_Wijk 4 Benoordenhout_2022-06-21.json,TheHague3D_batch_05_Wijk 4 Benoordenhout_2022-06-21.json:bag_0518100000283086,n_vertices,115
roof_normal_down,Source A,TheHague3D_batch_05_Wijk 4 Benoordenhout_2022-06-21.json,TheHague3D_batch_05_Wijk 4 Benoordenhout_2022-06-21.json:bag_0518100000216955,n_vertices,77
roof_normal_down,Source A,TheHague3D_batch_05_Wijk 5 Archipelbuurt_2022-06-21.json,TheHague3D_batch_05_Wijk 5 Archipelbuurt_2022-06-21.json:bag_0518100000283652,n_vertices,74
roof_normal_down,Source A,TheHague3D_batch_05_Wijk 5 Archipelbuurt_2022-06-21.json,TheHague3D_batch_05_Wijk 5 Archipelbuurt_2022-06-21.json:bag_0518100000224360,n_vertices,54
roof_normal_down,Source A,TheHague3D_batch_05_Wijk 5 Archipelbuurt_2022-06-21.json,TheHague3D_batch_05_Wijk 5 Archipelbuurt_2022-06-21.json:bag_0518100000227982,n_vertices,45
roof_normal_down,Source A,TheHague3D_batch_05_Wijk 5 Archipelbuurt_2022-06-21.json,TheHague3D_batch_05_Wijk 5 Archipelbuurt_2022-06-21.json:bag_0518100000219985,n_vertices,61
roof_normal_down,Source A,TheHague3D_batch_05_Wijk 5 Archipelbuurt_2022-06-21.json,TheHague3D_batch_05_Wijk 5 Archipelbuurt_2022-06-21.json:bag_0518100000337430,n_vertices,47
roof_normal_down,Source A,TheHague3D_batch_05_Wijk 5 Archipelbuurt_2022-06-21.json,TheHague3D_batch_05_Wijk 5 Archipelbuurt_2022-06-21.json:bag_0518100000338390,n_vertices,187
roof_normal_down,Source A,TheHague3D_batch_05_Wijk 5 Archipelbuurt_2022-06-21.json,TheHague3D_batch_05_Wijk 5 Archipelbuurt_2022-06-21.json:bag_0518100000296247,n_vertices,104
roof_normal_down,Source A,TheHague3D_batch_05_Wijk 5 Archipelbuurt_2022-06-21.json,TheHague3D_batch_05_Wijk 5 Archipelbuurt_2022-06-21.json:bag_0518100000219914,n_vertices,220
roof_normal_down,Source A,TheHague3D_batch_05_Wijk 6 Van Stolkpark en Sch_2022-06-21.json,TheHague3D_batch_05_Wijk 6 Van Stolkpark en Sch_2022-06-21.json:bag_0518100000289045,n_vertices,749
roof_normal_down,Source A,TheHague3D_batch_05_Wijk 9 Geuzen- en Statenkwa_2022-06-21.json,TheHague3D_batch_05_Wijk 9 Geuzen- en Statenkwa_2022-06-21.json:bag_0518100000319674,n_vertices,93
roof_normal_down,Source A,TheHague3D_batch_05_Wijk 9 Geuzen- en Statenkwa_2022-06-21.json,TheHague3D_batch_05_Wijk 9 Geuzen- en Statenkwa_2022-06-21.json:bag_0518100000227036,n_vertices,45
roof_normal_down,Source A,TheHague3D_batch_05_Wijk 9 Geuzen- en Statenkwa_2022-06-21.json,TheHague3D_batch_05_Wijk 9 Geuzen- en Statenkwa_2022-06-21.json:bag_0518100000279026,n_vertices,109
roof_normal_down,Source A,TheHague3D_batch_05_Wijk 9 Geuzen- en Statenkwa_2022-06-21.json,TheHague3D_batch_05_Wijk 9 Geuzen- en Statenkwa_2022-06-21.json:bag_0518100000272333,n_vertices,83
roof_normal_down,Source A,TheHague3D_batch_05_Wijk 9 Geuzen- en Statenkwa_2022-06-21.json,TheHague3D_batch_05_Wijk 9 Geuzen- en Statenkwa_2022-06-21.json:bag_0518100000230424,n_vertices,222
roof_normal_down,Source A,TheHague3D_batch_05_Wijk 9 Geuzen- en Statenkwa_2022-06-21.json,TheHague3D_batch_05_Wijk 9 Geuzen- en Statenkwa_2022-06-21.json:bag_0518100000220552,n_vertices,70
roof_normal_down,Source A,TheHague3D_batch_05_Wijk 9 Geuzen- en Statenkwa_2022-06-21.json,TheHague3D_batch_05_Wijk 9 Geuzen- en Statenkwa_2022-06-21.json:bag_0518100000209594,n_vertices,122
roof_normal_down,Source A,TheHague3D_batch_05_Wijk 9 Geuzen- en Statenkwa_2022-06-21.json,TheHague3D_batch_05_Wijk 9 Geuzen- en Statenkwa_2022-06-21.json:bag_0518100000279986,n_vertices,117
roof_normal_down,Source A,TheHague3D_batch_05_Wijk 9 Geuzen- en Statenkwa_2022-06-21.json,TheHague3D_batch_05_Wijk 9 Geuzen- en Statenkwa_2022-06-21.json:bag_0518100000234840,n_vertices,123
roof_normal_down,Source A,TheHague3D_batch_05_Wijk 9 Geuzen- en Statenkwa_2022-06-21.json,TheHague3D_batch_05_Wijk 9 Geuzen- en Statenkwa_2022-06-21.json:bag_0518100000230927,n_vertices,162
roof_normal_down,Source A,TheHague3D_batch_05_Wijk 9 Geuzen- en Statenkwa_2022-06-21.json,TheHague3D_batch_05_Wijk 9 Geuzen- en Statenkwa_2022-06-21.json:bag_0518100000296776,n_vertices,143
roof_normal_down,Source A,TheHague3D_batch_05_Wijk 9 Geuzen- en Statenkwa_2022-06-21.json,TheHague3D_batch_05_Wijk 9 Geuzen- en Statenkwa_2022-06-21.json:bag_0518100000353764,n_vertices,108
roof_normal_down,Source A,TheHague3D_batch_05_Wijk 9 Geuzen- en Statenkwa_2022-06-21.json,TheHague3D_batch_05_Wijk 9 Geuzen- en Statenkwa_2022-06-21.json:bag_0518100000324120,n_vertices,127
roof_normal_down,Source A,TheHague3D_batch_05_Wijk 9 Geuzen- en Statenkwa_2022-06-21.json,TheHague3D_batch_05_Wijk 9 Geuzen- en Statenkwa_2022-06-21.json:bag_0518100000354486,n_vertices,104
roof_normal_down,Source A,TheHague3D_batch_06_Wijk 12 Bomen- en Bloemenbuu_2022-06-21.json,TheHague3D_batch_06_Wijk 12 Bomen- en Bloemenbuu_2022-06-21.json:bag_0518100000232065,n_vertices,381
roof_normal_down,Source A,TheHague3D_batch_06_Wijk 12 Bomen- en Bloemenbuu_2022-06-21.json,TheHague3D_batch_06_Wijk 12 Bomen- en Bloemenbuu_2022-06-21.json:bag_0518100000218571,n_vertices,116
roof_normal_down,Source A,TheHague3D_batch_06_Wijk 12 Bomen- en Bloemenbuu_2022-06-21.json,TheHague3D_batch_06_Wijk 12 Bomen- en Bloemenbuu_2022-06-21.json:bag_0518100000337373,n_vertices,50
roof_normal_down,Source A,TheHague3D_batch_06_Wijk 19 Vruchtenbuurt_2022-07-06.json,TheHague3D_batch_06_Wijk 19 Vruchtenbuurt_2022-07-06.json:bag_0518100000218864,n_vertices,67
roof_normal_down,Source A,TheHague3D_batch_06_Wijk 19 Vruchtenbuurt_2022-07-06.json,TheHague3D_batch_06_Wijk 19 Vruchtenbuurt_2022-07-06.json:bag_0518100000214846,n_vertices,107
roof_normal_down,Source A,TheHague3D_batch_06_Wijk 19 Vruchtenbuurt_2022-07-06.json,TheHague3D_batch_06_Wijk 19 Vruchtenbuurt_2022-07-06.json:bag_0518100000275978,n_vertices,117
roof_normal_down,Source A,TheHague3D_batch_06_Wijk 19 Vruchtenbuurt_2022-07-06.json,TheHague3D_batch_06_Wijk 19 Vruchtenbuurt_2022-07-06.json:bag_0518100000204588,n_vertices,47
roof_normal_down,Source A,TheHague3D_batch_06_Wijk 19 Vruchtenbuurt_2022-07-06.json,TheHague3D_batch_06_Wijk 19 Vruchtenbuurt_2022-07-06.json:bag_0518100000236223,n_vertices,62
roof_normal_down,Source A,TheHague3D_batch_06_Wijk 19 Vruchtenbuurt_2022-07-06.json,TheHague3D_batch_06_Wijk 19 Vruchtenbuurt_2022-07-06.json:bag_0518100000279316,n_vertices,74
roof_normal_down,Source A,TheHague3D_batch_06_Wijk 19 Vruchtenbuurt_2022-07-06.json,TheHague3D_batch_06_Wijk 19 Vruchtenbuurt_2022-07-06.json:bag_0518100000321935,n_vertices,63
roof_normal_down,Source A,TheHague3D_batch_06_Wijk 19 Vruchtenbuurt_2022-07-06.json,TheHague3D_batch_06_Wijk 19 Vruchtenbuurt_2022-07-06.json:bag_0518100000322994,n_vertices,79
roof_normal_down,Source A,TheHague3D_batch_06_Wijk 19 Vruchtenbuurt_2022-07-06.json,TheHague3D_batch_06_Wijk 19 Vruchtenbuurt_2022-07-06.json:bag_0518100000210449,n_vertices,106
roof_normal_down,Source A,TheHague3D_batch_06_Wijk 19 Vruchtenbuurt_2022-07-06.json,TheHague3D_batch_06_Wijk 19 Vruchtenbuurt_2022-07-06.json:bag_0518100000339173,n_vertices,80
roof_normal_down,Source A,TheHague3D_batch_06_Wijk 19 Vruchtenbuurt_2022-07-06.json,TheHague3D_batch_06_Wijk 19 Vruchtenbuurt_2022-07-06.json:bag_0518100000225836,n_vertices,101
roof_normal_down,Source A,TheHague3D_batch_06_Wijk 19 Vruchtenbuurt_2022-07-06.json,TheHague3D_batch_06_Wijk 19 Vruchtenbuurt_2022-07-06.json:bag_0518100000241060,n_vertices,85
roof_normal_down,Source A,TheHague3D_batch_06_Wijk 19 Vruchtenbuurt_2022-07-06.json,TheHague3D_batch_06_Wijk 19 Vruchtenbuurt_2022-07-06.json:bag_0518100000241059,n_vertices,95
roof_normal_down,Source A,TheHague3D_batch_06_Wijk 19 Vruchtenbuurt_2022-07-06.json,TheHague3D_batch_06_Wijk 19 Vruchtenbuurt_2022-07-06.json:bag_0518100000317314,n_vertices,43
roof_normal_down,Source A,TheHague3D_batch_06_Wijk 19 Vruchtenbuurt_2022-07-06.json,TheHague3D_batch_06_Wijk 19 Vruchtenbuurt_2022-07-06.json:bag_0518100000340029,n_vertices,187
roof_normal_down,Source A,TheHague3D_batch_06_Wijk 19 Vruchtenbuurt_2022-07-06.json,TheHague3D_batch_06_Wijk 19 Vruchtenbuurt_2022-07-06.json:bag_0518100000318932,n_vertices,79
roof_normal_down,Source A,TheHague3D_batch_06_Wijk 19 Vruchtenbuurt_2022-07-06.json,TheHague3D_batch_06_Wijk 19 Vruchtenbuurt_2022-07-06.json:bag_0518100000296461,n_vertices,89
roof_normal_down,Source A,TheHague3D_batch_06_Wijk 19 Vruchtenbuurt_2022-07-06.json,TheHague3D_batch_06_Wijk 19 Vruchtenbuurt_2022-07-06.json:bag_0518100000270132,n_vertices,99
roof_normal_down,Source A,TheHague3D_batch_06_Wijk 19 Vruchtenbuurt_2022-07-06.json,TheHague3D_batch_06_Wijk 19 Vruchtenbuurt_2022-07-06.json:bag_0518100000339899,n_vertices,162
roof_normal_down,Source A,TheHague3D_batch_06_Wijk 20 Valkenboskwartier_2022-06-21.json,TheHague3D_batch_06_Wijk 20 Valkenboskwartier_2022-06-21.json:bag_0518100000315743,n_vertices,76
roof_normal_down,Source A,TheHague3D_batch_06_Wijk 20 Valkenboskwartier_2022-06-21.json,TheHague3D_batch_06_Wijk 20 Valkenboskwartier_2022-06-21.json:bag_0518100000335874,n_vertices,158
roof_normal_down,Source A,TheHague3D_batch_06_Wijk 20 Valkenboskwartier_2022-06-21.json,TheHague3D_batch_06_Wijk 20 Valkenboskwartier_2022-06-21.json:bag_0518100000207675,n_vertices,95
roof_normal_down,Source A,TheHague3D_batch_06_Wijk 20 Valkenboskwartier_2022-06-21.json,TheHague3D_batch_06_Wijk 20 Valkenboskwartier_2022-06-21.json:bag_0518100000213647,n_vertices,83
roof_normal_down,Source A,TheHague3D_batch_06_Wijk 20 Valkenboskwartier_2022-06-21.json,TheHague3D_batch_06_Wijk 20 Valkenboskwartier_2022-06-21.json:bag_0518100000317765,n_vertices,91
roof_normal_down,Source A,TheHague3D_batch_06_Wijk 20 Valkenboskwartier_2022-06-21.json,TheHague3D_batch_06_Wijk 20 Valkenboskwartier_2022-06-21.json:bag_0518100000231995,n_vertices,115
roof_normal_down,Source A,TheHague3D_batch_06_Wijk 20 Valkenboskwartier_2022-06-21.json,TheHague3D_batch_06_Wijk 20 Valkenboskwartier_2022-06-21.json:bag_0518100000282801,n_vertices,218
roof_normal_down,Source A,TheHague3D_batch_06_Wijk 20 Valkenboskwartier_2022-06-21.json,TheHague3D_batch_06_Wijk 20 Valkenboskwartier_2022-06-21.json:bag_0518100000277740,n_vertices,74
roof_normal_down,Source A,TheHague3D_batch_06_Wijk 21 Regentessekwartier_2022-06-21.json,TheHague3D_batch_06_Wijk 21 Regentessekwartier_2022-06-21.json:bag_0518100000218094,n_vertices,103
roof_normal_down,Source A,TheHague3D_batch_06_Wijk 21 Regentessekwartier_2022-06-21.json,TheHague3D_batch_06_Wijk 21 Regentessekwartier_2022-06-21.json:bag_0518100000342377,n_vertices,55
roof_normal_down,Source A,TheHague3D_batch_06_Wijk 21 Regentessekwartier_2022-06-21.json,TheHague3D_batch_06_Wijk 21 Regentessekwartier_2022-06-21.json:bag_0518100000242240,n_vertices,93
roof_normal_down,Source A,TheHague3D_batch_06_Wijk 21 Regentessekwartier_2022-06-21.json,TheHague3D_batch_06_Wijk 21 Regentessekwartier_2022-06-21.json:bag_0518100000285650,n_vertices,116
roof_normal_down,Source A,TheHague3D_batch_06_Wijk 21 Regentessekwartier_2022-06-21.json,TheHague3D_batch_06_Wijk 21 Regentessekwartier_2022-06-21.json:bag_0518100000296749,n_vertices,51
roof_normal_down,Source A,TheHague3D_batch_06_Wijk 21 Regentessekwartier_2022-06-21.json,TheHague3D_batch_06_Wijk 21 Regentessekwartier_2022-06-21.json:bag_0518100000239777,n_vertices,74
roof_normal_down,Source A,TheHague3D_batch_06_Wijk 21 Regentessekwartier_2022-06-21.json,TheHague3D_batch_06_Wijk 21 Regentessekwartier_2022-06-21.json:bag_0518100000334580,n_vertices,72
roof_normal_down,Source A,TheHague3D_batch_06_Wijk 21 Regentessekwartier_2022-06-21.json,TheHague3D_batch_06_Wijk 21 Regentessekwartier_2022-06-21.json:bag_0518100000297251,n_vertices,154
roof_normal_down,Source A,TheHague3D_batch_06_Wijk 21 Regentessekwartier_2022-06-21.json,TheHague3D_batch_06_Wijk 21 Regentessekwartier_2022-06-21.json:bag_0518100000275584,n_vertices,131
roof_normal_down,Source A,TheHague3D_batch_06_Wijk 25 Mariahoeve en Marlot_2022-06-21.json,TheHague3D_batch_06_Wijk 25 Mariahoeve en Marlot_2022-06-21.json:bag_0518100000339659,n_vertices,99
roof_normal_down,Source A,TheHague3D_batch_06_Wijk 25 Mariahoeve en Marlot_2022-06-21.json,TheHague3D_batch_06_Wijk 25 Mariahoeve en Marlot_2022-06-21.json:bag_0518100000204669,n_vertices,125
roof_normal_down,Source A,TheHague3D_batch_06_Wijk 25 Mariahoeve en Marlot_2022-06-21.json,TheHague3D_batch_06_Wijk 25 Mariahoeve en Marlot_2022-06-21.json:bag_0518100000300735,n_vertices,119
roof_normal_down,Source A,TheHague3D_batch_06_Wijk 25 Mariahoeve en Marlot_2022-06-21.json,TheHague3D_batch_06_Wijk 25 Mariahoeve en Marlot_2022-06-21.json:bag_0518100000279669,n_vertices,120
roof_normal_down,Source A,TheHague3D_batch_06_Wijk 25 Mariahoeve en Marlot_2022-06-21.json,TheHague3D_batch_06_Wijk 25 Mariahoeve en Marlot_2022-06-21.json:bag_0518100000287989,n_vertices,420
roof_normal_down,Source A,TheHague3D_batch_06_Wijk 25 Mariahoeve en Marlot_2022-06-21.json,TheHague3D_batch_06_Wijk 25 Mariahoeve en Marlot_2022-06-21.json:bag_0518100000322804,n_vertices,137
roof_normal_down,Source A,TheHague3D_batch_06_Wijk 25 Mariahoeve en Marlot_2022-06-21.json,TheHague3D_batch_06_Wijk 25 Mariahoeve en Marlot_2022-06-21.json:bag_0518100000234855,n_vertices,166
roof_normal_down,Source A,TheHague3D_batch_06_Wijk 25 Mariahoeve en Marlot_2022-06-21.json,TheHague3D_batch_06_Wijk 25 Mariahoeve en Marlot_2022-06-21.json:bag_0518100000232685,n_vertices,137
roof_normal_down,Source A,TheHague3D_batch_06_Wijk 25 Mariahoeve en Marlot_2022-06-21.json,TheHague3D_batch_06_Wijk 25 Mariahoeve en Marlot_2022-06-21.json:bag_0518100000289899,n_vertices,104
roof_normal_down,Source A,TheHague3D_batch_06_Wijk 25 Mariahoeve en Marlot_2022-06-21.json,TheHague3D_batch_06_Wijk 25 Mariahoeve en Marlot_2022-06-21.json:bag_0518100000273357,n_vertices,169
roof_normal_down,Source A,TheHague3D_batch_06_Wijk 25 Mariahoeve en Marlot_2022-06-21.json,TheHague3D_batch_06_Wijk 25 Mariahoeve en Marlot_2022-06-21.json:bag_0518100000249645,n_vertices,337
roof_normal_down,Source A,TheHague3D_batch_06_Wijk 25 Mariahoeve en Marlot_2022-06-21.json,TheHague3D_batch_06_Wijk 25 Mariahoeve en Marlot_2022-06-21.json:bag_0518100000206627,n_vertices,168
roof_normal_down,Source A,TheHague3D_batch_06_Wijk 25 Mariahoeve en Marlot_2022-06-21.json,TheHague3D_batch_06_Wijk 25 Mariahoeve en Marlot_2022-06-21.json:bag_0518100000249646,n_vertices,213
roof_normal_down,Source A,TheHague3D_batch_06_Wijk 25 Mariahoeve en Marlot_2022-06-21.json,TheHague3D_batch_06_Wijk 25 Mariahoeve en Marlot_2022-06-21.json:bag_0518100000221286,n_vertices,108
roof_normal_down,Source A,TheHague3D_batch_06_Wijk 25 Mariahoeve en Marlot_2022-06-21.json,TheHague3D_batch_06_Wijk 25 Mariahoeve en Marlot_2022-06-21.json:bag_0518100000211908,n_vertices,196
roof_normal_down,Source A,TheHague3D_batch_06_Wijk 25 Mariahoeve en Marlot_2022-06-21.json,TheHague3D_batch_06_Wijk 25 Mariahoeve en Marlot_2022-06-21.json:bag_0518100000338434,n_vertices,136
roof_normal_down,Source A,TheHague3D_batch_06_Wijk 25 Mariahoeve en Marlot_2022-06-21.json,TheHague3D_batch_06_Wijk 25 Mariahoeve en Marlot_2022-06-21.json:bag_0518100000218668,n_vertices,187
roof_normal_down,Source A,TheHague3D_batch_06_Wijk 25 Mariahoeve en Marlot_2022-06-21.json,TheHague3D_batch_06_Wijk 25 Mariahoeve en Marlot_2022-06-21.json:bag_0518100000320974,n_vertices,211
roof_normal_down,Source A,TheHague3D_batch_06_Wijk 31 Rustenburg en Oostbr_2022-06-21.json,TheHague3D_batch_06_Wijk 31 Rustenburg en Oostbr_2022-06-21.json:bag_0518100000269121,n_vertices,571
roof_normal_down,Source A,TheHague3D_batch_06_Wijk 31 Rustenburg en Oostbr_2022-06-21.json,TheHague3D_batch_06_Wijk 31 Rustenburg en Oostbr_2022-06-21.json:bag_0518100000300465,n_vertices,64
roof_normal_down,Source A,TheHague3D_Batch_07_Kraayenstein en de Uithof_2022-08-08.json,TheHague3D_Batch_07_Kraayenstein en de Uithof_2022-08-08.json:bag_0518100000328669,n_vertices,56
roof_normal_down,Source A,TheHague3D_Batch_07_Kraayenstein en de Uithof_2022-08-08.json,TheHague3D_Batch_07_Kraayenstein en de Uithof_2022-08-08.json:bag_0518100000302134,n_vertices,69
roof_normal_down,Source A,TheHague3D_Batch_07_Kraayenstein en de Uithof_2022-08-08.json,TheHague3D_Batch_07_Kraayenstein en de Uithof_2022-08-08.json:bag_0518100000218225,n_vertices,52
roof_normal_down,Source A,TheHague3D_Batch_07_Kraayenstein en de Uithof_2022-08-08.json,TheHague3D_Batch_07_Kraayenstein en de Uithof_2022-08-08.json:bag_0518100000248817,n_vertices,52
roof_normal_down,Source A,TheHague3D_Batch_07_Kraayenstein en de Uithof_2022-08-08.json,TheHague3D_Batch_07_Kraayenstein en de Uithof_2022-08-08.json:bag_0518100000279564,n_vertices,51
roof_normal_down,Source A,TheHague3D_Batch_07_Kraayenstein en de Uithof_2022-08-08.json,TheHague3D_Batch_07_Kraayenstein en de Uithof_2022-08-08.json:bag_0518100000347574,n_vertices,40
roof_normal_down,Source A,TheHague3D_Batch_07_Kraayenstein en de Uithof_2022-08-08.json,TheHague3D_Batch_07_Kraayenstein en de Uithof_2022-08-08.json:bag_0518100000211155,n_vertices,64
roof_normal_down,Source A,TheHague3D_Batch_07_Loosduinen_2022-08-08.json,TheHague3D_Batch_07_Loosduinen_2022-08-08.json:bag_0518100000223142,n_vertices,66
roof_normal_down,Source A,TheHague3D_Batch_07_Loosduinen_2022-08-08.json,TheHague3D_Batch_07_Loosduinen_2022-08-08.json:bag_0518100000320732,n_vertices,48
roof_normal_down,Source A,TheHague3D_Batch_07_Loosduinen_2022-08-08.json,TheHague3D_Batch_07_Loosduinen_2022-08-08.json:bag_0518100000336646,n_vertices,60
roof_normal_down,Source A,TheHague3D_Batch_07_Loosduinen_2022-08-08.json,TheHague3D_Batch_07_Loosduinen_2022-08-08.json:bag_0518100000237717,n_vertices,54
roof_normal_down,Source A,TheHague3D_Batch_07_Loosduinen_2022-08-08.json,TheHague3D_Batch_07_Loosduinen_2022-08-08.json:bag_0518100001752743,n_vertices,75
roof_normal_down,Source A,TheHague3D_Batch_07_Loosduinen_2022-08-08.json,TheHague3D_Batch_07_Loosduinen_2022-08-08.json:bag_0518100000319225,n_vertices,182
roof_normal_down,Source A,TheHague3D_Batch_07_Loosduinen_2022-08-08.json,TheHague3D_Batch_07_Loosduinen_2022-08-08.json:bag_0518100000308047,n_vertices,44
roof_normal_down,Source A,TheHague3D_Batch_07_Loosduinen_2022-08-08.json,TheHague3D_Batch_07_Loosduinen_2022-08-08.json:bag_0518100000226457,n_vertices,42
roof_normal_down,Source A,TheHague3D_Batch_07_Loosduinen_2022-08-08.json,TheHague3D_Batch_07_Loosduinen_2022-08-08.json:bag_0518100000317646,n_vertices,44
roof_normal_down,Source A,TheHague3D_Batch_07_Loosduinen_2022-08-08.json,TheHague3D_Batch_07_Loosduinen_2022-08-08.json:bag_0518100000297477,n_vertices,42
roof_normal_down,Source A,TheHague3D_Batch_07_Loosduinen_2022-08-08.json,TheHague3D_Batch_07_Loosduinen_2022-08-08.json:bag_0518100000303417,n_vertices,121
roof_normal_down,Source A,TheHague3D_Batch_07_Loosduinen_2022-08-08.json,TheHague3D_Batch_07_Loosduinen_2022-08-08.json:bag_0518100000287731,n_vertices,44
roof_normal_down,Source A,TheHague3D_Batch_07_Loosduinen_2022-08-08.json,TheHague3D_Batch_07_Loosduinen_2022-08-08.json:bag_0518100000224594,n_vertices,84
roof_normal_down,Source A,TheHague3D_Batch_07_Loosduinen_2022-08-08.json,TheHague3D_Batch_07_Loosduinen_2022-08-08.json:bag_0518100000286335,n_vertices,84
roof_normal_down,Source A,TheHague3D_Batch_07_Loosduinen_2022-08-08.json,TheHague3D_Batch_07_Loosduinen_2022-08-08.json:bag_0518100000302952,n_vertices,603
roof_normal_down,Source A,TheHague3D_Batch_07_Loosduinen_2022-08-08.json,TheHague3D_Batch_07_Loosduinen_2022-08-08.json:bag_0518100000277799,n_vertices,289
roof_normal_down,Source A,TheHague3D_Batch_07_Loosduinen_2022-08-08.json,TheHague3D_Batch_07_Loosduinen_2022-08-08.json:bag_0518100000346212,n_vertices,119
roof_normal_down,Source A,TheHague3D_Batch_07_Loosduinen_2022-08-08.json,TheHague3D_Batch_07_Loosduinen_2022-08-08.json:bag_0518100000218848,n_vertices,445
roof_normal_down,Source A,TheHague3D_Batch_07_Loosduinen_2022-08-08.json,TheHague3D_Batch_07_Loosduinen_2022-08-08.json:bag_0518100000250580,n_vertices,119
roof_normal_down,Source A,TheHague3D_Batch_07_Loosduinen_2022-08-08.json,TheHague3D_Batch_07_Loosduinen_2022-08-08.json:bag_0518100000336719,n_vertices,121
roof_normal_down,Source A,TheHague3D_Batch_07_Loosduinen_2022-08-08.json,TheHague3D_Batch_07_Loosduinen_2022-08-08.json:bag_0518100000239982,n_vertices,112
roof_normal_down,Source A,TheHague3D_Batch_07_Loosduinen_2022-08-08.json,TheHague3D_Batch_07_Loosduinen_2022-08-08.json:bag_0518100001669753,n_vertices,237
roof_normal_down,Source A,TheHague3D_Batch_07_Loosduinen_2022-08-08.json,TheHague3D_Batch_07_Loosduinen_2022-08-08.json:bag_0518100000341187,n_vertices,61
roof_normal_down,Source A,TheHague3D_Batch_07_Loosduinen_2022-08-08.json,TheHague3D_Batch_07_Loosduinen_2022-08-08.json:bag_0518100000224127,n_vertices,177
roof_normal_down,Source A,TheHague3D_Batch_07_Loosduinen_2022-08-08.json,TheHague3D_Batch_07_Loosduinen_2022-08-08.json:bag_0518100000219072,n_vertices,73
roof_normal_down,Source A,TheHague3D_Batch_07_Waldeck_2022-08-08.json,TheHague3D_Batch_07_Waldeck_2022-08-08.json:bag_0518100000224928,n_vertices,55
roof_normal_down,Source A,TheHague3D_Batch_07_Waldeck_2022-08-08.json,TheHague3D_Batch_07_Waldeck_2022-08-08.json:bag_0518100000325452,n_vertices,96
roof_normal_down,Source A,TheHague3D_Batch_07_Wateringse_Veld_2022-08-08.json,TheHague3D_Batch_07_Wateringse_Veld_2022-08-08.json:bag_0518100000217110,n_vertices,27
roof_normal_down,Source A,TheHague3D_Batch_07_Wateringse_Veld_2022-08-08.json,TheHague3D_Batch_07_Wateringse_Veld_2022-08-08.json:bag_0518100000228952,n_vertices,41
roof_normal_down,Source A,TheHague3D_Batch_07_Wateringse_Veld_2022-08-08.json,TheHague3D_Batch_07_Wateringse_Veld_2022-08-08.json:bag_0518100001625410,n_vertices,34
roof_normal_down,Source A,TheHague3D_Batch_07_Wateringse_Veld_2022-08-08.json,TheHague3D_Batch_07_Wateringse_Veld_2022-08-08.json:bag_0518100000235571,n_vertices,52
roof_normal_down,Source A,TheHague3D_Batch_07_Wateringse_Veld_2022-08-08.json,TheHague3D_Batch_07_Wateringse_Veld_2022-08-08.json:bag_0518100000327333,n_vertices,16
roof_normal_down,Source A,TheHague3D_Batch_07_Wateringse_Veld_2022-08-08.json,TheHague3D_Batch_07_Wateringse_Veld_2022-08-08.json:bag_0518100000354038,n_vertices,465
roof_normal_down,Source A,TheHague3D_Batch_08_Forepark_2022-08-08.json,TheHague3D_Batch_08_Forepark_2022-08-08.json:bag_0518100000215583,n_vertices,122
roof_normal_down,Source A,TheHague3D_Batch_08_Forepark_2022-08-08.json,TheHague3D_Batch_08_Forepark_2022-08-08.json:bag_0518100000277207,n_vertices,65
roof_normal_down,Source A,TheHague3D_Batch_08_Forepark_2022-08-08.json,TheHague3D_Batch_08_Forepark_2022-08-08.json:bag_0518100000205058,n_vertices,105
roof_normal_down,Source A,TheHague3D_Batch_08_Forepark_2022-08-08.json,TheHague3D_Batch_08_Forepark_2022-08-08.json:bag_0518100000213454,n_vertices,138
roof_normal_down,Source A,TheHague3D_Batch_08_Forepark_2022-08-08.json,TheHague3D_Batch_08_Forepark_2022-08-08.json:bag_0518100000268747,n_vertices,280
roof_normal_down,Source A,TheHague3D_Batch_08_Forepark_2022-08-08.json,TheHague3D_Batch_08_Forepark_2022-08-08.json:bag_0518100000214998,n_vertices,471
roof_normal_down,Source A,TheHague3D_Batch_08_Forepark_2022-08-08.json,TheHague3D_Batch_08_Forepark_2022-08-08.json:bag_0518100000238801,n_vertices,39
roof_normal_down,Source A,TheHague3D_Batch_08_Forepark_2022-08-08.json,TheHague3D_Batch_08_Forepark_2022-08-08.json:bag_0518100000299645,n_vertices,729
roof_normal_down,Source A,TheHague3D_Batch_08_Forepark_2022-08-08.json,TheHague3D_Batch_08_Forepark_2022-08-08.json:bag_0518100000301675,n_vertices,34
roof_normal_down,Source A,TheHague3D_Batch_08_Forepark_2022-08-08.json,TheHague3D_Batch_08_Forepark_2022-08-08.json:bag_0518100000243596,n_vertices,121
roof_normal_down,Source A,TheHague3D_Batch_08_Forepark_2022-08-08.json,TheHague3D_Batch_08_Forepark_2022-08-08.json:bag_0518100000235562,n_vertices,66
roof_normal_down,Source A,TheHague3D_Batch_08_Forepark_2022-08-08.json,TheHague3D_Batch_08_Forepark_2022-08-08.json:bag_0518100000320297,n_vertices,81
roof_normal_down,Source A,TheHague3D_Batch_08_Forepark_2022-08-08.json,TheHague3D_Batch_08_Forepark_2022-08-08.json:bag_0518100000338651,n_vertices,137
roof_normal_down,Source A,TheHague3D_Batch_08_Forepark_2022-08-08.json,TheHague3D_Batch_08_Forepark_2022-08-08.json:bag_0518100000345718,n_vertices,50
roof_normal_down,Source A,TheHague3D_Batch_08_Forepark_2022-08-08.json,TheHague3D_Batch_08_Forepark_2022-08-08.json:bag_0518100000340967,n_vertices,899
roof_normal_down,Source A,TheHague3D_Batch_08_Forepark_2022-08-08.json,TheHague3D_Batch_08_Forepark_2022-08-08.json:bag_0518100000280014,n_vertices,87
roof_normal_down,Source A,TheHague3D_Batch_08_Forepark_2022-08-08.json,TheHague3D_Batch_08_Forepark_2022-08-08.json:bag_0518100000236355,n_vertices,78
roof_normal_down,Source A,TheHague3D_Batch_08_Forepark_2022-08-08.json,TheHague3D_Batch_08_Forepark_2022-08-08.json:bag_0518100000274331,n_vertices,316
roof_normal_down,Source A,TheHague3D_Batch_08_Forepark_2022-08-08.json,TheHague3D_Batch_08_Forepark_2022-08-08.json:bag_0518100000229322,n_vertices,808
roof_normal_down,Source A,TheHague3D_Batch_08_Forepark_2022-08-08.json,TheHague3D_Batch_08_Forepark_2022-08-08.json:bag_0518100000273015,n_vertices,1369
roof_normal_down,Source A,TheHague3D_Batch_08_Forepark_2022-08-08.json,TheHague3D_Batch_08_Forepark_2022-08-08.json:bag_0518100000324168,n_vertices,152
roof_normal_down,Source A,TheHague3D_Batch_08_Hoornwijk_2022-08-08.json,TheHague3D_Batch_08_Hoornwijk_2022-08-08.json:bag_0518100000286120,n_vertices,74
roof_normal_down,Source A,TheHague3D_Batch_08_Hoornwijk_2022-08-08.json,TheHague3D_Batch_08_Hoornwijk_2022-08-08.json:bag_0518100000229825,n_vertices,33
roof_normal_down,Source A,TheHague3D_Batch_08_Hoornwijk_2022-08-08.json,TheHague3D_Batch_08_Hoornwijk_2022-08-08.json:bag_0518100000242859,n_vertices,68
roof_normal_down,Source A,TheHague3D_Batch_08_Hoornwijk_2022-08-08.json,TheHague3D_Batch_08_Hoornwijk_2022-08-08.json:bag_0518100000211362,n_vertices,153
roof_normal_down,Source A,TheHague3D_Batch_08_Hoornwijk_2022-08-08.json,TheHague3D_Batch_08_Hoornwijk_2022-08-08.json:bag_0518100000299091,n_vertices,325
roof_normal_down,Source A,TheHague3D_Batch_08_Leidschenveen_2022-08-08.json,TheHague3D_Batch_08_Leidschenveen_2022-08-08.json:bag_0518100000320070,n_vertices,33
roof_normal_down,Source A,TheHague3D_Batch_08_Leidschenveen_2022-08-08.json,TheHague3D_Batch_08_Leidschenveen_2022-08-08.json:bag_0518100000229441,n_vertices,57
roof_normal_down,Source A,TheHague3D_Batch_08_Leidschenveen_2022-08-08.json,TheHague3D_Batch_08_Leidschenveen_2022-08-08.json:bag_0518100000318819,n_vertices,32
roof_normal_down,Source A,TheHague3D_Batch_08_Leidschenveen_2022-08-08.json,TheHague3D_Batch_08_Leidschenveen_2022-08-08.json:bag_0518100000344722,n_vertices,32
roof_normal_down,Source A,TheHague3D_Batch_08_Leidschenveen_2022-08-08.json,TheHague3D_Batch_08_Leidschenveen_2022-08-08.json:bag_0518100001644836,n_vertices,202
roof_normal_down,Source A,TheHague3D_Batch_08_Leidschenveen_2022-08-08.json,TheHague3D_Batch_08_Leidschenveen_2022-08-08.json:bag_0518100000354990,n_vertices,112
roof_normal_down,Source A,TheHague3D_Batch_08_Leidschenveen_2022-08-08.json,TheHague3D_Batch_08_Leidschenveen_2022-08-08.json:bag_0518100000301217,n_vertices,30
roof_normal_down,Source A,TheHague3D_Batch_08_Ypenburg_2022-08-08.json,TheHague3D_Batch_08_Ypenburg_2022-08-08.json:bag_0518100000221205,n_vertices,41
roof_normal_down,Source A,TheHague3D_Batch_08_Ypenburg_2022-08-08.json,TheHague3D_Batch_08_Ypenburg_2022-08-08.json:bag_0518100000338219,n_vertices,71
roof_normal_down,Source A,TheHague3D_Batch_08_Ypenburg_2022-08-08.json,TheHague3D_Batch_08_Ypenburg_2022-08-08.json:bag_0518100000304980,n_vertices,52
roof_normal_down,Source A,TheHague3D_Batch_08_Ypenburg_2022-08-08.json,TheHague3D_Batch_08_Ypenburg_2022-08-08.json:bag_0518100000339506,n_vertices,77
roof_normal_down,Source A,TheHague3D_Batch_08_Ypenburg_2022-08-08.json,TheHague3D_Batch_08_Ypenburg_2022-08-08.json:bag_0518100000235878,n_vertices,44
roof_normal_down,Source A,TheHague3D_Batch_08_Ypenburg_2022-08-08.json,TheHague3D_Batch_08_Ypenburg_2022-08-08.json:bag_0518100000343423,n_vertices,53
roof_normal_down,Source A,TheHague3D_Batch_08_Ypenburg_2022-08-08.json,TheHague3D_Batch_08_Ypenburg_2022-08-08.json:bag_0518100000208335,n_vertices,56
roof_normal_down,Source A,TheHague3D_Batch_08_Ypenburg_2022-08-08.json,TheHague3D_Batch_08_Ypenburg_2022-08-08.json:bag_0518100000274665,n_vertices,50
roof_normal_down,Source A,TheHague3D_Batch_08_Ypenburg_2022-08-08.json,TheHague3D_Batch_08_Ypenburg_2022-08-08.json:bag_0518100000272739,n_vertices,31
roof_normal_down,Source A,TheHague3D_Batch_08_Ypenburg_2022-08-08.json,TheHague3D_Batch_08_Ypenburg_2022-08-08.json:bag_0518100000338024,n_vertices,62
roof_normal_down,Source A,TheHague3D_Batch_08_Ypenburg_2022-08-08.json,TheHague3D_Batch_08_Ypenburg_2022-08-08.json:bag_0518100000210981,n_vertices,191
roof_normal_down,Source A,TheHague3D_Batch_08_Ypenburg_2022-08-08.json,TheHague3D_Batch_08_Ypenburg_2022-08-08.json:bag_0518100000306417,n_vertices,42
roof_normal_down,Source A,TheHague3D_Batch_08_Ypenburg_2022-08-08.json,TheHague3D_Batch_08_Ypenburg_2022-08-08.json:bag_0518100000287177,n_vertices,31
roof_normal_down,Source A,TheHague3D_Batch_08_Ypenburg_2022-08-08.json,TheHague3D_Batch_08_Ypenburg_2022-08-08.json:bag_0518100000244138,n_vertices,45
roof_normal_down,Source A,TheHague3D_Batch_08_Ypenburg_2022-08-08.json,TheHague3D_Batch_08_Ypenburg_2022-08-08.json:bag_0518100000336151,n_vertices,56
roof_normal_down,Source A,TheHague3D_Batch_08_Ypenburg_2022-08-08.json,TheHague3D_Batch_08_Ypenburg_2022-08-08.json:bag_0518100000209255,n_vertices,45
roof_normal_down,Source A,TheHague3D_Batch_08_Ypenburg_2022-08-08.json,TheHague3D_Batch_08_Ypenburg_2022-08-08.json:bag_0518100000208241,n_vertices,57
roof_normal_down,Source A,TheHague3D_Batch_08_Ypenburg_2022-08-08.json,TheHague3D_Batch_08_Ypenburg_2022-08-08.json:bag_0518100000306112,n_vertices,52
roof_normal_down,Source A,TheHague3D_Batch_08_Ypenburg_2022-08-08.json,TheHague3D_Batch_08_Ypenburg_2022-08-08.json:bag_0518100000306444,n_vertices,37
roof_normal_down,Source A,TheHague3D_Batch_08_Ypenburg_2022-08-08.json,TheHague3D_Batch_08_Ypenburg_2022-08-08.json:bag_0518100000342982,n_vertices,51
roof_normal_down,Source A,TheHague3D_Batch_08_Ypenburg_2022-08-08.json,TheHague3D_Batch_08_Ypenburg_2022-08-08.json:bag_0518100000287305,n_vertices,57
roof_normal_down,Source A,TheHague3D_Batch_08_Ypenburg_2022-08-08.json,TheHague3D_Batch_08_Ypenburg_2022-08-08.json:bag_0518100000242603,n_vertices,43
roof_normal_down,Source A,TheHague3D_Batch_08_Ypenburg_2022-08-08.json,TheHague3D_Batch_08_Ypenburg_2022-08-08.json:bag_0518100000274312,n_vertices,50
roof_normal_down,Source A,TheHague3D_Batch_08_Ypenburg_2022-08-08.json,TheHague3D_Batch_08_Ypenburg_2022-08-08.json:bag_0518100000340716,n_vertices,57
roof_normal_down,Source A,TheHague3D_Batch_08_Ypenburg_2022-08-08.json,TheHague3D_Batch_08_Ypenburg_2022-08-08.json:bag_0518100000286539,n_vertices,52
roof_normal_down,Source A,TheHague3D_Batch_08_Ypenburg_2022-08-08.json,TheHague3D_Batch_08_Ypenburg_2022-08-08.json:bag_0518100000324707,n_vertices,45
roof_normal_down,Source A,TheHague3D_Batch_08_Ypenburg_2022-08-08.json,TheHague3D_Batch_08_Ypenburg_2022-08-08.json:bag_0518100000328168,n_vertices,59
wall_not_vertical,Source A,TheHague3D_batch_01a_part02_attributed_2021-06-29.json,TheHague3D_batch_01a_part02_attributed_2021-06-29.json:bag_0518100000222425,n_vertices,830
wall_not_vertical,Source A,TheHague3D_batch_01a_part02_attributed_2021-06-29.json,TheHague3D_batch_01a_part02_attributed_2021-06-29.json:bag_0518100000339845,n_vertices,46
wall_not_vertical,Source A,TheHague3D_batch_01a_part03_attributed_2021-06-29.json,TheHague3D_batch_01a_part03_attributed_2021-06-29.json:bag_0518100001754311,n_vertices,899
wall_not_vertical,Source A,TheHague3D_batch_02_wijk29_attributed_2021_08_19.json,TheHague3D_batch_02_wijk29_attributed_2021_08_19.json:bag_0518100000337089,n_vertices,61
wall_not_vertical,Source A,TheHague3D_batch_02_wijk29_attributed_2021_08_19.json,TheHague3D_batch_02_wijk29_attributed_2021_08_19.json:bag_0518100001756831,n_vertices,42
wall_not_vertical,Source A,TheHague3D_batch_02_wijk29_attributed_2021_08_19.json,TheHague3D_batch_02_wijk29_attributed_2021_08_19.json:bag_0518100000236747,n_vertices,31
wall_not_vertical,Source A,TheHague3D_batch_02_wijk29_attributed_2021_08_19.json,TheHague3D_batch_02_wijk29_attributed_2021_08_19.json:bag_0518100000230490,n_vertices,85
wall_not_vertical,Source A,TheHague3D_batch_02_wijk29_attributed_2021_08_19.json,TheHague3D_batch_02_wijk29_attributed_2021_08_19.json:bag_0518100001756838,n_vertices,45
wall_not_vertical,Source A,TheHague3D_batch_02_wijk29_attributed_2021_08_19.json,TheHague3D_batch_02_wijk29_attributed_2021_08_19.json:bag_0518100000218706,n_vertices,44
wall_not_vertical,Source A,TheHague3D_batch_02_wijk36_attributed_2021_08_19.json,TheHague3D_batch_02_wijk36_attributed_2021_08_19.json:bag_0518100000231117,n_vertices,37
wall_not_vertical,Source A,TheHague3D_batch_02_wijk36_attributed_2021_08_19.json,TheHague3D_batch_02_wijk36_attributed_2021_08_19.json:bag_0518100000284554,n_vertices,58
wall_not_vertical,Source A,TheHague3D_batch_03_Binckhorst_attributed_2022-03-01.json,TheHague3D_batch_03_Binckhorst_attributed_2022-03-01.json:bag_0518100001637399,n_vertices,1337
wall_not_vertical,Source A,TheHague3D_batch_04_Wijk 13 Vogelwijk_attributed_2022-03-28.json,TheHague3D_batch_04_Wijk 13 Vogelwijk_attributed_2022-03-28.json:bag_0518100000215781,n_vertices,68
wall_not_vertical,Source A,TheHague3D_batch_04_Wijk 2 BelgischPark_attributed_2022-03-28.json,TheHague3D_batch_04_Wijk 2 BelgischPark_attributed_2022-03-28.json:bag_0518100000217509,n_vertices,214
wall_not_vertical,Source A,TheHague3D_batch_04_Wijk 30 Transvaalkwartier_attributed_2022-03-28.json,TheHague3D_batch_04_Wijk 30 Transvaalkwartier_attributed_2022-03-28.json:bag_0518100000328791,n_vertices,61
wall_not_vertical,Source A,TheHague3D_batch_04_Wijk 30 Transvaalkwartier_attributed_2022-03-28.json,TheHague3D_batch_04_Wijk 30 Transvaalkwartier_attributed_2022-03-28.json:bag_0518100000227008,n_vertices,67
wall_not_vertical,Source A,TheHague3D_batch_04_Wijk 30 Transvaalkwartier_attributed_2022-03-28.json,TheHague3D_batch_04_Wijk 30 Transvaalkwartier_attributed_2022-03-28.json:bag_0518100000296481,n_vertices,347
wall_not_vertical,Source A,TheHague3D_batch_05_Wijk 11 Duinoord_2022-06-21.json,TheHague3D_batch_05_Wijk 11 Duinoord_2022-06-21.json:bag_0518100000307158,n_vertices,107
wall_not_vertical,Source A,TheHague3D_batch_05_Wijk 11 Duinoord_2022-06-21.json,TheHague3D_batch_05_Wijk 11 Duinoord_2022-06-21.json:bag_0518100000247031,n_vertices,70
wall_not_vertical,Source A,TheHague3D_batch_05_Wijk 11 Duinoord_2022-06-21.json,TheHague3D_batch_05_Wijk 11 Duinoord_2022-06-21.json:bag_0518100000241202,n_vertices,116
wall_not_vertical,Source A,TheHague3D_batch_05_Wijk 11 Duinoord_2022-06-21.json,TheHague3D_batch_05_Wijk 11 Duinoord_2022-06-21.json:bag_0518100000209777,n_vertices,68
wall_not_vertical,Source A,TheHague3D_batch_05_Wijk 11 Duinoord_2022-06-21.json,TheHague3D_batch_05_Wijk 11 Duinoord_2022-06-21.json:bag_0518100000225733,n_vertices,101
wall_not_vertical,Source A,TheHague3D_batch_05_Wijk 11 Duinoord_2022-06-21.json,TheHague3D_batch_05_Wijk 11 Duinoord_2022-06-21.json:bag_0518100000226591,n_vertices,110
wall_not_vertical,Source A,TheHague3D_batch_05_Wijk 22 Zeeheldenkwartier_2022-06-22.json,TheHague3D_batch_05_Wijk 22 Zeeheldenkwartier_2022-06-22.json:bag_0518100000342694,n_vertices,108
wall_not_vertical,Source A,TheHague3D_batch_05_Wijk 22 Zeeheldenkwartier_2022-06-22.json,TheHague3D_batch_05_Wijk 22 Zeeheldenkwartier_2022-06-22.json:bag_0518100000219114,n_vertices,220
wall_not_vertical,Source A,TheHague3D_batch_05_Wijk 22 Zeeheldenkwartier_2022-06-22.json,TheHague3D_batch_05_Wijk 22 Zeeheldenkwartier_2022-06-22.json:bag_0518100000322092,n_vertices,115
wall_not_vertical,Source A,TheHague3D_batch_05_Wijk 23 Willemspark_2022-06-21.json,TheHague3D_batch_05_Wijk 23 Willemspark_2022-06-21.json:bag_0518100000218230,n_vertices,93
wall_not_vertical,Source A,TheHague3D_batch_05_Wijk 23 Willemspark_2022-06-21.json,TheHague3D_batch_05_Wijk 23 Willemspark_2022-06-21.json:bag_0518100000228770,n_vertices,221
wall_not_vertical,Source A,TheHague3D_batch_05_Wijk 3 Westbroekpark en Dut_2022-06-21.json,TheHague3D_batch_05_Wijk 3 Westbroekpark en Dut_2022-06-21.json:bag_0518100000236193,n_vertices,37
wall_not_vertical,Source A,TheHague3D_batch_05_Wijk 3 Westbroekpark en Dut_2022-06-21.json,TheHague3D_batch_05_Wijk 3 Westbroekpark en Dut_2022-06-21.json:bag_0518100000272108,n_vertices,249
wall_not_vertical,Source A,TheHague3D_batch_05_Wijk 4 Benoordenhout_2022-06-21.json,TheHague3D_batch_05_Wijk 4 Benoordenhout_2022-06-21.json:bag_0518100000304797,n_vertices,105
wall_not_vertical,Source A,TheHague3D_batch_05_Wijk 4 Benoordenhout_2022-06-21.json,TheHague3D_batch_05_Wijk 4 Benoordenhout_2022-06-21.json:bag_0518100000223643,n_vertices,55
wall_not_vertical,Source A,TheHague3D_batch_05_Wijk 4 Benoordenhout_2022-06-21.json,TheHague3D_batch_05_Wijk 4 Benoordenhout_2022-06-21.json:bag_0518100000287642,n_vertices,97
wall_not_vertical,Source A,TheHague3D_batch_05_Wijk 4 Benoordenhout_2022-06-21.json,TheHague3D_batch_05_Wijk 4 Benoordenhout_2022-06-21.json:bag_0518100000353759,n_vertices,116
wall_not_vertical,Source A,TheHague3D_batch_05_Wijk 4 Benoordenhout_2022-06-21.json,TheHague3D_batch_05_Wijk 4 Benoordenhout_2022-06-21.json:bag_0518100000219215,n_vertices,113
wall_not_vertical,Source A,TheHague3D_batch_05_Wijk 4 Benoordenhout_2022-06-21.json,TheHague3D_batch_05_Wijk 4 Benoordenhout_2022-06-21.json:bag_0518100000204444,n_vertices,179
wall_not_vertical,Source A,TheHague3D_batch_05_Wijk 4 Benoordenhout_2022-06-21.json,TheHague3D_batch_05_Wijk 4 Benoordenhout_2022-06-21.json:bag_0518100000279163,n_vertices,131
wall_not_vertical,Source A,TheHague3D_batch_05_Wijk 4 Benoordenhout_2022-06-21.json,TheHague3D_batch_05_Wijk 4 Benoordenhout_2022-06-21.json:bag_0518100000302294,n_vertices,95
wall_not_vertical,Source A,TheHague3D_batch_05_Wijk 4 Benoordenhout_2022-06-21.json,TheHague3D_batch_05_Wijk 4 Benoordenhout_2022-06-21.json:bag_0518100000295680,n_vertices,116
wall_not_vertical,Source A,TheHague3D_batch_05_Wijk 4 Benoordenhout_2022-06-21.json,TheHague3D_batch_05_Wijk 4 Benoordenhout_2022-06-21.json:bag_0518100000344960,n_vertices,131
wall_not_vertical,Source A,TheHague3D_batch_05_Wijk 4 Benoordenhout_2022-06-21.json,TheHague3D_batch_05_Wijk 4 Benoordenhout_2022-06-21.json:bag_0518100000314908,n_vertices,152
wall_not_vertical,Source A,TheHague3D_batch_05_Wijk 4 Benoordenhout_2022-06-21.json,TheHague3D_batch_05_Wijk 4 Benoordenhout_2022-06-21.json:bag_0518100000285747,n_vertices,198
wall_not_vertical,Source A,TheHague3D_batch_05_Wijk 4 Benoordenhout_2022-06-21.json,TheHague3D_batch_05_Wijk 4 Benoordenhout_2022-06-21.json:bag_0518100000256726,n_vertices,34
wall_not_vertical,Source A,TheHague3D_batch_05_Wijk 5 Archipelbuurt_2022-06-21.json,TheHague3D_batch_05_Wijk 5 Archipelbuurt_2022-06-21.json:bag_0518100000343395,n_vertices,79
wall_not_vertical,Source A,TheHague3D_batch_05_Wijk 5 Archipelbuurt_2022-06-21.json,TheHague3D_batch_05_Wijk 5 Archipelbuurt_2022-06-21.json:bag_0518100000210659,n_vertices,280
wall_not_vertical,Source A,TheHague3D_batch_05_Wijk 5 Archipelbuurt_2022-06-21.json,TheHague3D_batch_05_Wijk 5 Archipelbuurt_2022-06-21.json:bag_0518100000229987,n_vertices,79
wall_not_vertical,Source A,TheHague3D_batch_05_Wijk 5 Archipelbuurt_2022-06-21.json,TheHague3D_batch_05_Wijk 5 Archipelbuurt_2022-06-21.json:bag_0518100000220010,n_vertices,238
wall_not_vertical,Source A,TheHague3D_batch_05_Wijk 6 Van Stolkpark en Sch_2022-06-21.json,TheHague3D_batch_05_Wijk 6 Van Stolkpark en Sch_2022-06-21.json:bag_0518100000317683,n_vertices,105
wall_not_vertical,Source A,TheHague3D_batch_05_Wijk 9 Geuzen- en Statenkwa_2022-06-21.json,TheHague3D_batch_05_Wijk 9 Geuzen- en Statenkwa_2022-06-21.json:bag_0518100000300910,n_vertices,81
wall_not_vertical,Source A,TheHague3D_batch_05_Wijk 9 Geuzen- en Statenkwa_2022-06-21.json,TheHague3D_batch_05_Wijk 9 Geuzen- en Statenkwa_2022-06-21.json:bag_0518100000298268,n_vertices,121
wall_not_vertical,Source A,TheHague3D_batch_05_Wijk 9 Geuzen- en Statenkwa_2022-06-21.json,TheHague3D_batch_05_Wijk 9 Geuzen- en Statenkwa_2022-06-21.json:bag_0518100000286638,n_vertices,177
wall_not_vertical,Source A,TheHague3D_batch_05_Wijk 9 Geuzen- en Statenkwa_2022-06-21.json,TheHague3D_batch_05_Wijk 9 Geuzen- en Statenkwa_2022-06-21.json:bag_0518100000211329,n_vertices,104
wall_not_vertical,Source A,TheHague3D_batch_05_Wijk 9 Geuzen- en Statenkwa_2022-06-21.json,TheHague3D_batch_05_Wijk 9 Geuzen- en Statenkwa_2022-06-21.json:bag_0518100000232167,n_vertices,144
wall_not_vertical,Source A,TheHague3D_batch_05_Wijk 9 Geuzen- en Statenkwa_2022-06-21.json,TheHague3D_batch_05_Wijk 9 Geuzen- en Statenkwa_2022-06-21.json:bag_0518100000205763,n_vertices,61
wall_not_vertical,Source A,TheHague3D_batch_05_Wijk 9 Geuzen- en Statenkwa_2022-06-21.json,TheHague3D_batch_05_Wijk 9 Geuzen- en Statenkwa_2022-06-21.json:bag_0518100000204682,n_vertices,96
wall_not_vertical,Source A,TheHague3D_batch_05_Wijk 9 Geuzen- en Statenkwa_2022-06-21.json,TheHague3D_batch_05_Wijk 9 Geuzen- en Statenkwa_2022-06-21.json:bag_0518100000232992,n_vertices,59
wall_not_vertical,Source A,TheHague3D_batch_05_Wijk 9 Geuzen- en Statenkwa_2022-06-21.json,TheHague3D_batch_05_Wijk 9 Geuzen- en Statenkwa_2022-06-21.json:bag_0518100000301224,n_vertices,267
wall_not_vertical,Source A,TheHague3D_batch_05_Wijk 9 Geuzen- en Statenkwa_2022-06-21.json,TheHague3D_batch_05_Wijk 9 Geuzen- en Statenkwa_2022-06-21.json:bag_0518100000221135,n_vertices,170
wall_not_vertical,Source A,TheHague3D_batch_05_Wijk 9 Geuzen- en Statenkwa_2022-06-21.json,TheHague3D_batch_05_Wijk 9 Geuzen- en Statenkwa_2022-06-21.json:bag_0518100000204189,n_vertices,125
wall_not_vertical,Source A,TheHague3D_batch_05_Wijk 9 Geuzen- en Statenkwa_2022-06-21.json,TheHague3D_batch_05_Wijk 9 Geuzen- en Statenkwa_2022-06-21.json:bag_0518100000269127,n_vertices,134
wall_not_vertical,Source A,TheHague3D_batch_05_Wijk 9 Geuzen- en Statenkwa_2022-06-21.json,TheHague3D_batch_05_Wijk 9 Geuzen- en Statenkwa_2022-06-21.json:bag_0518100000303338,n_vertices,139
wall_not_vertical,Source A,TheHague3D_batch_05_Wijk 9 Geuzen- en Statenkwa_2022-06-21.json,TheHague3D_batch_05_Wijk 9 Geuzen- en Statenkwa_2022-06-21.json:bag_0518100000220289,n_vertices,81
wall_not_vertical,Source A,TheHague3D_batch_05_Wijk 9 Geuzen- en Statenkwa_2022-06-21.json,TheHague3D_batch_05_Wijk 9 Geuzen- en Statenkwa_2022-06-21.json:bag_0518100000298446,n_vertices,93
wall_not_vertical,Source A,TheHague3D_batch_05_Wijk 9 Geuzen- en Statenkwa_2022-06-21.json,TheHague3D_batch_05_Wijk 9 Geuzen- en Statenkwa_2022-06-21.json:bag_0518100000274737,n_vertices,112
wall_not_vertical,Source A,TheHague3D_batch_05_Wijk 9 Geuzen- en Statenkwa_2022-06-21.json,TheHague3D_batch_05_Wijk 9 Geuzen- en Statenkwa_2022-06-21.json:bag_0518100000345558,n_vertices,71
wall_not_vertical,Source A,TheHague3D_batch_05_Wijk 9 Geuzen- en Statenkwa_2022-06-21.json,TheHague3D_batch_05_Wijk 9 Geuzen- en Statenkwa_2022-06-21.json:bag_0518100000204191,n_vertices,83
wall_not_vertical,Source A,TheHague3D_batch_05_Wijk 9 Geuzen- en Statenkwa_2022-06-21.json,TheHague3D_batch_05_Wijk 9 Geuzen- en Statenkwa_2022-06-21.json:bag_0518100000210584,n_vertices,120
wall_not_vertical,Source A,TheHague3D_batch_05_Wijk 9 Geuzen- en Statenkwa_2022-06-21.json,TheHague3D_batch_05_Wijk 9 Geuzen- en Statenkwa_2022-06-21.json:bag_0518100000271948,n_vertices,174
wall_not_vertical,Source A,TheHague3D_batch_05_Wijk 9 Geuzen- en Statenkwa_2022-06-21.json,TheHague3D_batch_05_Wijk 9 Geuzen- en Statenkwa_2022-06-21.json:bag_0518100000229682,n_vertices,143
wall_not_vertical,Source A,TheHague3D_batch_05_Wijk 9 Geuzen- en Statenkwa_2022-06-21.json,TheHague3D_batch_05_Wijk 9 Geuzen- en Statenkwa_2022-06-21.json:bag_0518100000210234,n_vertices,178
wall_not_vertical,Source A,TheHague3D_batch_05_Wijk 9 Geuzen- en Statenkwa_2022-06-21.json,TheHague3D_batch_05_Wijk 9 Geuzen- en Statenkwa_2022-06-21.json:bag_0518100000288584,n_vertices,96
wall_not_vertical,Source A,TheHague3D_batch_05_Wijk 9 Geuzen- en Statenkwa_2022-06-21.json,TheHague3D_batch_05_Wijk 9 Geuzen- en Statenkwa_2022-06-21.json:bag_0518100000225487,n_vertices,166
wall_not_vertical,Source A,TheHague3D_batch_05_Wijk 9 Geuzen- en Statenkwa_2022-06-21.json,TheHague3D_batch_05_Wijk 9 Geuzen- en Statenkwa_2022-06-21.json:bag_0518100000268360,n_vertices,96
wall_not_vertical,Source A,TheHague3D_batch_05_Wijk 9 Geuzen- en Statenkwa_2022-06-21.json,TheHague3D_batch_05_Wijk 9 Geuzen- en Statenkwa_2022-06-21.json:bag_0518100000341341,n_vertices,132
wall_not_vertical,Source A,TheHague3D_batch_05_Wijk 9 Geuzen- en Statenkwa_2022-06-21.json,TheHague3D_batch_05_Wijk 9 Geuzen- en Statenkwa_2022-06-21.json:bag_0518100000354486,n_vertices,104
wall_not_vertical,Source A,TheHague3D_batch_05_Wijk 9 Geuzen- en Statenkwa_2022-06-21.json,TheHague3D_batch_05_Wijk 9 Geuzen- en Statenkwa_2022-06-21.json:bag_0518100000227662,n_vertices,72
wall_not_vertical,Source A,TheHague3D_batch_06_Wijk 12 Bomen- en Bloemenbuu_2022-06-21.json,TheHague3D_batch_06_Wijk 12 Bomen- en Bloemenbuu_2022-06-21.json:bag_0518100000235488,n_vertices,74
wall_not_vertical,Source A,TheHague3D_batch_06_Wijk 12 Bomen- en Bloemenbuu_2022-06-21.json,TheHague3D_batch_06_Wijk 12 Bomen- en Bloemenbuu_2022-06-21.json:bag_0518100000296245,n_vertices,63
wall_not_vertical,Source A,TheHague3D_batch_06_Wijk 19 Vruchtenbuurt_2022-07-06.json,TheHague3D_batch_06_Wijk 19 Vruchtenbuurt_2022-07-06.json:bag_0518100000353376,n_vertices,57
wall_not_vertical,Source A,TheHague3D_batch_06_Wijk 19 Vruchtenbuurt_2022-07-06.json,TheHague3D_batch_06_Wijk 19 Vruchtenbuurt_2022-07-06.json:bag_0518100000286578,n_vertices,99
wall_not_vertical,Source A,TheHague3D_batch_06_Wijk 19 Vruchtenbuurt_2022-07-06.json,TheHague3D_batch_06_Wijk 19 Vruchtenbuurt_2022-07-06.json:bag_0518100000340015,n_vertices,82
wall_not_vertical,Source A,TheHague3D_batch_06_Wijk 19 Vruchtenbuurt_2022-07-06.json,TheHague3D_batch_06_Wijk 19 Vruchtenbuurt_2022-07-06.json:bag_0518100000325100,n_vertices,94
wall_not_vertical,Source A,TheHague3D_batch_06_Wijk 19 Vruchtenbuurt_2022-07-06.json,TheHague3D_batch_06_Wijk 19 Vruchtenbuurt_2022-07-06.json:bag_0518100000280610,n_vertices,59
wall_not_vertical,Source A,TheHague3D_batch_06_Wijk 19 Vruchtenbuurt_2022-07-06.json,TheHague3D_batch_06_Wijk 19 Vruchtenbuurt_2022-07-06.json:bag_0518100000235972,n_vertices,77
wall_not_vertical,Source A,TheHague3D_batch_06_Wijk 19 Vruchtenbuurt_2022-07-06.json,TheHague3D_batch_06_Wijk 19 Vruchtenbuurt_2022-07-06.json:bag_0518100000336951,n_vertices,66
wall_not_vertical,Source A,TheHague3D_batch_06_Wijk 19 Vruchtenbuurt_2022-07-06.json,TheHague3D_batch_06_Wijk 19 Vruchtenbuurt_2022-07-06.json:bag_0518100000304110,n_vertices,94
wall_not_vertical,Source A,TheHague3D_batch_06_Wijk 19 Vruchtenbuurt_2022-07-06.json,TheHague3D_batch_06_Wijk 19 Vruchtenbuurt_2022-07-06.json:bag_0518100000218333,n_vertices,109
wall_not_vertical,Source A,TheHague3D_batch_06_Wijk 19 Vruchtenbuurt_2022-07-06.json,TheHague3D_batch_06_Wijk 19 Vruchtenbuurt_2022-07-06.json:bag_0518100000244488,n_vertices,75
wall_not_vertical,Source A,TheHague3D_batch_06_Wijk 19 Vruchtenbuurt_2022-07-06.json,TheHague3D_batch_06_Wijk 19 Vruchtenbuurt_2022-07-06.json:bag_0518100000288491,n_vertices,90
wall_not_vertical,Source A,TheHague3D_batch_06_Wijk 19 Vruchtenbuurt_2022-07-06.json,TheHague3D_batch_06_Wijk 19 Vruchtenbuurt_2022-07-06.json:bag_0518100000334154,n_vertices,113
wall_not_vertical,Source A,TheHague3D_batch_06_Wijk 19 Vruchtenbuurt_2022-07-06.json,TheHague3D_batch_06_Wijk 19 Vruchtenbuurt_2022-07-06.json:bag_0518100000335503,n_vertices,100
wall_not_vertical,Source A,TheHague3D_batch_06_Wijk 19 Vruchtenbuurt_2022-07-06.json,TheHague3D_batch_06_Wijk 19 Vruchtenbuurt_2022-07-06.json:bag_0518100000335746,n_vertices,34
wall_not_vertical,Source A,TheHague3D_batch_06_Wijk 19 Vruchtenbuurt_2022-07-06.json,TheHague3D_batch_06_Wijk 19 Vruchtenbuurt_2022-07-06.json:bag_0518100000321681,n_vertices,80
wall_not_vertical,Source A,TheHague3D_batch_06_Wijk 19 Vruchtenbuurt_2022-07-06.json,TheHague3D_batch_06_Wijk 19 Vruchtenbuurt_2022-07-06.json:bag_0518100000269772,n_vertices,98
wall_not_vertical,Source A,TheHague3D_batch_06_Wijk 19 Vruchtenbuurt_2022-07-06.json,TheHague3D_batch_06_Wijk 19 Vruchtenbuurt_2022-07-06.json:bag_0518100000268101,n_vertices,149
wall_not_vertical,Source A,TheHague3D_batch_06_Wijk 19 Vruchtenbuurt_2022-07-06.json,TheHague3D_batch_06_Wijk 19 Vruchtenbuurt_2022-07-06.json:bag_0518100000300157,n_vertices,79
wall_not_vertical,Source A,TheHague3D_batch_06_Wijk 19 Vruchtenbuurt_2022-07-06.json,TheHague3D_batch_06_Wijk 19 Vruchtenbuurt_2022-07-06.json:bag_0518100000286354,n_vertices,64
wall_not_vertical,Source A,TheHague3D_batch_06_Wijk 19 Vruchtenbuurt_2022-07-06.json,TheHague3D_batch_06_Wijk 19 Vruchtenbuurt_2022-07-06.json:bag_0518100000345986,n_vertices,43
wall_not_vertical,Source A,TheHague3D_batch_06_Wijk 19 Vruchtenbuurt_2022-07-06.json,TheHague3D_batch_06_Wijk 19 Vruchtenbuurt_2022-07-06.json:bag_0518100000324292,n_vertices,116
wall_not_vertical,Source A,TheHague3D_batch_06_Wijk 20 Valkenboskwartier_2022-06-21.json,TheHague3D_batch_06_Wijk 20 Valkenboskwartier_2022-06-21.json:bag_0518100000322460,n_vertices,67
wall_not_vertical,Source A,TheHague3D_batch_06_Wijk 20 Valkenboskwartier_2022-06-21.json,TheHague3D_batch_06_Wijk 20 Valkenboskwartier_2022-06-21.json:bag_0518100000286459,n_vertices,78
wall_not_vertical,Source A,TheHague3D_batch_06_Wijk 20 Valkenboskwartier_2022-06-21.json,TheHague3D_batch_06_Wijk 20 Valkenboskwartier_2022-06-21.json:bag_0518100000242665,n_vertices,60
wall_not_vertical,Source A,TheHague3D_batch_06_Wijk 20 Valkenboskwartier_2022-06-21.json,TheHague3D_batch_06_Wijk 20 Valkenboskwartier_2022-06-21.json:bag_0518100000228337,n_vertices,82
wall_not_vertical,Source A,TheHague3D_batch_06_Wijk 20 Valkenboskwartier_2022-06-21.json,TheHague3D_batch_06_Wijk 20 Valkenboskwartier_2022-06-21.json:bag_0518100000301551,n_vertices,231
wall_not_vertical,Source A,TheHague3D_batch_06_Wijk 21 Regentessekwartier_2022-06-21.json,TheHague3D_batch_06_Wijk 21 Regentessekwartier_2022-06-21.json:bag_0518100000325493,n_vertices,60
wall_not_vertical,Source A,TheHague3D_batch_06_Wijk 21 Regentessekwartier_2022-06-21.json,TheHague3D_batch_06_Wijk 21 Regentessekwartier_2022-06-21.json:bag_0518100000220263,n_vertices,87
wall_not_vertical,Source A,TheHague3D_batch_06_Wijk 21 Regentessekwartier_2022-06-21.json,TheHague3D_batch_06_Wijk 21 Regentessekwartier_2022-06-21.json:bag_0518100000268605,n_vertices,128
wall_not_vertical,Source A,TheHague3D_batch_06_Wijk 21 Regentessekwartier_2022-06-21.json,TheHague3D_batch_06_Wijk 21 Regentessekwartier_2022-06-21.json:bag_0518100000216055,n_vertices,87
wall_not_vertical,Source A,TheHague3D_batch_06_Wijk 21 Regentessekwartier_2022-06-21.json,TheHague3D_batch_06_Wijk 21 Regentessekwartier_2022-06-21.json:bag_0518100001640296,n_vertices,43
wall_not_vertical,Source A,TheHague3D_batch_06_Wijk 21 Regentessekwartier_2022-06-21.json,TheHague3D_batch_06_Wijk 21 Regentessekwartier_2022-06-21.json:bag_0518100000229075,n_vertices,82
wall_not_vertical,Source A,TheHague3D_batch_06_Wijk 21 Regentessekwartier_2022-06-21.json,TheHague3D_batch_06_Wijk 21 Regentessekwartier_2022-06-21.json:bag_0518100000218825,n_vertices,122
wall_not_vertical,Source A,TheHague3D_batch_06_Wijk 21 Regentessekwartier_2022-06-21.json,TheHague3D_batch_06_Wijk 21 Regentessekwartier_2022-06-21.json:bag_0518100000203194,n_vertices,99
wall_not_vertical,Source A,TheHague3D_batch_06_Wijk 21 Regentessekwartier_2022-06-21.json,TheHague3D_batch_06_Wijk 21 Regentessekwartier_2022-06-21.json:bag_0518100000214549,n_vertices,101
wall_not_vertical,Source A,TheHague3D_batch_06_Wijk 21 Regentessekwartier_2022-06-21.json,TheHague3D_batch_06_Wijk 21 Regentessekwartier_2022-06-21.json:bag_0518100000354318,n_vertices,77
wall_not_vertical,Source A,TheHague3D_batch_06_Wijk 21 Regentessekwartier_2022-06-21.json,TheHague3D_batch_06_Wijk 21 Regentessekwartier_2022-06-21.json:bag_0518100000218171,n_vertices,132
wall_not_vertical,Source A,TheHague3D_batch_06_Wijk 21 Regentessekwartier_2022-06-21.json,TheHague3D_batch_06_Wijk 21 Regentessekwartier_2022-06-21.json:bag_0518100000270525,n_vertices,118
wall_not_vertical,Source A,TheHague3D_batch_06_Wijk 21 Regentessekwartier_2022-06-21.json,TheHague3D_batch_06_Wijk 21 Regentessekwartier_2022-06-21.json:bag_0518100000346037,n_vertices,70
wall_not_vertical,Source A,TheHague3D_batch_06_Wijk 21 Regentessekwartier_2022-06-21.json,TheHague3D_batch_06_Wijk 21 Regentessekwartier_2022-06-21.json:bag_0518100000344195,n_vertices,130
wall_not_vertical,Source A,TheHague3D_batch_06_Wijk 21 Regentessekwartier_2022-06-21.json,TheHague3D_batch_06_Wijk 21 Regentessekwartier_2022-06-21.json:bag_0518100000274435,n_vertices,83
wall_not_vertical,Source A,TheHague3D_batch_06_Wijk 21 Regentessekwartier_2022-06-21.json,TheHague3D_batch_06_Wijk 21 Regentessekwartier_2022-06-21.json:bag_0518100000209004,n_vertices,59
wall_not_vertical,Source A,TheHague3D_batch_06_Wijk 21 Regentessekwartier_2022-06-21.json,TheHague3D_batch_06_Wijk 21 Regentessekwartier_2022-06-21.json:bag_0518100000303835,n_vertices,52
wall_not_vertical,Source A,TheHague3D_batch_06_Wijk 21 Regentessekwartier_2022-06-21.json,TheHague3D_batch_06_Wijk 21 Regentessekwartier_2022-06-21.json:bag_0518100000232114,n_vertices,134
wall_not_vertical,Source A,TheHague3D_batch_06_Wijk 21 Regentessekwartier_2022-06-21.json,TheHague3D_batch_06_Wijk 21 Regentessekwartier_2022-06-21.json:bag_0518100000224407,n_vertices,91
wall_not_vertical,Source A,TheHague3D_batch_06_Wijk 21 Regentessekwartier_2022-06-21.json,TheHague3D_batch_06_Wijk 21 Regentessekwartier_2022-06-21.json:bag_0518100000276636,n_vertices,85
wall_not_vertical,Source A,TheHague3D_batch_06_Wijk 21 Regentessekwartier_2022-06-21.json,TheHague3D_batch_06_Wijk 21 Regentessekwartier_2022-06-21.json:bag_0518100000281130,n_vertices,43
wall_not_vertical,Source A,TheHague3D_batch_06_Wijk 21 Regentessekwartier_2022-06-21.json,TheHague3D_batch_06_Wijk 21 Regentessekwartier_2022-06-21.json:bag_0518100000344919,n_vertices,56
wall_not_vertical,Source A,TheHague3D_batch_06_Wijk 21 Regentessekwartier_2022-06-21.json,TheHague3D_batch_06_Wijk 21 Regentessekwartier_2022-06-21.json:bag_0518100000323938,n_vertices,87
wall_not_vertical,Source A,TheHague3D_batch_06_Wijk 21 Regentessekwartier_2022-06-21.json,TheHague3D_batch_06_Wijk 21 Regentessekwartier_2022-06-21.json:bag_0518100000315296,n_vertices,115
wall_not_vertical,Source A,TheHague3D_batch_06_Wijk 21 Regentessekwartier_2022-06-21.json,TheHague3D_batch_06_Wijk 21 Regentessekwartier_2022-06-21.json:bag_0518100000303933,n_vertices,67
wall_not_vertical,Source A,TheHague3D_batch_06_Wijk 21 Regentessekwartier_2022-06-21.json,TheHague3D_batch_06_Wijk 21 Regentessekwartier_2022-06-21.json:bag_0518100000275273,n_vertices,147
wall_not_vertical,Source A,TheHague3D_batch_06_Wijk 21 Regentessekwartier_2022-06-21.json,TheHague3D_batch_06_Wijk 21 Regentessekwartier_2022-06-21.json:bag_0518100000327789,n_vertices,101
wall_not_vertical,Source A,TheHague3D_batch_06_Wijk 21 Regentessekwartier_2022-06-21.json,TheHague3D_batch_06_Wijk 21 Regentessekwartier_2022-06-21.json:bag_0518100000235933,n_vertices,58
wall_not_vertical,Source A,TheHague3D_batch_06_Wijk 25 Mariahoeve en Marlot_2022-06-21.json,TheHague3D_batch_06_Wijk 25 Mariahoeve en Marlot_2022-06-21.json:bag_0518100000299504,n_vertices,79
wall_not_vertical,Source A,TheHague3D_batch_06_Wijk 25 Mariahoeve en Marlot_2022-06-21.json,TheHague3D_batch_06_Wijk 25 Mariahoeve en Marlot_2022-06-21.json:bag_0518100000301320,n_vertices,134
wall_not_vertical,Source A,TheHague3D_batch_06_Wijk 25 Mariahoeve en Marlot_2022-06-21.json,TheHague3D_batch_06_Wijk 25 Mariahoeve en Marlot_2022-06-21.json:bag_0518100000249645,n_vertices,337
wall_not_vertical,Source A,TheHague3D_batch_06_Wijk 25 Mariahoeve en Marlot_2022-06-21.json,TheHague3D_batch_06_Wijk 25 Mariahoeve en Marlot_2022-06-21.json:bag_0518100000336595,n_vertices,166
wall_not_vertical,Source A,TheHague3D_batch_06_Wijk 25 Mariahoeve en Marlot_2022-06-21.json,TheHague3D_batch_06_Wijk 25 Mariahoeve en Marlot_2022-06-21.json:bag_0518100000225139,n_vertices,67
wall_not_vertical,Source A,TheHague3D_batch_06_Wijk 25 Mariahoeve en Marlot_2022-06-21.json,TheHague3D_batch_06_Wijk 25 Mariahoeve en Marlot_2022-06-21.json:bag_0518100000275963,n_vertices,390
wall_not_vertical,Source A,TheHague3D_batch_06_Wijk 25 Mariahoeve en Marlot_2022-06-21.json,TheHague3D_batch_06_Wijk 25 Mariahoeve en Marlot_2022-06-21.json:bag_0518100000239324,n_vertices,194
wall_not_vertical,Source A,TheHague3D_batch_06_Wijk 31 Rustenburg en Oostbr_2022-06-21.json,TheHague3D_batch_06_Wijk 31 Rustenburg en Oostbr_2022-06-21.json:bag_0518100000232663,n_vertices,68
wall_not_vertical,Source A,TheHague3D_batch_06_Wijk 31 Rustenburg en Oostbr_2022-06-21.json,TheHague3D_batch_06_Wijk 31 Rustenburg en Oostbr_2022-06-21.json:bag_0518100000303014,n_vertices,45
wall_not_vertical,Source A,TheHague3D_batch_06_Wijk 31 Rustenburg en Oostbr_2022-06-21.json,TheHague3D_batch_06_Wijk 31 Rustenburg en Oostbr_2022-06-21.json:bag_0518100000238166,n_vertices,79
wall_not_vertical,Source A,TheHague3D_batch_06_Wijk 31 Rustenburg en Oostbr_2022-06-21.json,TheHague3D_batch_06_Wijk 31 Rustenburg en Oostbr_2022-06-21.json:bag_0518100000283956,n_vertices,73
wall_not_vertical,Source A,TheHague3D_batch_06_Wijk 31 Rustenburg en Oostbr_2022-06-21.json,TheHague3D_batch_06_Wijk 31 Rustenburg en Oostbr_2022-06-21.json:bag_0518100000277924,n_vertices,65
wall_not_vertical,Source A,TheHague3D_batch_06_Wijk 32 Leyenburg_2022-06-21.json,TheHague3D_batch_06_Wijk 32 Leyenburg_2022-06-21.json:bag_0518100000348624,n_vertices,36
wall_not_vertical,Source A,TheHague3D_batch_06_Wijk 32 Leyenburg_2022-06-21.json,TheHague3D_batch_06_Wijk 32 Leyenburg_2022-06-21.json:bag_0518100001760208,n_vertices,19
wall_not_vertical,Source A,TheHague3D_batch_06_Wijk 32 Leyenburg_2022-06-21.json,TheHague3D_batch_06_Wijk 32 Leyenburg_2022-06-21.json:bag_0518100000238130,n_vertices,39
wall_not_vertical,Source A,TheHague3D_batch_06_Wijk 32 Leyenburg_2022-06-21.json,TheHague3D_batch_06_Wijk 32 Leyenburg_2022-06-21.json:bag_0518100000320706,n_vertices,32
wall_not_vertical,Source A,TheHague3D_Batch_07_Kraayenstein en de Uithof_2022-08-08.json,TheHague3D_Batch_07_Kraayenstein en de Uithof_2022-08-08.json:bag_0518100000341514,n_vertices,144
wall_not_vertical,Source A,TheHague3D_Batch_07_Waldeck_2022-08-08.json,TheHague3D_Batch_07_Waldeck_2022-08-08.json:bag_0518100000341889,n_vertices,52
wall_not_vertical,Source A,TheHague3D_Batch_07_Wateringse_Veld_2022-08-08.json,TheHague3D_Batch_07_Wateringse_Veld_2022-08-08.json:bag_0518100001634980,n_vertices,53
wall_not_vertical,Source A,TheHague3D_Batch_07_Wateringse_Veld_2022-08-08.json,TheHague3D_Batch_07_Wateringse_Veld_2022-08-08.json:bag_0518100000276267,n_vertices,94
wall_not_vertical,Source A,TheHague3D_Batch_07_Wateringse_Veld_2022-08-08.json,TheHague3D_Batch_07_Wateringse_Veld_2022-08-08.json:bag_0518100001625410,n_vertices,34
wall_not_vertical,Source A,TheHague3D_Batch_07_Wateringse_Veld_2022-08-08.json,TheHague3D_Batch_07_Wateringse_Veld_2022-08-08.json:bag_0518100000299866,n_vertices,114
wall_not_vertical,Source A,TheHague3D_Batch_07_Wateringse_Veld_2022-08-08.json,TheHague3D_Batch_07_Wateringse_Veld_2022-08-08.json:bag_0518100001630130,n_vertices,53
wall_not_vertical,Source A,TheHague3D_Batch_07_Wateringse_Veld_2022-08-08.json,TheHague3D_Batch_07_Wateringse_Veld_2022-08-08.json:bag_0518100000241812,n_vertices,92
wall_not_vertical,Source A,TheHague3D_Batch_07_Wateringse_Veld_2022-08-08.json,TheHague3D_Batch_07_Wateringse_Veld_2022-08-08.json:bag_0518100000343464,n_vertices,48
wall_not_vertical,Source A,TheHague3D_Batch_07_Wateringse_Veld_2022-08-08.json,TheHague3D_Batch_07_Wateringse_Veld_2022-08-08.json:bag_0518100001662919,n_vertices,47
wall_not_vertical,Source A,TheHague3D_Batch_08_Leidschenveen_2022-08-08.json,TheHague3D_Batch_08_Leidschenveen_2022-08-08.json:bag_0518100000306167,n_vertices,58
wall_not_vertical,Source A,TheHague3D_Batch_08_Leidschenveen_2022-08-08.json,TheHague3D_Batch_08_Leidschenveen_2022-08-08.json:bag_0518100000287448,n_vertices,43
wall_not_vertical,Source A,TheHague3D_Batch_08_Ypenburg_2022-08-08.json,TheHague3D_Batch_08_Ypenburg_2022-08-08.json:bag_0518100000303343,n_vertices,72
wall_not_vertical,Source A,TheHague3D_Batch_08_Ypenburg_2022-08-08.json,TheHague3D_Batch_08_Ypenburg_2022-08-08.json:bag_0518100000211363,n_vertices,18
wall_not_vertical,Source A,TheHague3D_Batch_08_Ypenburg_2022-08-08.json,TheHague3D_Batch_08_Ypenburg_2022-08-08.json:bag_0518100000222057,n_vertices,68
wall_not_vertical,Source A,TheHague3D_Batch_08_Ypenburg_2022-08-08.json,TheHague3D_Batch_08_Ypenburg_2022-08-08.json:bag_0518100000247438,n_vertices,31
wall_not_vertical,Source A,TheHague3D_Batch_08_Ypenburg_2022-08-08.json,TheHague3D_Batch_08_Ypenburg_2022-08-08.json:bag_0518100000216407,n_vertices,38
wall_not_vertical,Source A,TheHague3D_Batch_08_Ypenburg_2022-08-08.json,TheHague3D_Batch_08_Ypenburg_2022-08-08.json:bag_0518100000274312,n_vertices,50
wall_not_vertical,Source A,TheHague3D_Batch_08_Ypenburg_2022-08-08.json,TheHague3D_Batch_08_Ypenburg_2022-08-08.json:bag_0518100000207831,n_vertices,59
